date,nav,scheme_code,scheme_name,fund_house
01-06-2026,103.09480,120503,Axis ELSS Tax Saver Fund - Direct Plan - Growth Option,Axis Mutual Fund
31-05-2026,104.30830,120503,Axis ELSS Tax Saver Fund - Direct Plan - Growth Option,Axis Mutual Fund
29-05-2026,104.31290,120503,Axis ELSS Tax Saver Fund - Direct Plan - Growth Option,Axis Mutual Fund
27-05-2026,105.92960,120503,Axis ELSS Tax Saver Fund - Direct Plan - Growth Option,Axis Mutual Fund
26-05-2026,105.51150,120503,Axis ELSS Tax Saver Fund - Direct Plan - Growth Option,Axis Mutual Fund
25-05-2026,105.92170,120503,Axis ELSS Tax Saver Fund - Direct Plan - Growth Option,Axis Mutual Fund
22-05-2026,104.77080,120503,Axis ELSS Tax Saver Fund - Direct Plan - Growth Option,Axis Mutual Fund
21-05-2026,104.49150,120503,Axis ELSS Tax Saver Fund - Direct Plan - Growth Option,Axis Mutual Fund
20-05-2026,104.60460,120503,Axis ELSS Tax Saver Fund - Direct Plan - Growth Option,Axis Mutual Fund
19-05-2026,104.27670,120503,Axis ELSS Tax Saver Fund - Direct Plan - Growth Option,Axis Mutual Fund
18-05-2026,104.15560,120503,Axis ELSS Tax Saver Fund - Direct Plan - Growth Option,Axis Mutual Fund
15-05-2026,104.29180,120503,Axis ELSS Tax Saver Fund - Direct Plan - Growth Option,Axis Mutual Fund
14-05-2026,104.55310,120503,Axis ELSS Tax Saver Fund - Direct Plan - Growth Option,Axis Mutual Fund
13-05-2026,103.39600,120503,Axis ELSS Tax Saver Fund - Direct Plan - Growth Option,Axis Mutual Fund
12-05-2026,103.33840,120503,Axis ELSS Tax Saver Fund - Direct Plan - Growth Option,Axis Mutual Fund
11-05-2026,105.60660,120503,Axis ELSS Tax Saver Fund - Direct Plan - Growth Option,Axis Mutual Fund
08-05-2026,107.15000,120503,Axis ELSS Tax Saver Fund - Direct Plan - Growth Option,Axis Mutual Fund
07-05-2026,107.67290,120503,Axis ELSS Tax Saver Fund - Direct Plan - Growth Option,Axis Mutual Fund
06-05-2026,107.33540,120503,Axis ELSS Tax Saver Fund - Direct Plan - Growth Option,Axis Mutual Fund
05-05-2026,105.83870,120503,Axis ELSS Tax Saver Fund - Direct Plan - Growth Option,Axis Mutual Fund
04-05-2026,105.74490,120503,Axis ELSS Tax Saver Fund - Direct Plan - Growth Option,Axis Mutual Fund
30-04-2026,105.28450,120503,Axis ELSS Tax Saver Fund - Direct Plan - Growth Option,Axis Mutual Fund
29-04-2026,106.06980,120503,Axis ELSS Tax Saver Fund - Direct Plan - Growth Option,Axis Mutual Fund
28-04-2026,105.62120,120503,Axis ELSS Tax Saver Fund - Direct Plan - Growth Option,Axis Mutual Fund
27-04-2026,106.05280,120503,Axis ELSS Tax Saver Fund - Direct Plan - Growth Option,Axis Mutual Fund
24-04-2026,105.09280,120503,Axis ELSS Tax Saver Fund - Direct Plan - Growth Option,Axis Mutual Fund
23-04-2026,106.13010,120503,Axis ELSS Tax Saver Fund - Direct Plan - Growth Option,Axis Mutual Fund
22-04-2026,106.82990,120503,Axis ELSS Tax Saver Fund - Direct Plan - Growth Option,Axis Mutual Fund
21-04-2026,107.24340,120503,Axis ELSS Tax Saver Fund - Direct Plan - Growth Option,Axis Mutual Fund
20-04-2026,106.20630,120503,Axis ELSS Tax Saver Fund - Direct Plan - Growth Option,Axis Mutual Fund
17-04-2026,105.98260,120503,Axis ELSS Tax Saver Fund - Direct Plan - Growth Option,Axis Mutual Fund
16-04-2026,105.11700,120503,Axis ELSS Tax Saver Fund - Direct Plan - Growth Option,Axis Mutual Fund
15-04-2026,104.92590,120503,Axis ELSS Tax Saver Fund - Direct Plan - Growth Option,Axis Mutual Fund
13-04-2026,103.23030,120503,Axis ELSS Tax Saver Fund - Direct Plan - Growth Option,Axis Mutual Fund
10-04-2026,104.13480,120503,Axis ELSS Tax Saver Fund - Direct Plan - Growth Option,Axis Mutual Fund
09-04-2026,102.54940,120503,Axis ELSS Tax Saver Fund - Direct Plan - Growth Option,Axis Mutual Fund
08-04-2026,103.28330,120503,Axis ELSS Tax Saver Fund - Direct Plan - Growth Option,Axis Mutual Fund
07-04-2026,99.38760,120503,Axis ELSS Tax Saver Fund - Direct Plan - Growth Option,Axis Mutual Fund
06-04-2026,98.80140,120503,Axis ELSS Tax Saver Fund - Direct Plan - Growth Option,Axis Mutual Fund
02-04-2026,97.52000,120503,Axis ELSS Tax Saver Fund - Direct Plan - Growth Option,Axis Mutual Fund
01-04-2026,97.71840,120503,Axis ELSS Tax Saver Fund - Direct Plan - Growth Option,Axis Mutual Fund
31-03-2026,96.27530,120503,Axis ELSS Tax Saver Fund - Direct Plan - Growth Option,Axis Mutual Fund
30-03-2026,96.27680,120503,Axis ELSS Tax Saver Fund - Direct Plan - Growth Option,Axis Mutual Fund
27-03-2026,98.67390,120503,Axis ELSS Tax Saver Fund - Direct Plan - Growth Option,Axis Mutual Fund
25-03-2026,100.73190,120503,Axis ELSS Tax Saver Fund - Direct Plan - Growth Option,Axis Mutual Fund
24-03-2026,98.65970,120503,Axis ELSS Tax Saver Fund - Direct Plan - Growth Option,Axis Mutual Fund
23-03-2026,96.71300,120503,Axis ELSS Tax Saver Fund - Direct Plan - Growth Option,Axis Mutual Fund
20-03-2026,99.61420,120503,Axis ELSS Tax Saver Fund - Direct Plan - Growth Option,Axis Mutual Fund
19-03-2026,99.15970,120503,Axis ELSS Tax Saver Fund - Direct Plan - Growth Option,Axis Mutual Fund
18-03-2026,102.45920,120503,Axis ELSS Tax Saver Fund - Direct Plan - Growth Option,Axis Mutual Fund
17-03-2026,101.24960,120503,Axis ELSS Tax Saver Fund - Direct Plan - Growth Option,Axis Mutual Fund
16-03-2026,100.39600,120503,Axis ELSS Tax Saver Fund - Direct Plan - Growth Option,Axis Mutual Fund
13-03-2026,99.71110,120503,Axis ELSS Tax Saver Fund - Direct Plan - Growth Option,Axis Mutual Fund
12-03-2026,101.97180,120503,Axis ELSS Tax Saver Fund - Direct Plan - Growth Option,Axis Mutual Fund
11-03-2026,102.97760,120503,Axis ELSS Tax Saver Fund - Direct Plan - Growth Option,Axis Mutual Fund
10-03-2026,104.75930,120503,Axis ELSS Tax Saver Fund - Direct Plan - Growth Option,Axis Mutual Fund
09-03-2026,103.38820,120503,Axis ELSS Tax Saver Fund - Direct Plan - Growth Option,Axis Mutual Fund
06-03-2026,105.40500,120503,Axis ELSS Tax Saver Fund - Direct Plan - Growth Option,Axis Mutual Fund
05-03-2026,106.72970,120503,Axis ELSS Tax Saver Fund - Direct Plan - Growth Option,Axis Mutual Fund
04-03-2026,105.49280,120503,Axis ELSS Tax Saver Fund - Direct Plan - Growth Option,Axis Mutual Fund
02-03-2026,107.52310,120503,Axis ELSS Tax Saver Fund - Direct Plan - Growth Option,Axis Mutual Fund
28-02-2026,108.93250,120503,Axis ELSS Tax Saver Fund - Direct Plan - Growth Option,Axis Mutual Fund
27-02-2026,108.93450,120503,Axis ELSS Tax Saver Fund - Direct Plan - Growth Option,Axis Mutual Fund
26-02-2026,110.29450,120503,Axis ELSS Tax Saver Fund - Direct Plan - Growth Option,Axis Mutual Fund
25-02-2026,109.92930,120503,Axis ELSS Tax Saver Fund - Direct Plan - Growth Option,Axis Mutual Fund
24-02-2026,109.36810,120503,Axis ELSS Tax Saver Fund - Direct Plan - Growth Option,Axis Mutual Fund
23-02-2026,110.29100,120503,Axis ELSS Tax Saver Fund - Direct Plan - Growth Option,Axis Mutual Fund
20-02-2026,109.52730,120503,Axis ELSS Tax Saver Fund - Direct Plan - Growth Option,Axis Mutual Fund
19-02-2026,109.00910,120503,Axis ELSS Tax Saver Fund - Direct Plan - Growth Option,Axis Mutual Fund
18-02-2026,110.63030,120503,Axis ELSS Tax Saver Fund - Direct Plan - Growth Option,Axis Mutual Fund
17-02-2026,110.08060,120503,Axis ELSS Tax Saver Fund - Direct Plan - Growth Option,Axis Mutual Fund
16-02-2026,109.84440,120503,Axis ELSS Tax Saver Fund - Direct Plan - Growth Option,Axis Mutual Fund
13-02-2026,109.34090,120503,Axis ELSS Tax Saver Fund - Direct Plan - Growth Option,Axis Mutual Fund
12-02-2026,110.53650,120503,Axis ELSS Tax Saver Fund - Direct Plan - Growth Option,Axis Mutual Fund
11-02-2026,110.83920,120503,Axis ELSS Tax Saver Fund - Direct Plan - Growth Option,Axis Mutual Fund
10-02-2026,110.65190,120503,Axis ELSS Tax Saver Fund - Direct Plan - Growth Option,Axis Mutual Fund
09-02-2026,110.38450,120503,Axis ELSS Tax Saver Fund - Direct Plan - Growth Option,Axis Mutual Fund
06-02-2026,109.17560,120503,Axis ELSS Tax Saver Fund - Direct Plan - Growth Option,Axis Mutual Fund
05-02-2026,109.01370,120503,Axis ELSS Tax Saver Fund - Direct Plan - Growth Option,Axis Mutual Fund
04-02-2026,109.28800,120503,Axis ELSS Tax Saver Fund - Direct Plan - Growth Option,Axis Mutual Fund
03-02-2026,109.09550,120503,Axis ELSS Tax Saver Fund - Direct Plan - Growth Option,Axis Mutual Fund
02-02-2026,106.15960,120503,Axis ELSS Tax Saver Fund - Direct Plan - Growth Option,Axis Mutual Fund
31-01-2026,107.18970,120503,Axis ELSS Tax Saver Fund - Direct Plan - Growth Option,Axis Mutual Fund
30-01-2026,107.19180,120503,Axis ELSS Tax Saver Fund - Direct Plan - Growth Option,Axis Mutual Fund
29-01-2026,107.17590,120503,Axis ELSS Tax Saver Fund - Direct Plan - Growth Option,Axis Mutual Fund
28-01-2026,107.02960,120503,Axis ELSS Tax Saver Fund - Direct Plan - Growth Option,Axis Mutual Fund
27-01-2026,105.94500,120503,Axis ELSS Tax Saver Fund - Direct Plan - Growth Option,Axis Mutual Fund
23-01-2026,105.71710,120503,Axis ELSS Tax Saver Fund - Direct Plan - Growth Option,Axis Mutual Fund
22-01-2026,106.87140,120503,Axis ELSS Tax Saver Fund - Direct Plan - Growth Option,Axis Mutual Fund
21-01-2026,106.07310,120503,Axis ELSS Tax Saver Fund - Direct Plan - Growth Option,Axis Mutual Fund
20-01-2026,106.50560,120503,Axis ELSS Tax Saver Fund - Direct Plan - Growth Option,Axis Mutual Fund
19-01-2026,108.36170,120503,Axis ELSS Tax Saver Fund - Direct Plan - Growth Option,Axis Mutual Fund
16-01-2026,108.64460,120503,Axis ELSS Tax Saver Fund - Direct Plan - Growth Option,Axis Mutual Fund
14-01-2026,108.50480,120503,Axis ELSS Tax Saver Fund - Direct Plan - Growth Option,Axis Mutual Fund
13-01-2026,108.84250,120503,Axis ELSS Tax Saver Fund - Direct Plan - Growth Option,Axis Mutual Fund
12-01-2026,108.89310,120503,Axis ELSS Tax Saver Fund - Direct Plan - Growth Option,Axis Mutual Fund
09-01-2026,108.84980,120503,Axis ELSS Tax Saver Fund - Direct Plan - Growth Option,Axis Mutual Fund
08-01-2026,110.05730,120503,Axis ELSS Tax Saver Fund - Direct Plan - Growth Option,Axis Mutual Fund
07-01-2026,111.31060,120503,Axis ELSS Tax Saver Fund - Direct Plan - Growth Option,Axis Mutual Fund
06-01-2026,111.24920,120503,Axis ELSS Tax Saver Fund - Direct Plan - Growth Option,Axis Mutual Fund
05-01-2026,111.18020,120503,Axis ELSS Tax Saver Fund - Direct Plan - Growth Option,Axis Mutual Fund
02-01-2026,111.53570,120503,Axis ELSS Tax Saver Fund - Direct Plan - Growth Option,Axis Mutual Fund
01-01-2026,110.55160,120503,Axis ELSS Tax Saver Fund - Direct Plan - Growth Option,Axis Mutual Fund
31-12-2025,110.24190,120503,Axis ELSS Tax Saver Fund - Direct Plan - Growth Option,Axis Mutual Fund
30-12-2025,109.55060,120503,Axis ELSS Tax Saver Fund - Direct Plan - Growth Option,Axis Mutual Fund
29-12-2025,109.82110,120503,Axis ELSS Tax Saver Fund - Direct Plan - Growth Option,Axis Mutual Fund
26-12-2025,110.26660,120503,Axis ELSS Tax Saver Fund - Direct Plan - Growth Option,Axis Mutual Fund
24-12-2025,110.64850,120503,Axis ELSS Tax Saver Fund - Direct Plan - Growth Option,Axis Mutual Fund
23-12-2025,110.85200,120503,Axis ELSS Tax Saver Fund - Direct Plan - Growth Option,Axis Mutual Fund
22-12-2025,110.78620,120503,Axis ELSS Tax Saver Fund - Direct Plan - Growth Option,Axis Mutual Fund
19-12-2025,110.15340,120503,Axis ELSS Tax Saver Fund - Direct Plan - Growth Option,Axis Mutual Fund
18-12-2025,109.25320,120503,Axis ELSS Tax Saver Fund - Direct Plan - Growth Option,Axis Mutual Fund
17-12-2025,109.30910,120503,Axis ELSS Tax Saver Fund - Direct Plan - Growth Option,Axis Mutual Fund
16-12-2025,109.73920,120503,Axis ELSS Tax Saver Fund - Direct Plan - Growth Option,Axis Mutual Fund
15-12-2025,110.35820,120503,Axis ELSS Tax Saver Fund - Direct Plan - Growth Option,Axis Mutual Fund
12-12-2025,110.51900,120503,Axis ELSS Tax Saver Fund - Direct Plan - Growth Option,Axis Mutual Fund
11-12-2025,109.77620,120503,Axis ELSS Tax Saver Fund - Direct Plan - Growth Option,Axis Mutual Fund
10-12-2025,109.08860,120503,Axis ELSS Tax Saver Fund - Direct Plan - Growth Option,Axis Mutual Fund
09-12-2025,109.70350,120503,Axis ELSS Tax Saver Fund - Direct Plan - Growth Option,Axis Mutual Fund
08-12-2025,109.61410,120503,Axis ELSS Tax Saver Fund - Direct Plan - Growth Option,Axis Mutual Fund
05-12-2025,111.14870,120503,Axis ELSS Tax Saver Fund - Direct Plan - Growth Option,Axis Mutual Fund
04-12-2025,110.84860,120503,Axis ELSS Tax Saver Fund - Direct Plan - Growth Option,Axis Mutual Fund
03-12-2025,110.78130,120503,Axis ELSS Tax Saver Fund - Direct Plan - Growth Option,Axis Mutual Fund
02-12-2025,111.26770,120503,Axis ELSS Tax Saver Fund - Direct Plan - Growth Option,Axis Mutual Fund
01-12-2025,111.63650,120503,Axis ELSS Tax Saver Fund - Direct Plan - Growth Option,Axis Mutual Fund
30-11-2025,111.83110,120503,Axis ELSS Tax Saver Fund - Direct Plan - Growth Option,Axis Mutual Fund
28-11-2025,111.83570,120503,Axis ELSS Tax Saver Fund - Direct Plan - Growth Option,Axis Mutual Fund
27-11-2025,111.81150,120503,Axis ELSS Tax Saver Fund - Direct Plan - Growth Option,Axis Mutual Fund
26-11-2025,111.83550,120503,Axis ELSS Tax Saver Fund - Direct Plan - Growth Option,Axis Mutual Fund
25-11-2025,110.56080,120503,Axis ELSS Tax Saver Fund - Direct Plan - Growth Option,Axis Mutual Fund
24-11-2025,110.66100,120503,Axis ELSS Tax Saver Fund - Direct Plan - Growth Option,Axis Mutual Fund
21-11-2025,111.19180,120503,Axis ELSS Tax Saver Fund - Direct Plan - Growth Option,Axis Mutual Fund
20-11-2025,112.07950,120503,Axis ELSS Tax Saver Fund - Direct Plan - Growth Option,Axis Mutual Fund
19-11-2025,111.70180,120503,Axis ELSS Tax Saver Fund - Direct Plan - Growth Option,Axis Mutual Fund
18-11-2025,111.17690,120503,Axis ELSS Tax Saver Fund - Direct Plan - Growth Option,Axis Mutual Fund
17-11-2025,111.79330,120503,Axis ELSS Tax Saver Fund - Direct Plan - Growth Option,Axis Mutual Fund
14-11-2025,111.20340,120503,Axis ELSS Tax Saver Fund - Direct Plan - Growth Option,Axis Mutual Fund
13-11-2025,111.42260,120503,Axis ELSS Tax Saver Fund - Direct Plan - Growth Option,Axis Mutual Fund
12-11-2025,111.57880,120503,Axis ELSS Tax Saver Fund - Direct Plan - Growth Option,Axis Mutual Fund
11-11-2025,111.16220,120503,Axis ELSS Tax Saver Fund - Direct Plan - Growth Option,Axis Mutual Fund
10-11-2025,110.97760,120503,Axis ELSS Tax Saver Fund - Direct Plan - Growth Option,Axis Mutual Fund
07-11-2025,110.44310,120503,Axis ELSS Tax Saver Fund - Direct Plan - Growth Option,Axis Mutual Fund
06-11-2025,110.44090,120503,Axis ELSS Tax Saver Fund - Direct Plan - Growth Option,Axis Mutual Fund
04-11-2025,111.40460,120503,Axis ELSS Tax Saver Fund - Direct Plan - Growth Option,Axis Mutual Fund
03-11-2025,111.79920,120503,Axis ELSS Tax Saver Fund - Direct Plan - Growth Option,Axis Mutual Fund
31-10-2025,111.09480,120503,Axis ELSS Tax Saver Fund - Direct Plan - Growth Option,Axis Mutual Fund
30-10-2025,111.86990,120503,Axis ELSS Tax Saver Fund - Direct Plan - Growth Option,Axis Mutual Fund
29-10-2025,112.40680,120503,Axis ELSS Tax Saver Fund - Direct Plan - Growth Option,Axis Mutual Fund
28-10-2025,111.90310,120503,Axis ELSS Tax Saver Fund - Direct Plan - Growth Option,Axis Mutual Fund
27-10-2025,112.27050,120503,Axis ELSS Tax Saver Fund - Direct Plan - Growth Option,Axis Mutual Fund
24-10-2025,111.65490,120503,Axis ELSS Tax Saver Fund - Direct Plan - Growth Option,Axis Mutual Fund
23-10-2025,111.85870,120503,Axis ELSS Tax Saver Fund - Direct Plan - Growth Option,Axis Mutual Fund
20-10-2025,111.90250,120503,Axis ELSS Tax Saver Fund - Direct Plan - Growth Option,Axis Mutual Fund
17-10-2025,111.74890,120503,Axis ELSS Tax Saver Fund - Direct Plan - Growth Option,Axis Mutual Fund
16-10-2025,111.53990,120503,Axis ELSS Tax Saver Fund - Direct Plan - Growth Option,Axis Mutual Fund
15-10-2025,110.73650,120503,Axis ELSS Tax Saver Fund - Direct Plan - Growth Option,Axis Mutual Fund
14-10-2025,109.66340,120503,Axis ELSS Tax Saver Fund - Direct Plan - Growth Option,Axis Mutual Fund
13-10-2025,109.95520,120503,Axis ELSS Tax Saver Fund - Direct Plan - Growth Option,Axis Mutual Fund
10-10-2025,109.95900,120503,Axis ELSS Tax Saver Fund - Direct Plan - Growth Option,Axis Mutual Fund
09-10-2025,109.58820,120503,Axis ELSS Tax Saver Fund - Direct Plan - Growth Option,Axis Mutual Fund
08-10-2025,109.06500,120503,Axis ELSS Tax Saver Fund - Direct Plan - Growth Option,Axis Mutual Fund
07-10-2025,109.32010,120503,Axis ELSS Tax Saver Fund - Direct Plan - Growth Option,Axis Mutual Fund
06-10-2025,108.93260,120503,Axis ELSS Tax Saver Fund - Direct Plan - Growth Option,Axis Mutual Fund
03-10-2025,108.13860,120503,Axis ELSS Tax Saver Fund - Direct Plan - Growth Option,Axis Mutual Fund
01-10-2025,107.82390,120503,Axis ELSS Tax Saver Fund - Direct Plan - Growth Option,Axis Mutual Fund
30-09-2025,107.31340,120503,Axis ELSS Tax Saver Fund - Direct Plan - Growth Option,Axis Mutual Fund
26-09-2025,107.22460,120503,Axis ELSS Tax Saver Fund - Direct Plan - Growth Option,Axis Mutual Fund
25-09-2025,108.91910,120503,Axis ELSS Tax Saver Fund - Direct Plan - Growth Option,Axis Mutual Fund
24-09-2025,109.76080,120503,Axis ELSS Tax Saver Fund - Direct Plan - Growth Option,Axis Mutual Fund
23-09-2025,110.34010,120503,Axis ELSS Tax Saver Fund - Direct Plan - Growth Option,Axis Mutual Fund
22-09-2025,110.71820,120503,Axis ELSS Tax Saver Fund - Direct Plan - Growth Option,Axis Mutual Fund
19-09-2025,111.23100,120503,Axis ELSS Tax Saver Fund - Direct Plan - Growth Option,Axis Mutual Fund
18-09-2025,111.53350,120503,Axis ELSS Tax Saver Fund - Direct Plan - Growth Option,Axis Mutual Fund
17-09-2025,111.23230,120503,Axis ELSS Tax Saver Fund - Direct Plan - Growth Option,Axis Mutual Fund
16-09-2025,110.80080,120503,Axis ELSS Tax Saver Fund - Direct Plan - Growth Option,Axis Mutual Fund
15-09-2025,110.15220,120503,Axis ELSS Tax Saver Fund - Direct Plan - Growth Option,Axis Mutual Fund
12-09-2025,110.08140,120503,Axis ELSS Tax Saver Fund - Direct Plan - Growth Option,Axis Mutual Fund
11-09-2025,109.74090,120503,Axis ELSS Tax Saver Fund - Direct Plan - Growth Option,Axis Mutual Fund
10-09-2025,109.72090,120503,Axis ELSS Tax Saver Fund - Direct Plan - Growth Option,Axis Mutual Fund
09-09-2025,109.20620,120503,Axis ELSS Tax Saver Fund - Direct Plan - Growth Option,Axis Mutual Fund
08-09-2025,108.96570,120503,Axis ELSS Tax Saver Fund - Direct Plan - Growth Option,Axis Mutual Fund
05-09-2025,108.75830,120503,Axis ELSS Tax Saver Fund - Direct Plan - Growth Option,Axis Mutual Fund
04-09-2025,108.92650,120503,Axis ELSS Tax Saver Fund - Direct Plan - Growth Option,Axis Mutual Fund
03-09-2025,108.76660,120503,Axis ELSS Tax Saver Fund - Direct Plan - Growth Option,Axis Mutual Fund
02-09-2025,108.20470,120503,Axis ELSS Tax Saver Fund - Direct Plan - Growth Option,Axis Mutual Fund
01-09-2025,108.34620,120503,Axis ELSS Tax Saver Fund - Direct Plan - Growth Option,Axis Mutual Fund
31-08-2025,107.12170,120503,Axis ELSS Tax Saver Fund - Direct Plan - Growth Option,Axis Mutual Fund
29-08-2025,107.12590,120503,Axis ELSS Tax Saver Fund - Direct Plan - Growth Option,Axis Mutual Fund
28-08-2025,107.47560,120503,Axis ELSS Tax Saver Fund - Direct Plan - Growth Option,Axis Mutual Fund
26-08-2025,108.71320,120503,Axis ELSS Tax Saver Fund - Direct Plan - Growth Option,Axis Mutual Fund
25-08-2025,109.92940,120503,Axis ELSS Tax Saver Fund - Direct Plan - Growth Option,Axis Mutual Fund
22-08-2025,109.65130,120503,Axis ELSS Tax Saver Fund - Direct Plan - Growth Option,Axis Mutual Fund
21-08-2025,110.11510,120503,Axis ELSS Tax Saver Fund - Direct Plan - Growth Option,Axis Mutual Fund
20-08-2025,110.01130,120503,Axis ELSS Tax Saver Fund - Direct Plan - Growth Option,Axis Mutual Fund
19-08-2025,109.57230,120503,Axis ELSS Tax Saver Fund - Direct Plan - Growth Option,Axis Mutual Fund
18-08-2025,109.04500,120503,Axis ELSS Tax Saver Fund - Direct Plan - Growth Option,Axis Mutual Fund
14-08-2025,107.84550,120503,Axis ELSS Tax Saver Fund - Direct Plan - Growth Option,Axis Mutual Fund
13-08-2025,107.76070,120503,Axis ELSS Tax Saver Fund - Direct Plan - Growth Option,Axis Mutual Fund
12-08-2025,106.92150,120503,Axis ELSS Tax Saver Fund - Direct Plan - Growth Option,Axis Mutual Fund
11-08-2025,107.38830,120503,Axis ELSS Tax Saver Fund - Direct Plan - Growth Option,Axis Mutual Fund
08-08-2025,106.52850,120503,Axis ELSS Tax Saver Fund - Direct Plan - Growth Option,Axis Mutual Fund
07-08-2025,107.80110,120503,Axis ELSS Tax Saver Fund - Direct Plan - Growth Option,Axis Mutual Fund
06-08-2025,107.50840,120503,Axis ELSS Tax Saver Fund - Direct Plan - Growth Option,Axis Mutual Fund
05-08-2025,108.09230,120503,Axis ELSS Tax Saver Fund - Direct Plan - Growth Option,Axis Mutual Fund
04-08-2025,108.11490,120503,Axis ELSS Tax Saver Fund - Direct Plan - Growth Option,Axis Mutual Fund
01-08-2025,107.35970,120503,Axis ELSS Tax Saver Fund - Direct Plan - Growth Option,Axis Mutual Fund
31-07-2025,108.43050,120503,Axis ELSS Tax Saver Fund - Direct Plan - Growth Option,Axis Mutual Fund
30-07-2025,108.85990,120503,Axis ELSS Tax Saver Fund - Direct Plan - Growth Option,Axis Mutual Fund
29-07-2025,108.51680,120503,Axis ELSS Tax Saver Fund - Direct Plan - Growth Option,Axis Mutual Fund
28-07-2025,107.87240,120503,Axis ELSS Tax Saver Fund - Direct Plan - Growth Option,Axis Mutual Fund
25-07-2025,108.76300,120503,Axis ELSS Tax Saver Fund - Direct Plan - Growth Option,Axis Mutual Fund
24-07-2025,109.84160,120503,Axis ELSS Tax Saver Fund - Direct Plan - Growth Option,Axis Mutual Fund
23-07-2025,110.26800,120503,Axis ELSS Tax Saver Fund - Direct Plan - Growth Option,Axis Mutual Fund
22-07-2025,109.74370,120503,Axis ELSS Tax Saver Fund - Direct Plan - Growth Option,Axis Mutual Fund
21-07-2025,109.70980,120503,Axis ELSS Tax Saver Fund - Direct Plan - Growth Option,Axis Mutual Fund
18-07-2025,108.78000,120503,Axis ELSS Tax Saver Fund - Direct Plan - Growth Option,Axis Mutual Fund
17-07-2025,109.31170,120503,Axis ELSS Tax Saver Fund - Direct Plan - Growth Option,Axis Mutual Fund
16-07-2025,109.47520,120503,Axis ELSS Tax Saver Fund - Direct Plan - Growth Option,Axis Mutual Fund
15-07-2025,109.48950,120503,Axis ELSS Tax Saver Fund - Direct Plan - Growth Option,Axis Mutual Fund
14-07-2025,108.82700,120503,Axis ELSS Tax Saver Fund - Direct Plan - Growth Option,Axis Mutual Fund
11-07-2025,108.67370,120503,Axis ELSS Tax Saver Fund - Direct Plan - Growth Option,Axis Mutual Fund
10-07-2025,109.73230,120503,Axis ELSS Tax Saver Fund - Direct Plan - Growth Option,Axis Mutual Fund
09-07-2025,110.29360,120503,Axis ELSS Tax Saver Fund - Direct Plan - Growth Option,Axis Mutual Fund
08-07-2025,110.16490,120503,Axis ELSS Tax Saver Fund - Direct Plan - Growth Option,Axis Mutual Fund
07-07-2025,109.97830,120503,Axis ELSS Tax Saver Fund - Direct Plan - Growth Option,Axis Mutual Fund
04-07-2025,110.13300,120503,Axis ELSS Tax Saver Fund - Direct Plan - Growth Option,Axis Mutual Fund
03-07-2025,109.87420,120503,Axis ELSS Tax Saver Fund - Direct Plan - Growth Option,Axis Mutual Fund
02-07-2025,110.22670,120503,Axis ELSS Tax Saver Fund - Direct Plan - Growth Option,Axis Mutual Fund
01-07-2025,110.58800,120503,Axis ELSS Tax Saver Fund - Direct Plan - Growth Option,Axis Mutual Fund
30-06-2025,110.68450,120503,Axis ELSS Tax Saver Fund - Direct Plan - Growth Option,Axis Mutual Fund
27-06-2025,110.74000,120503,Axis ELSS Tax Saver Fund - Direct Plan - Growth Option,Axis Mutual Fund
26-06-2025,110.23550,120503,Axis ELSS Tax Saver Fund - Direct Plan - Growth Option,Axis Mutual Fund
25-06-2025,109.36920,120503,Axis ELSS Tax Saver Fund - Direct Plan - Growth Option,Axis Mutual Fund
24-06-2025,108.53190,120503,Axis ELSS Tax Saver Fund - Direct Plan - Growth Option,Axis Mutual Fund
23-06-2025,107.95430,120503,Axis ELSS Tax Saver Fund - Direct Plan - Growth Option,Axis Mutual Fund
20-06-2025,108.15140,120503,Axis ELSS Tax Saver Fund - Direct Plan - Growth Option,Axis Mutual Fund
19-06-2025,106.64820,120503,Axis ELSS Tax Saver Fund - Direct Plan - Growth Option,Axis Mutual Fund
18-06-2025,107.27750,120503,Axis ELSS Tax Saver Fund - Direct Plan - Growth Option,Axis Mutual Fund
17-06-2025,107.53740,120503,Axis ELSS Tax Saver Fund - Direct Plan - Growth Option,Axis Mutual Fund
16-06-2025,107.98420,120503,Axis ELSS Tax Saver Fund - Direct Plan - Growth Option,Axis Mutual Fund
13-06-2025,107.01400,120503,Axis ELSS Tax Saver Fund - Direct Plan - Growth Option,Axis Mutual Fund
12-06-2025,107.56910,120503,Axis ELSS Tax Saver Fund - Direct Plan - Growth Option,Axis Mutual Fund
11-06-2025,108.78160,120503,Axis ELSS Tax Saver Fund - Direct Plan - Growth Option,Axis Mutual Fund
10-06-2025,108.83210,120503,Axis ELSS Tax Saver Fund - Direct Plan - Growth Option,Axis Mutual Fund
09-06-2025,108.96210,120503,Axis ELSS Tax Saver Fund - Direct Plan - Growth Option,Axis Mutual Fund
06-06-2025,108.40070,120503,Axis ELSS Tax Saver Fund - Direct Plan - Growth Option,Axis Mutual Fund
05-06-2025,107.55330,120503,Axis ELSS Tax Saver Fund - Direct Plan - Growth Option,Axis Mutual Fund
04-06-2025,107.06550,120503,Axis ELSS Tax Saver Fund - Direct Plan - Growth Option,Axis Mutual Fund
03-06-2025,106.52830,120503,Axis ELSS Tax Saver Fund - Direct Plan - Growth Option,Axis Mutual Fund
02-06-2025,107.07070,120503,Axis ELSS Tax Saver Fund - Direct Plan - Growth Option,Axis Mutual Fund
31-05-2025,106.97660,120503,Axis ELSS Tax Saver Fund - Direct Plan - Growth Option,Axis Mutual Fund
30-05-2025,106.97830,120503,Axis ELSS Tax Saver Fund - Direct Plan - Growth Option,Axis Mutual Fund
29-05-2025,107.16790,120503,Axis ELSS Tax Saver Fund - Direct Plan - Growth Option,Axis Mutual Fund
28-05-2025,106.76750,120503,Axis ELSS Tax Saver Fund - Direct Plan - Growth Option,Axis Mutual Fund
27-05-2025,107.03000,120503,Axis ELSS Tax Saver Fund - Direct Plan - Growth Option,Axis Mutual Fund
26-05-2025,107.48180,120503,Axis ELSS Tax Saver Fund - Direct Plan - Growth Option,Axis Mutual Fund
23-05-2025,107.01460,120503,Axis ELSS Tax Saver Fund - Direct Plan - Growth Option,Axis Mutual Fund
22-05-2025,106.18520,120503,Axis ELSS Tax Saver Fund - Direct Plan - Growth Option,Axis Mutual Fund
21-05-2025,106.60770,120503,Axis ELSS Tax Saver Fund - Direct Plan - Growth Option,Axis Mutual Fund
20-05-2025,105.83040,120503,Axis ELSS Tax Saver Fund - Direct Plan - Growth Option,Axis Mutual Fund
19-05-2025,107.37900,120503,Axis ELSS Tax Saver Fund - Direct Plan - Growth Option,Axis Mutual Fund
16-05-2025,107.47780,120503,Axis ELSS Tax Saver Fund - Direct Plan - Growth Option,Axis Mutual Fund
15-05-2025,107.23490,120503,Axis ELSS Tax Saver Fund - Direct Plan - Growth Option,Axis Mutual Fund
14-05-2025,106.06070,120503,Axis ELSS Tax Saver Fund - Direct Plan - Growth Option,Axis Mutual Fund
13-05-2025,105.49900,120503,Axis ELSS Tax Saver Fund - Direct Plan - Growth Option,Axis Mutual Fund
12-05-2025,106.18810,120503,Axis ELSS Tax Saver Fund - Direct Plan - Growth Option,Axis Mutual Fund
09-05-2025,102.63140,120503,Axis ELSS Tax Saver Fund - Direct Plan - Growth Option,Axis Mutual Fund
08-05-2025,103.50490,120503,Axis ELSS Tax Saver Fund - Direct Plan - Growth Option,Axis Mutual Fund
07-05-2025,104.83980,120503,Axis ELSS Tax Saver Fund - Direct Plan - Growth Option,Axis Mutual Fund
06-05-2025,104.27620,120503,Axis ELSS Tax Saver Fund - Direct Plan - Growth Option,Axis Mutual Fund
05-05-2025,105.21870,120503,Axis ELSS Tax Saver Fund - Direct Plan - Growth Option,Axis Mutual Fund
02-05-2025,104.47240,120503,Axis ELSS Tax Saver Fund - Direct Plan - Growth Option,Axis Mutual Fund
30-04-2025,104.64510,120503,Axis ELSS Tax Saver Fund - Direct Plan - Growth Option,Axis Mutual Fund
29-04-2025,104.85520,120503,Axis ELSS Tax Saver Fund - Direct Plan - Growth Option,Axis Mutual Fund
28-04-2025,104.96920,120503,Axis ELSS Tax Saver Fund - Direct Plan - Growth Option,Axis Mutual Fund
25-04-2025,104.07500,120503,Axis ELSS Tax Saver Fund - Direct Plan - Growth Option,Axis Mutual Fund
24-04-2025,105.56270,120503,Axis ELSS Tax Saver Fund - Direct Plan - Growth Option,Axis Mutual Fund
23-04-2025,105.87920,120503,Axis ELSS Tax Saver Fund - Direct Plan - Growth Option,Axis Mutual Fund
22-04-2025,105.21720,120503,Axis ELSS Tax Saver Fund - Direct Plan - Growth Option,Axis Mutual Fund
21-04-2025,104.87580,120503,Axis ELSS Tax Saver Fund - Direct Plan - Growth Option,Axis Mutual Fund
17-04-2025,103.64750,120503,Axis ELSS Tax Saver Fund - Direct Plan - Growth Option,Axis Mutual Fund
16-04-2025,102.31800,120503,Axis ELSS Tax Saver Fund - Direct Plan - Growth Option,Axis Mutual Fund
15-04-2025,101.89330,120503,Axis ELSS Tax Saver Fund - Direct Plan - Growth Option,Axis Mutual Fund
11-04-2025,99.44680,120503,Axis ELSS Tax Saver Fund - Direct Plan - Growth Option,Axis Mutual Fund
09-04-2025,97.72430,120503,Axis ELSS Tax Saver Fund - Direct Plan - Growth Option,Axis Mutual Fund
08-04-2025,98.12020,120503,Axis ELSS Tax Saver Fund - Direct Plan - Growth Option,Axis Mutual Fund
07-04-2025,96.42240,120503,Axis ELSS Tax Saver Fund - Direct Plan - Growth Option,Axis Mutual Fund
04-04-2025,99.33270,120503,Axis ELSS Tax Saver Fund - Direct Plan - Growth Option,Axis Mutual Fund
03-04-2025,100.77700,120503,Axis ELSS Tax Saver Fund - Direct Plan - Growth Option,Axis Mutual Fund
02-04-2025,101.03070,120503,Axis ELSS Tax Saver Fund - Direct Plan - Growth Option,Axis Mutual Fund
01-04-2025,100.08340,120503,Axis ELSS Tax Saver Fund - Direct Plan - Growth Option,Axis Mutual Fund
31-03-2025,101.50970,120503,Axis ELSS Tax Saver Fund - Direct Plan - Growth Option,Axis Mutual Fund
28-03-2025,101.51350,120503,Axis ELSS Tax Saver Fund - Direct Plan - Growth Option,Axis Mutual Fund
27-03-2025,101.99480,120503,Axis ELSS Tax Saver Fund - Direct Plan - Growth Option,Axis Mutual Fund
26-03-2025,101.50050,120503,Axis ELSS Tax Saver Fund - Direct Plan - Growth Option,Axis Mutual Fund
25-03-2025,102.10340,120503,Axis ELSS Tax Saver Fund - Direct Plan - Growth Option,Axis Mutual Fund
24-03-2025,102.51480,120503,Axis ELSS Tax Saver Fund - Direct Plan - Growth Option,Axis Mutual Fund
21-03-2025,101.62230,120503,Axis ELSS Tax Saver Fund - Direct Plan - Growth Option,Axis Mutual Fund
20-03-2025,100.64820,120503,Axis ELSS Tax Saver Fund - Direct Plan - Growth Option,Axis Mutual Fund
19-03-2025,99.66910,120503,Axis ELSS Tax Saver Fund - Direct Plan - Growth Option,Axis Mutual Fund
18-03-2025,98.77570,120503,Axis ELSS Tax Saver Fund - Direct Plan - Growth Option,Axis Mutual Fund
17-03-2025,96.92840,120503,Axis ELSS Tax Saver Fund - Direct Plan - Growth Option,Axis Mutual Fund
13-03-2025,96.15110,120503,Axis ELSS Tax Saver Fund - Direct Plan - Growth Option,Axis Mutual Fund
12-03-2025,96.57190,120503,Axis ELSS Tax Saver Fund - Direct Plan - Growth Option,Axis Mutual Fund
11-03-2025,96.69160,120503,Axis ELSS Tax Saver Fund - Direct Plan - Growth Option,Axis Mutual Fund
10-03-2025,96.34670,120503,Axis ELSS Tax Saver Fund - Direct Plan - Growth Option,Axis Mutual Fund
07-03-2025,97.10200,120503,Axis ELSS Tax Saver Fund - Direct Plan - Growth Option,Axis Mutual Fund
06-03-2025,97.28960,120503,Axis ELSS Tax Saver Fund - Direct Plan - Growth Option,Axis Mutual Fund
05-03-2025,96.65080,120503,Axis ELSS Tax Saver Fund - Direct Plan - Growth Option,Axis Mutual Fund
04-03-2025,95.52680,120503,Axis ELSS Tax Saver Fund - Direct Plan - Growth Option,Axis Mutual Fund
03-03-2025,95.43620,120503,Axis ELSS Tax Saver Fund - Direct Plan - Growth Option,Axis Mutual Fund
28-02-2025,94.95010,120503,Axis ELSS Tax Saver Fund - Direct Plan - Growth Option,Axis Mutual Fund
27-02-2025,96.89750,120503,Axis ELSS Tax Saver Fund - Direct Plan - Growth Option,Axis Mutual Fund
25-02-2025,97.31050,120503,Axis ELSS Tax Saver Fund - Direct Plan - Growth Option,Axis Mutual Fund
24-02-2025,97.23660,120503,Axis ELSS Tax Saver Fund - Direct Plan - Growth Option,Axis Mutual Fund
21-02-2025,98.15760,120503,Axis ELSS Tax Saver Fund - Direct Plan - Growth Option,Axis Mutual Fund
20-02-2025,98.92870,120503,Axis ELSS Tax Saver Fund - Direct Plan - Growth Option,Axis Mutual Fund
19-02-2025,98.67200,120503,Axis ELSS Tax Saver Fund - Direct Plan - Growth Option,Axis Mutual Fund
18-02-2025,98.31920,120503,Axis ELSS Tax Saver Fund - Direct Plan - Growth Option,Axis Mutual Fund
17-02-2025,98.33850,120503,Axis ELSS Tax Saver Fund - Direct Plan - Growth Option,Axis Mutual Fund
14-02-2025,98.43780,120503,Axis ELSS Tax Saver Fund - Direct Plan - Growth Option,Axis Mutual Fund
13-02-2025,99.60440,120503,Axis ELSS Tax Saver Fund - Direct Plan - Growth Option,Axis Mutual Fund
12-02-2025,99.45790,120503,Axis ELSS Tax Saver Fund - Direct Plan - Growth Option,Axis Mutual Fund
11-02-2025,99.50490,120503,Axis ELSS Tax Saver Fund - Direct Plan - Growth Option,Axis Mutual Fund
10-02-2025,101.41980,120503,Axis ELSS Tax Saver Fund - Direct Plan - Growth Option,Axis Mutual Fund
07-02-2025,102.78180,120503,Axis ELSS Tax Saver Fund - Direct Plan - Growth Option,Axis Mutual Fund
06-02-2025,102.65830,120503,Axis ELSS Tax Saver Fund - Direct Plan - Growth Option,Axis Mutual Fund
05-02-2025,103.11900,120503,Axis ELSS Tax Saver Fund - Direct Plan - Growth Option,Axis Mutual Fund
04-02-2025,103.08290,120503,Axis ELSS Tax Saver Fund - Direct Plan - Growth Option,Axis Mutual Fund
03-02-2025,101.84190,120503,Axis ELSS Tax Saver Fund - Direct Plan - Growth Option,Axis Mutual Fund
31-01-2025,101.37640,120503,Axis ELSS Tax Saver Fund - Direct Plan - Growth Option,Axis Mutual Fund
30-01-2025,100.58170,120503,Axis ELSS Tax Saver Fund - Direct Plan - Growth Option,Axis Mutual Fund
29-01-2025,100.30480,120503,Axis ELSS Tax Saver Fund - Direct Plan - Growth Option,Axis Mutual Fund
28-01-2025,98.49900,120503,Axis ELSS Tax Saver Fund - Direct Plan - Growth Option,Axis Mutual Fund
27-01-2025,98.26290,120503,Axis ELSS Tax Saver Fund - Direct Plan - Growth Option,Axis Mutual Fund
24-01-2025,99.88780,120503,Axis ELSS Tax Saver Fund - Direct Plan - Growth Option,Axis Mutual Fund
23-01-2025,100.71770,120503,Axis ELSS Tax Saver Fund - Direct Plan - Growth Option,Axis Mutual Fund
22-01-2025,99.58900,120503,Axis ELSS Tax Saver Fund - Direct Plan - Growth Option,Axis Mutual Fund
21-01-2025,99.74820,120503,Axis ELSS Tax Saver Fund - Direct Plan - Growth Option,Axis Mutual Fund
20-01-2025,101.74120,120503,Axis ELSS Tax Saver Fund - Direct Plan - Growth Option,Axis Mutual Fund
17-01-2025,101.18680,120503,Axis ELSS Tax Saver Fund - Direct Plan - Growth Option,Axis Mutual Fund
16-01-2025,101.49040,120503,Axis ELSS Tax Saver Fund - Direct Plan - Growth Option,Axis Mutual Fund
15-01-2025,100.63520,120503,Axis ELSS Tax Saver Fund - Direct Plan - Growth Option,Axis Mutual Fund
14-01-2025,100.49100,120503,Axis ELSS Tax Saver Fund - Direct Plan - Growth Option,Axis Mutual Fund
13-01-2025,99.35620,120503,Axis ELSS Tax Saver Fund - Direct Plan - Growth Option,Axis Mutual Fund
10-01-2025,102.10120,120503,Axis ELSS Tax Saver Fund - Direct Plan - Growth Option,Axis Mutual Fund
09-01-2025,103.10980,120503,Axis ELSS Tax Saver Fund - Direct Plan - Growth Option,Axis Mutual Fund
08-01-2025,103.84020,120503,Axis ELSS Tax Saver Fund - Direct Plan - Growth Option,Axis Mutual Fund
07-01-2025,104.77430,120503,Axis ELSS Tax Saver Fund - Direct Plan - Growth Option,Axis Mutual Fund
06-01-2025,104.65580,120503,Axis ELSS Tax Saver Fund - Direct Plan - Growth Option,Axis Mutual Fund
03-01-2025,106.61030,120503,Axis ELSS Tax Saver Fund - Direct Plan - Growth Option,Axis Mutual Fund
02-01-2025,107.11060,120503,Axis ELSS Tax Saver Fund - Direct Plan - Growth Option,Axis Mutual Fund
01-01-2025,105.20980,120503,Axis ELSS Tax Saver Fund - Direct Plan - Growth Option,Axis Mutual Fund
31-12-2024,104.84180,120503,Axis ELSS Tax Saver Fund - Direct Plan - Growth Option,Axis Mutual Fund
30-12-2024,104.86230,120503,Axis ELSS Tax Saver Fund - Direct Plan - Growth Option,Axis Mutual Fund
27-12-2024,105.05560,120503,Axis ELSS Tax Saver Fund - Direct Plan - Growth Option,Axis Mutual Fund
26-12-2024,104.97190,120503,Axis ELSS Tax Saver Fund - Direct Plan - Growth Option,Axis Mutual Fund
24-12-2024,104.76470,120503,Axis ELSS Tax Saver Fund - Direct Plan - Growth Option,Axis Mutual Fund
23-12-2024,104.93950,120503,Axis ELSS Tax Saver Fund - Direct Plan - Growth Option,Axis Mutual Fund
20-12-2024,104.37140,120503,Axis ELSS Tax Saver Fund - Direct Plan - Growth Option,Axis Mutual Fund
19-12-2024,106.53830,120503,Axis ELSS Tax Saver Fund - Direct Plan - Growth Option,Axis Mutual Fund
18-12-2024,107.28650,120503,Axis ELSS Tax Saver Fund - Direct Plan - Growth Option,Axis Mutual Fund
17-12-2024,107.64160,120503,Axis ELSS Tax Saver Fund - Direct Plan - Growth Option,Axis Mutual Fund
16-12-2024,108.74470,120503,Axis ELSS Tax Saver Fund - Direct Plan - Growth Option,Axis Mutual Fund
13-12-2024,108.83470,120503,Axis ELSS Tax Saver Fund - Direct Plan - Growth Option,Axis Mutual Fund
12-12-2024,108.54290,120503,Axis ELSS Tax Saver Fund - Direct Plan - Growth Option,Axis Mutual Fund
11-12-2024,108.79570,120503,Axis ELSS Tax Saver Fund - Direct Plan - Growth Option,Axis Mutual Fund
10-12-2024,108.57270,120503,Axis ELSS Tax Saver Fund - Direct Plan - Growth Option,Axis Mutual Fund
09-12-2024,108.35830,120503,Axis ELSS Tax Saver Fund - Direct Plan - Growth Option,Axis Mutual Fund
06-12-2024,108.43560,120503,Axis ELSS Tax Saver Fund - Direct Plan - Growth Option,Axis Mutual Fund
05-12-2024,108.37870,120503,Axis ELSS Tax Saver Fund - Direct Plan - Growth Option,Axis Mutual Fund
04-12-2024,107.65590,120503,Axis ELSS Tax Saver Fund - Direct Plan - Growth Option,Axis Mutual Fund
03-12-2024,107.20700,120503,Axis ELSS Tax Saver Fund - Direct Plan - Growth Option,Axis Mutual Fund
02-12-2024,106.33900,120503,Axis ELSS Tax Saver Fund - Direct Plan - Growth Option,Axis Mutual Fund
30-11-2024,105.22430,120503,Axis ELSS Tax Saver Fund - Direct Plan - Growth Option,Axis Mutual Fund
29-11-2024,105.22590,120503,Axis ELSS Tax Saver Fund - Direct Plan - Growth Option,Axis Mutual Fund
28-11-2024,104.55390,120503,Axis ELSS Tax Saver Fund - Direct Plan - Growth Option,Axis Mutual Fund
27-11-2024,105.59350,120503,Axis ELSS Tax Saver Fund - Direct Plan - Growth Option,Axis Mutual Fund
26-11-2024,105.30890,120503,Axis ELSS Tax Saver Fund - Direct Plan - Growth Option,Axis Mutual Fund
25-11-2024,105.60980,120503,Axis ELSS Tax Saver Fund - Direct Plan - Growth Option,Axis Mutual Fund
22-11-2024,104.01530,120503,Axis ELSS Tax Saver Fund - Direct Plan - Growth Option,Axis Mutual Fund
21-11-2024,102.60840,120503,Axis ELSS Tax Saver Fund - Direct Plan - Growth Option,Axis Mutual Fund
19-11-2024,102.94260,120503,Axis ELSS Tax Saver Fund - Direct Plan - Growth Option,Axis Mutual Fund
18-11-2024,102.28700,120503,Axis ELSS Tax Saver Fund - Direct Plan - Growth Option,Axis Mutual Fund
14-11-2024,102.35330,120503,Axis ELSS Tax Saver Fund - Direct Plan - Growth Option,Axis Mutual Fund
13-11-2024,102.25230,120503,Axis ELSS Tax Saver Fund - Direct Plan - Growth Option,Axis Mutual Fund
12-11-2024,104.01300,120503,Axis ELSS Tax Saver Fund - Direct Plan - Growth Option,Axis Mutual Fund
11-11-2024,105.15940,120503,Axis ELSS Tax Saver Fund - Direct Plan - Growth Option,Axis Mutual Fund
08-11-2024,105.38560,120503,Axis ELSS Tax Saver Fund - Direct Plan - Growth Option,Axis Mutual Fund
07-11-2024,105.93540,120503,Axis ELSS Tax Saver Fund - Direct Plan - Growth Option,Axis Mutual Fund
06-11-2024,106.72630,120503,Axis ELSS Tax Saver Fund - Direct Plan - Growth Option,Axis Mutual Fund
05-11-2024,104.99730,120503,Axis ELSS Tax Saver Fund - Direct Plan - Growth Option,Axis Mutual Fund
04-11-2024,104.81510,120503,Axis ELSS Tax Saver Fund - Direct Plan - Growth Option,Axis Mutual Fund
31-10-2024,105.22200,120503,Axis ELSS Tax Saver Fund - Direct Plan - Growth Option,Axis Mutual Fund
30-10-2024,105.60410,120503,Axis ELSS Tax Saver Fund - Direct Plan - Growth Option,Axis Mutual Fund
29-10-2024,105.96130,120503,Axis ELSS Tax Saver Fund - Direct Plan - Growth Option,Axis Mutual Fund
28-10-2024,105.39640,120503,Axis ELSS Tax Saver Fund - Direct Plan - Growth Option,Axis Mutual Fund
25-10-2024,105.84330,120503,Axis ELSS Tax Saver Fund - Direct Plan - Growth Option,Axis Mutual Fund
24-10-2024,106.53090,120503,Axis ELSS Tax Saver Fund - Direct Plan - Growth Option,Axis Mutual Fund
23-10-2024,106.76800,120503,Axis ELSS Tax Saver Fund - Direct Plan - Growth Option,Axis Mutual Fund
22-10-2024,106.42970,120503,Axis ELSS Tax Saver Fund - Direct Plan - Growth Option,Axis Mutual Fund
21-10-2024,108.09280,120503,Axis ELSS Tax Saver Fund - Direct Plan - Growth Option,Axis Mutual Fund
18-10-2024,108.78620,120503,Axis ELSS Tax Saver Fund - Direct Plan - Growth Option,Axis Mutual Fund
17-10-2024,108.53020,120503,Axis ELSS Tax Saver Fund - Direct Plan - Growth Option,Axis Mutual Fund
16-10-2024,110.07840,120503,Axis ELSS Tax Saver Fund - Direct Plan - Growth Option,Axis Mutual Fund
15-10-2024,110.56900,120503,Axis ELSS Tax Saver Fund - Direct Plan - Growth Option,Axis Mutual Fund
14-10-2024,110.68100,120503,Axis ELSS Tax Saver Fund - Direct Plan - Growth Option,Axis Mutual Fund
11-10-2024,110.24560,120503,Axis ELSS Tax Saver Fund - Direct Plan - Growth Option,Axis Mutual Fund
10-10-2024,110.22570,120503,Axis ELSS Tax Saver Fund - Direct Plan - Growth Option,Axis Mutual Fund
09-10-2024,110.51430,120503,Axis ELSS Tax Saver Fund - Direct Plan - Growth Option,Axis Mutual Fund
08-10-2024,109.22940,120503,Axis ELSS Tax Saver Fund - Direct Plan - Growth Option,Axis Mutual Fund
07-10-2024,107.85490,120503,Axis ELSS Tax Saver Fund - Direct Plan - Growth Option,Axis Mutual Fund
04-10-2024,109.21620,120503,Axis ELSS Tax Saver Fund - Direct Plan - Growth Option,Axis Mutual Fund
03-10-2024,110.19860,120503,Axis ELSS Tax Saver Fund - Direct Plan - Growth Option,Axis Mutual Fund
01-10-2024,112.32850,120503,Axis ELSS Tax Saver Fund - Direct Plan - Growth Option,Axis Mutual Fund
30-09-2024,112.33380,120503,Axis ELSS Tax Saver Fund - Direct Plan - Growth Option,Axis Mutual Fund
27-09-2024,113.60830,120503,Axis ELSS Tax Saver Fund - Direct Plan - Growth Option,Axis Mutual Fund
26-09-2024,113.68490,120503,Axis ELSS Tax Saver Fund - Direct Plan - Growth Option,Axis Mutual Fund
25-09-2024,113.13680,120503,Axis ELSS Tax Saver Fund - Direct Plan - Growth Option,Axis Mutual Fund
24-09-2024,113.59420,120503,Axis ELSS Tax Saver Fund - Direct Plan - Growth Option,Axis Mutual Fund
23-09-2024,113.54700,120503,Axis ELSS Tax Saver Fund - Direct Plan - Growth Option,Axis Mutual Fund
20-09-2024,112.79080,120503,Axis ELSS Tax Saver Fund - Direct Plan - Growth Option,Axis Mutual Fund
19-09-2024,111.17880,120503,Axis ELSS Tax Saver Fund - Direct Plan - Growth Option,Axis Mutual Fund
18-09-2024,111.24180,120503,Axis ELSS Tax Saver Fund - Direct Plan - Growth Option,Axis Mutual Fund
17-09-2024,110.97780,120503,Axis ELSS Tax Saver Fund - Direct Plan - Growth Option,Axis Mutual Fund
16-09-2024,110.71790,120503,Axis ELSS Tax Saver Fund - Direct Plan - Growth Option,Axis Mutual Fund
13-09-2024,110.54420,120503,Axis ELSS Tax Saver Fund - Direct Plan - Growth Option,Axis Mutual Fund
12-09-2024,110.51630,120503,Axis ELSS Tax Saver Fund - Direct Plan - Growth Option,Axis Mutual Fund
11-09-2024,108.77610,120503,Axis ELSS Tax Saver Fund - Direct Plan - Growth Option,Axis Mutual Fund
10-09-2024,108.82550,120503,Axis ELSS Tax Saver Fund - Direct Plan - Growth Option,Axis Mutual Fund
09-09-2024,108.29500,120503,Axis ELSS Tax Saver Fund - Direct Plan - Growth Option,Axis Mutual Fund
06-09-2024,108.12660,120503,Axis ELSS Tax Saver Fund - Direct Plan - Growth Option,Axis Mutual Fund
05-09-2024,108.86540,120503,Axis ELSS Tax Saver Fund - Direct Plan - Growth Option,Axis Mutual Fund
04-09-2024,108.88740,120503,Axis ELSS Tax Saver Fund - Direct Plan - Growth Option,Axis Mutual Fund
03-09-2024,108.82710,120503,Axis ELSS Tax Saver Fund - Direct Plan - Growth Option,Axis Mutual Fund
02-09-2024,108.96230,120503,Axis ELSS Tax Saver Fund - Direct Plan - Growth Option,Axis Mutual Fund
31-08-2024,108.81720,120503,Axis ELSS Tax Saver Fund - Direct Plan - Growth Option,Axis Mutual Fund
30-08-2024,108.81930,120503,Axis ELSS Tax Saver Fund - Direct Plan - Growth Option,Axis Mutual Fund
29-08-2024,107.87310,120503,Axis ELSS Tax Saver Fund - Direct Plan - Growth Option,Axis Mutual Fund
28-08-2024,107.80570,120503,Axis ELSS Tax Saver Fund - Direct Plan - Growth Option,Axis Mutual Fund
27-08-2024,107.71230,120503,Axis ELSS Tax Saver Fund - Direct Plan - Growth Option,Axis Mutual Fund
26-08-2024,107.28030,120503,Axis ELSS Tax Saver Fund - Direct Plan - Growth Option,Axis Mutual Fund
23-08-2024,106.62930,120503,Axis ELSS Tax Saver Fund - Direct Plan - Growth Option,Axis Mutual Fund
22-08-2024,106.74910,120503,Axis ELSS Tax Saver Fund - Direct Plan - Growth Option,Axis Mutual Fund
21-08-2024,106.41160,120503,Axis ELSS Tax Saver Fund - Direct Plan - Growth Option,Axis Mutual Fund
20-08-2024,106.42280,120503,Axis ELSS Tax Saver Fund - Direct Plan - Growth Option,Axis Mutual Fund
19-08-2024,105.18490,120503,Axis ELSS Tax Saver Fund - Direct Plan - Growth Option,Axis Mutual Fund
16-08-2024,105.32120,120503,Axis ELSS Tax Saver Fund - Direct Plan - Growth Option,Axis Mutual Fund
14-08-2024,103.56860,120503,Axis ELSS Tax Saver Fund - Direct Plan - Growth Option,Axis Mutual Fund
13-08-2024,103.67960,120503,Axis ELSS Tax Saver Fund - Direct Plan - Growth Option,Axis Mutual Fund
12-08-2024,104.70720,120503,Axis ELSS Tax Saver Fund - Direct Plan - Growth Option,Axis Mutual Fund
09-08-2024,105.11960,120503,Axis ELSS Tax Saver Fund - Direct Plan - Growth Option,Axis Mutual Fund
08-08-2024,104.03970,120503,Axis ELSS Tax Saver Fund - Direct Plan - Growth Option,Axis Mutual Fund
07-08-2024,104.72310,120503,Axis ELSS Tax Saver Fund - Direct Plan - Growth Option,Axis Mutual Fund
06-08-2024,102.75670,120503,Axis ELSS Tax Saver Fund - Direct Plan - Growth Option,Axis Mutual Fund
05-08-2024,103.36970,120503,Axis ELSS Tax Saver Fund - Direct Plan - Growth Option,Axis Mutual Fund
02-08-2024,106.28550,120503,Axis ELSS Tax Saver Fund - Direct Plan - Growth Option,Axis Mutual Fund
01-08-2024,106.86770,120503,Axis ELSS Tax Saver Fund - Direct Plan - Growth Option,Axis Mutual Fund
31-07-2024,107.25410,120503,Axis ELSS Tax Saver Fund - Direct Plan - Growth Option,Axis Mutual Fund
30-07-2024,106.13090,120503,Axis ELSS Tax Saver Fund - Direct Plan - Growth Option,Axis Mutual Fund
29-07-2024,106.15200,120503,Axis ELSS Tax Saver Fund - Direct Plan - Growth Option,Axis Mutual Fund
26-07-2024,105.56630,120503,Axis ELSS Tax Saver Fund - Direct Plan - Growth Option,Axis Mutual Fund
25-07-2024,103.92970,120503,Axis ELSS Tax Saver Fund - Direct Plan - Growth Option,Axis Mutual Fund
24-07-2024,103.52370,120503,Axis ELSS Tax Saver Fund - Direct Plan - Growth Option,Axis Mutual Fund
23-07-2024,103.41110,120503,Axis ELSS Tax Saver Fund - Direct Plan - Growth Option,Axis Mutual Fund
22-07-2024,103.74080,120503,Axis ELSS Tax Saver Fund - Direct Plan - Growth Option,Axis Mutual Fund
19-07-2024,103.15290,120503,Axis ELSS Tax Saver Fund - Direct Plan - Growth Option,Axis Mutual Fund
18-07-2024,104.73710,120503,Axis ELSS Tax Saver Fund - Direct Plan - Growth Option,Axis Mutual Fund
16-07-2024,104.26890,120503,Axis ELSS Tax Saver Fund - Direct Plan - Growth Option,Axis Mutual Fund
15-07-2024,104.25030,120503,Axis ELSS Tax Saver Fund - Direct Plan - Growth Option,Axis Mutual Fund
12-07-2024,103.86480,120503,Axis ELSS Tax Saver Fund - Direct Plan - Growth Option,Axis Mutual Fund
11-07-2024,103.39100,120503,Axis ELSS Tax Saver Fund - Direct Plan - Growth Option,Axis Mutual Fund
10-07-2024,103.61390,120503,Axis ELSS Tax Saver Fund - Direct Plan - Growth Option,Axis Mutual Fund
09-07-2024,103.82600,120503,Axis ELSS Tax Saver Fund - Direct Plan - Growth Option,Axis Mutual Fund
08-07-2024,103.25340,120503,Axis ELSS Tax Saver Fund - Direct Plan - Growth Option,Axis Mutual Fund
05-07-2024,103.81880,120503,Axis ELSS Tax Saver Fund - Direct Plan - Growth Option,Axis Mutual Fund
04-07-2024,103.55110,120503,Axis ELSS Tax Saver Fund - Direct Plan - Growth Option,Axis Mutual Fund
03-07-2024,103.53930,120503,Axis ELSS Tax Saver Fund - Direct Plan - Growth Option,Axis Mutual Fund
02-07-2024,102.86800,120503,Axis ELSS Tax Saver Fund - Direct Plan - Growth Option,Axis Mutual Fund
01-07-2024,103.19440,120503,Axis ELSS Tax Saver Fund - Direct Plan - Growth Option,Axis Mutual Fund
28-06-2024,102.61910,120503,Axis ELSS Tax Saver Fund - Direct Plan - Growth Option,Axis Mutual Fund
27-06-2024,103.00330,120503,Axis ELSS Tax Saver Fund - Direct Plan - Growth Option,Axis Mutual Fund
26-06-2024,102.44180,120503,Axis ELSS Tax Saver Fund - Direct Plan - Growth Option,Axis Mutual Fund
25-06-2024,102.25060,120503,Axis ELSS Tax Saver Fund - Direct Plan - Growth Option,Axis Mutual Fund
24-06-2024,101.90850,120503,Axis ELSS Tax Saver Fund - Direct Plan - Growth Option,Axis Mutual Fund
21-06-2024,101.20790,120503,Axis ELSS Tax Saver Fund - Direct Plan - Growth Option,Axis Mutual Fund
20-06-2024,101.85460,120503,Axis ELSS Tax Saver Fund - Direct Plan - Growth Option,Axis Mutual Fund
19-06-2024,101.79920,120503,Axis ELSS Tax Saver Fund - Direct Plan - Growth Option,Axis Mutual Fund
18-06-2024,102.24030,120503,Axis ELSS Tax Saver Fund - Direct Plan - Growth Option,Axis Mutual Fund
14-06-2024,101.71460,120503,Axis ELSS Tax Saver Fund - Direct Plan - Growth Option,Axis Mutual Fund
13-06-2024,101.04810,120503,Axis ELSS Tax Saver Fund - Direct Plan - Growth Option,Axis Mutual Fund
12-06-2024,100.27240,120503,Axis ELSS Tax Saver Fund - Direct Plan - Growth Option,Axis Mutual Fund
11-06-2024,99.87190,120503,Axis ELSS Tax Saver Fund - Direct Plan - Growth Option,Axis Mutual Fund
10-06-2024,99.74290,120503,Axis ELSS Tax Saver Fund - Direct Plan - Growth Option,Axis Mutual Fund
07-06-2024,99.51880,120503,Axis ELSS Tax Saver Fund - Direct Plan - Growth Option,Axis Mutual Fund
06-06-2024,97.79730,120503,Axis ELSS Tax Saver Fund - Direct Plan - Growth Option,Axis Mutual Fund
05-06-2024,97.15380,120503,Axis ELSS Tax Saver Fund - Direct Plan - Growth Option,Axis Mutual Fund
04-06-2024,93.85290,120503,Axis ELSS Tax Saver Fund - Direct Plan - Growth Option,Axis Mutual Fund
03-06-2024,97.57200,120503,Axis ELSS Tax Saver Fund - Direct Plan - Growth Option,Axis Mutual Fund
31-05-2024,95.34350,120503,Axis ELSS Tax Saver Fund - Direct Plan - Growth Option,Axis Mutual Fund
30-05-2024,95.26000,120503,Axis ELSS Tax Saver Fund - Direct Plan - Growth Option,Axis Mutual Fund
29-05-2024,96.42200,120503,Axis ELSS Tax Saver Fund - Direct Plan - Growth Option,Axis Mutual Fund
28-05-2024,96.96620,120503,Axis ELSS Tax Saver Fund - Direct Plan - Growth Option,Axis Mutual Fund
27-05-2024,97.24960,120503,Axis ELSS Tax Saver Fund - Direct Plan - Growth Option,Axis Mutual Fund
24-05-2024,97.16410,120503,Axis ELSS Tax Saver Fund - Direct Plan - Growth Option,Axis Mutual Fund
23-05-2024,97.62680,120503,Axis ELSS Tax Saver Fund - Direct Plan - Growth Option,Axis Mutual Fund
22-05-2024,96.63110,120503,Axis ELSS Tax Saver Fund - Direct Plan - Growth Option,Axis Mutual Fund
21-05-2024,96.63770,120503,Axis ELSS Tax Saver Fund - Direct Plan - Growth Option,Axis Mutual Fund
17-05-2024,96.56670,120503,Axis ELSS Tax Saver Fund - Direct Plan - Growth Option,Axis Mutual Fund
16-05-2024,95.80390,120503,Axis ELSS Tax Saver Fund - Direct Plan - Growth Option,Axis Mutual Fund
15-05-2024,95.34030,120503,Axis ELSS Tax Saver Fund - Direct Plan - Growth Option,Axis Mutual Fund
14-05-2024,95.08670,120503,Axis ELSS Tax Saver Fund - Direct Plan - Growth Option,Axis Mutual Fund
13-05-2024,94.91810,120503,Axis ELSS Tax Saver Fund - Direct Plan - Growth Option,Axis Mutual Fund
10-05-2024,94.94400,120503,Axis ELSS Tax Saver Fund - Direct Plan - Growth Option,Axis Mutual Fund
09-05-2024,94.16480,120503,Axis ELSS Tax Saver Fund - Direct Plan - Growth Option,Axis Mutual Fund
08-05-2024,95.17810,120503,Axis ELSS Tax Saver Fund - Direct Plan - Growth Option,Axis Mutual Fund
07-05-2024,95.26150,120503,Axis ELSS Tax Saver Fund - Direct Plan - Growth Option,Axis Mutual Fund
06-05-2024,96.12260,120503,Axis ELSS Tax Saver Fund - Direct Plan - Growth Option,Axis Mutual Fund
03-05-2024,96.22680,120503,Axis ELSS Tax Saver Fund - Direct Plan - Growth Option,Axis Mutual Fund
02-05-2024,96.68250,120503,Axis ELSS Tax Saver Fund - Direct Plan - Growth Option,Axis Mutual Fund
30-04-2024,96.32770,120503,Axis ELSS Tax Saver Fund - Direct Plan - Growth Option,Axis Mutual Fund
29-04-2024,96.27440,120503,Axis ELSS Tax Saver Fund - Direct Plan - Growth Option,Axis Mutual Fund
26-04-2024,95.52040,120503,Axis ELSS Tax Saver Fund - Direct Plan - Growth Option,Axis Mutual Fund
25-04-2024,96.23990,120503,Axis ELSS Tax Saver Fund - Direct Plan - Growth Option,Axis Mutual Fund
24-04-2024,96.37250,120503,Axis ELSS Tax Saver Fund - Direct Plan - Growth Option,Axis Mutual Fund
23-04-2024,95.94380,120503,Axis ELSS Tax Saver Fund - Direct Plan - Growth Option,Axis Mutual Fund
22-04-2024,95.57040,120503,Axis ELSS Tax Saver Fund - Direct Plan - Growth Option,Axis Mutual Fund
19-04-2024,95.04030,120503,Axis ELSS Tax Saver Fund - Direct Plan - Growth Option,Axis Mutual Fund
18-04-2024,94.77850,120503,Axis ELSS Tax Saver Fund - Direct Plan - Growth Option,Axis Mutual Fund
16-04-2024,95.25280,120503,Axis ELSS Tax Saver Fund - Direct Plan - Growth Option,Axis Mutual Fund
15-04-2024,95.79030,120503,Axis ELSS Tax Saver Fund - Direct Plan - Growth Option,Axis Mutual Fund
12-04-2024,97.35200,120503,Axis ELSS Tax Saver Fund - Direct Plan - Growth Option,Axis Mutual Fund
10-04-2024,97.61490,120503,Axis ELSS Tax Saver Fund - Direct Plan - Growth Option,Axis Mutual Fund
09-04-2024,97.58880,120503,Axis ELSS Tax Saver Fund - Direct Plan - Growth Option,Axis Mutual Fund
08-04-2024,97.53620,120503,Axis ELSS Tax Saver Fund - Direct Plan - Growth Option,Axis Mutual Fund
05-04-2024,96.62150,120503,Axis ELSS Tax Saver Fund - Direct Plan - Growth Option,Axis Mutual Fund
04-04-2024,96.44760,120503,Axis ELSS Tax Saver Fund - Direct Plan - Growth Option,Axis Mutual Fund
03-04-2024,95.91010,120503,Axis ELSS Tax Saver Fund - Direct Plan - Growth Option,Axis Mutual Fund
02-04-2024,95.76080,120503,Axis ELSS Tax Saver Fund - Direct Plan - Growth Option,Axis Mutual Fund
01-04-2024,95.50400,120503,Axis ELSS Tax Saver Fund - Direct Plan - Growth Option,Axis Mutual Fund
31-03-2024,94.73140,120503,Axis ELSS Tax Saver Fund - Direct Plan - Growth Option,Axis Mutual Fund
28-03-2024,94.73580,120503,Axis ELSS Tax Saver Fund - Direct Plan - Growth Option,Axis Mutual Fund
27-03-2024,93.98760,120503,Axis ELSS Tax Saver Fund - Direct Plan - Growth Option,Axis Mutual Fund
26-03-2024,93.58080,120503,Axis ELSS Tax Saver Fund - Direct Plan - Growth Option,Axis Mutual Fund
22-03-2024,92.34970,120503,Axis ELSS Tax Saver Fund - Direct Plan - Growth Option,Axis Mutual Fund
21-03-2024,91.63620,120503,Axis ELSS Tax Saver Fund - Direct Plan - Growth Option,Axis Mutual Fund
20-03-2024,90.13570,120503,Axis ELSS Tax Saver Fund - Direct Plan - Growth Option,Axis Mutual Fund
19-03-2024,90.16350,120503,Axis ELSS Tax Saver Fund - Direct Plan - Growth Option,Axis Mutual Fund
18-03-2024,90.52860,120503,Axis ELSS Tax Saver Fund - Direct Plan - Growth Option,Axis Mutual Fund
15-03-2024,90.16640,120503,Axis ELSS Tax Saver Fund - Direct Plan - Growth Option,Axis Mutual Fund
14-03-2024,90.27090,120503,Axis ELSS Tax Saver Fund - Direct Plan - Growth Option,Axis Mutual Fund
13-03-2024,89.33970,120503,Axis ELSS Tax Saver Fund - Direct Plan - Growth Option,Axis Mutual Fund
12-03-2024,91.18820,120503,Axis ELSS Tax Saver Fund - Direct Plan - Growth Option,Axis Mutual Fund
11-03-2024,91.23470,120503,Axis ELSS Tax Saver Fund - Direct Plan - Growth Option,Axis Mutual Fund
07-03-2024,90.95430,120503,Axis ELSS Tax Saver Fund - Direct Plan - Growth Option,Axis Mutual Fund
06-03-2024,90.54350,120503,Axis ELSS Tax Saver Fund - Direct Plan - Growth Option,Axis Mutual Fund
05-03-2024,90.05010,120503,Axis ELSS Tax Saver Fund - Direct Plan - Growth Option,Axis Mutual Fund
04-03-2024,90.74600,120503,Axis ELSS Tax Saver Fund - Direct Plan - Growth Option,Axis Mutual Fund
01-03-2024,90.85890,120503,Axis ELSS Tax Saver Fund - Direct Plan - Growth Option,Axis Mutual Fund
29-02-2024,89.99730,120503,Axis ELSS Tax Saver Fund - Direct Plan - Growth Option,Axis Mutual Fund
28-02-2024,89.79900,120503,Axis ELSS Tax Saver Fund - Direct Plan - Growth Option,Axis Mutual Fund
27-02-2024,90.96480,120503,Axis ELSS Tax Saver Fund - Direct Plan - Growth Option,Axis Mutual Fund
26-02-2024,90.44750,120503,Axis ELSS Tax Saver Fund - Direct Plan - Growth Option,Axis Mutual Fund
23-02-2024,91.02110,120503,Axis ELSS Tax Saver Fund - Direct Plan - Growth Option,Axis Mutual Fund
22-02-2024,90.52330,120503,Axis ELSS Tax Saver Fund - Direct Plan - Growth Option,Axis Mutual Fund
21-02-2024,89.92770,120503,Axis ELSS Tax Saver Fund - Direct Plan - Growth Option,Axis Mutual Fund
20-02-2024,90.54080,120503,Axis ELSS Tax Saver Fund - Direct Plan - Growth Option,Axis Mutual Fund
19-02-2024,90.48640,120503,Axis ELSS Tax Saver Fund - Direct Plan - Growth Option,Axis Mutual Fund
16-02-2024,89.95010,120503,Axis ELSS Tax Saver Fund - Direct Plan - Growth Option,Axis Mutual Fund
15-02-2024,89.28360,120503,Axis ELSS Tax Saver Fund - Direct Plan - Growth Option,Axis Mutual Fund
14-02-2024,88.60180,120503,Axis ELSS Tax Saver Fund - Direct Plan - Growth Option,Axis Mutual Fund
13-02-2024,88.58910,120503,Axis ELSS Tax Saver Fund - Direct Plan - Growth Option,Axis Mutual Fund
12-02-2024,88.49780,120503,Axis ELSS Tax Saver Fund - Direct Plan - Growth Option,Axis Mutual Fund
09-02-2024,88.99040,120503,Axis ELSS Tax Saver Fund - Direct Plan - Growth Option,Axis Mutual Fund
08-02-2024,88.89060,120503,Axis ELSS Tax Saver Fund - Direct Plan - Growth Option,Axis Mutual Fund
07-02-2024,89.12190,120503,Axis ELSS Tax Saver Fund - Direct Plan - Growth Option,Axis Mutual Fund
06-02-2024,88.88980,120503,Axis ELSS Tax Saver Fund - Direct Plan - Growth Option,Axis Mutual Fund
05-02-2024,87.91750,120503,Axis ELSS Tax Saver Fund - Direct Plan - Growth Option,Axis Mutual Fund
02-02-2024,88.07830,120503,Axis ELSS Tax Saver Fund - Direct Plan - Growth Option,Axis Mutual Fund
01-02-2024,87.52740,120503,Axis ELSS Tax Saver Fund - Direct Plan - Growth Option,Axis Mutual Fund
31-01-2024,87.68830,120503,Axis ELSS Tax Saver Fund - Direct Plan - Growth Option,Axis Mutual Fund
30-01-2024,86.74640,120503,Axis ELSS Tax Saver Fund - Direct Plan - Growth Option,Axis Mutual Fund
29-01-2024,87.62500,120503,Axis ELSS Tax Saver Fund - Direct Plan - Growth Option,Axis Mutual Fund
25-01-2024,86.79290,120503,Axis ELSS Tax Saver Fund - Direct Plan - Growth Option,Axis Mutual Fund
24-01-2024,87.16110,120503,Axis ELSS Tax Saver Fund - Direct Plan - Growth Option,Axis Mutual Fund
23-01-2024,86.17260,120503,Axis ELSS Tax Saver Fund - Direct Plan - Growth Option,Axis Mutual Fund
19-01-2024,87.76280,120503,Axis ELSS Tax Saver Fund - Direct Plan - Growth Option,Axis Mutual Fund
18-01-2024,87.33170,120503,Axis ELSS Tax Saver Fund - Direct Plan - Growth Option,Axis Mutual Fund
17-01-2024,87.79730,120503,Axis ELSS Tax Saver Fund - Direct Plan - Growth Option,Axis Mutual Fund
16-01-2024,89.08020,120503,Axis ELSS Tax Saver Fund - Direct Plan - Growth Option,Axis Mutual Fund
15-01-2024,89.44260,120503,Axis ELSS Tax Saver Fund - Direct Plan - Growth Option,Axis Mutual Fund
12-01-2024,89.26610,120503,Axis ELSS Tax Saver Fund - Direct Plan - Growth Option,Axis Mutual Fund
11-01-2024,88.86970,120503,Axis ELSS Tax Saver Fund - Direct Plan - Growth Option,Axis Mutual Fund
10-01-2024,88.69490,120503,Axis ELSS Tax Saver Fund - Direct Plan - Growth Option,Axis Mutual Fund
09-01-2024,88.73790,120503,Axis ELSS Tax Saver Fund - Direct Plan - Growth Option,Axis Mutual Fund
08-01-2024,88.48060,120503,Axis ELSS Tax Saver Fund - Direct Plan - Growth Option,Axis Mutual Fund
05-01-2024,89.39310,120503,Axis ELSS Tax Saver Fund - Direct Plan - Growth Option,Axis Mutual Fund
04-01-2024,89.31410,120503,Axis ELSS Tax Saver Fund - Direct Plan - Growth Option,Axis Mutual Fund
03-01-2024,88.27600,120503,Axis ELSS Tax Saver Fund - Direct Plan - Growth Option,Axis Mutual Fund
02-01-2024,88.78960,120503,Axis ELSS Tax Saver Fund - Direct Plan - Growth Option,Axis Mutual Fund
01-01-2024,88.58720,120503,Axis ELSS Tax Saver Fund - Direct Plan - Growth Option,Axis Mutual Fund
29-12-2023,88.62240,120503,Axis ELSS Tax Saver Fund - Direct Plan - Growth Option,Axis Mutual Fund
28-12-2023,88.20020,120503,Axis ELSS Tax Saver Fund - Direct Plan - Growth Option,Axis Mutual Fund
27-12-2023,87.88650,120503,Axis ELSS Tax Saver Fund - Direct Plan - Growth Option,Axis Mutual Fund
26-12-2023,87.15310,120503,Axis ELSS Tax Saver Fund - Direct Plan - Growth Option,Axis Mutual Fund
22-12-2023,86.98230,120503,Axis ELSS Tax Saver Fund - Direct Plan - Growth Option,Axis Mutual Fund
21-12-2023,86.32970,120503,Axis ELSS Tax Saver Fund - Direct Plan - Growth Option,Axis Mutual Fund
20-12-2023,85.86920,120503,Axis ELSS Tax Saver Fund - Direct Plan - Growth Option,Axis Mutual Fund
19-12-2023,87.70260,120503,Axis ELSS Tax Saver Fund - Direct Plan - Growth Option,Axis Mutual Fund
18-12-2023,87.76420,120503,Axis ELSS Tax Saver Fund - Direct Plan - Growth Option,Axis Mutual Fund
15-12-2023,87.44890,120503,Axis ELSS Tax Saver Fund - Direct Plan - Growth Option,Axis Mutual Fund
14-12-2023,86.91940,120503,Axis ELSS Tax Saver Fund - Direct Plan - Growth Option,Axis Mutual Fund
13-12-2023,85.58120,120503,Axis ELSS Tax Saver Fund - Direct Plan - Growth Option,Axis Mutual Fund
12-12-2023,85.75710,120503,Axis ELSS Tax Saver Fund - Direct Plan - Growth Option,Axis Mutual Fund
11-12-2023,86.27580,120503,Axis ELSS Tax Saver Fund - Direct Plan - Growth Option,Axis Mutual Fund
08-12-2023,85.96060,120503,Axis ELSS Tax Saver Fund - Direct Plan - Growth Option,Axis Mutual Fund
07-12-2023,86.38850,120503,Axis ELSS Tax Saver Fund - Direct Plan - Growth Option,Axis Mutual Fund
06-12-2023,86.04350,120503,Axis ELSS Tax Saver Fund - Direct Plan - Growth Option,Axis Mutual Fund
05-12-2023,85.59100,120503,Axis ELSS Tax Saver Fund - Direct Plan - Growth Option,Axis Mutual Fund
04-12-2023,85.37150,120503,Axis ELSS Tax Saver Fund - Direct Plan - Growth Option,Axis Mutual Fund
01-12-2023,84.54960,120503,Axis ELSS Tax Saver Fund - Direct Plan - Growth Option,Axis Mutual Fund
30-11-2023,84.26140,120503,Axis ELSS Tax Saver Fund - Direct Plan - Growth Option,Axis Mutual Fund
29-11-2023,83.59210,120503,Axis ELSS Tax Saver Fund - Direct Plan - Growth Option,Axis Mutual Fund
28-11-2023,82.59440,120503,Axis ELSS Tax Saver Fund - Direct Plan - Growth Option,Axis Mutual Fund
24-11-2023,82.12890,120503,Axis ELSS Tax Saver Fund - Direct Plan - Growth Option,Axis Mutual Fund
23-11-2023,82.32480,120503,Axis ELSS Tax Saver Fund - Direct Plan - Growth Option,Axis Mutual Fund
22-11-2023,82.73540,120503,Axis ELSS Tax Saver Fund - Direct Plan - Growth Option,Axis Mutual Fund
21-11-2023,82.35620,120503,Axis ELSS Tax Saver Fund - Direct Plan - Growth Option,Axis Mutual Fund
20-11-2023,82.23740,120503,Axis ELSS Tax Saver Fund - Direct Plan - Growth Option,Axis Mutual Fund
17-11-2023,82.65670,120503,Axis ELSS Tax Saver Fund - Direct Plan - Growth Option,Axis Mutual Fund
16-11-2023,82.52660,120503,Axis ELSS Tax Saver Fund - Direct Plan - Growth Option,Axis Mutual Fund
15-11-2023,81.90330,120503,Axis ELSS Tax Saver Fund - Direct Plan - Growth Option,Axis Mutual Fund
13-11-2023,81.17120,120503,Axis ELSS Tax Saver Fund - Direct Plan - Growth Option,Axis Mutual Fund
10-11-2023,81.09780,120503,Axis ELSS Tax Saver Fund - Direct Plan - Growth Option,Axis Mutual Fund
09-11-2023,80.94220,120503,Axis ELSS Tax Saver Fund - Direct Plan - Growth Option,Axis Mutual Fund
08-11-2023,80.83720,120503,Axis ELSS Tax Saver Fund - Direct Plan - Growth Option,Axis Mutual Fund
07-11-2023,80.45160,120503,Axis ELSS Tax Saver Fund - Direct Plan - Growth Option,Axis Mutual Fund
06-11-2023,80.25390,120503,Axis ELSS Tax Saver Fund - Direct Plan - Growth Option,Axis Mutual Fund
03-11-2023,79.46760,120503,Axis ELSS Tax Saver Fund - Direct Plan - Growth Option,Axis Mutual Fund
02-11-2023,79.08110,120503,Axis ELSS Tax Saver Fund - Direct Plan - Growth Option,Axis Mutual Fund
01-11-2023,78.44380,120503,Axis ELSS Tax Saver Fund - Direct Plan - Growth Option,Axis Mutual Fund
31-10-2023,78.78760,120503,Axis ELSS Tax Saver Fund - Direct Plan - Growth Option,Axis Mutual Fund
30-10-2023,78.65480,120503,Axis ELSS Tax Saver Fund - Direct Plan - Growth Option,Axis Mutual Fund
27-10-2023,78.56180,120503,Axis ELSS Tax Saver Fund - Direct Plan - Growth Option,Axis Mutual Fund
26-10-2023,77.82860,120503,Axis ELSS Tax Saver Fund - Direct Plan - Growth Option,Axis Mutual Fund
25-10-2023,78.97280,120503,Axis ELSS Tax Saver Fund - Direct Plan - Growth Option,Axis Mutual Fund
23-10-2023,79.39140,120503,Axis ELSS Tax Saver Fund - Direct Plan - Growth Option,Axis Mutual Fund
20-10-2023,80.66560,120503,Axis ELSS Tax Saver Fund - Direct Plan - Growth Option,Axis Mutual Fund
19-10-2023,80.76160,120503,Axis ELSS Tax Saver Fund - Direct Plan - Growth Option,Axis Mutual Fund
18-10-2023,81.08830,120503,Axis ELSS Tax Saver Fund - Direct Plan - Growth Option,Axis Mutual Fund
17-10-2023,81.62170,120503,Axis ELSS Tax Saver Fund - Direct Plan - Growth Option,Axis Mutual Fund
16-10-2023,81.42910,120503,Axis ELSS Tax Saver Fund - Direct Plan - Growth Option,Axis Mutual Fund
13-10-2023,81.85710,120503,Axis ELSS Tax Saver Fund - Direct Plan - Growth Option,Axis Mutual Fund
12-10-2023,81.55680,120503,Axis ELSS Tax Saver Fund - Direct Plan - Growth Option,Axis Mutual Fund
11-10-2023,81.93370,120503,Axis ELSS Tax Saver Fund - Direct Plan - Growth Option,Axis Mutual Fund
10-10-2023,81.33120,120503,Axis ELSS Tax Saver Fund - Direct Plan - Growth Option,Axis Mutual Fund
09-10-2023,80.66720,120503,Axis ELSS Tax Saver Fund - Direct Plan - Growth Option,Axis Mutual Fund
06-10-2023,81.28100,120503,Axis ELSS Tax Saver Fund - Direct Plan - Growth Option,Axis Mutual Fund
05-10-2023,80.58850,120503,Axis ELSS Tax Saver Fund - Direct Plan - Growth Option,Axis Mutual Fund
04-10-2023,80.18730,120503,Axis ELSS Tax Saver Fund - Direct Plan - Growth Option,Axis Mutual Fund
03-10-2023,80.48980,120503,Axis ELSS Tax Saver Fund - Direct Plan - Growth Option,Axis Mutual Fund
29-09-2023,80.26230,120503,Axis ELSS Tax Saver Fund - Direct Plan - Growth Option,Axis Mutual Fund
27-09-2023,80.94070,120503,Axis ELSS Tax Saver Fund - Direct Plan - Growth Option,Axis Mutual Fund
26-09-2023,80.81380,120503,Axis ELSS Tax Saver Fund - Direct Plan - Growth Option,Axis Mutual Fund
25-09-2023,80.54120,120503,Axis ELSS Tax Saver Fund - Direct Plan - Growth Option,Axis Mutual Fund
22-09-2023,80.13590,120503,Axis ELSS Tax Saver Fund - Direct Plan - Growth Option,Axis Mutual Fund
21-09-2023,80.45780,120503,Axis ELSS Tax Saver Fund - Direct Plan - Growth Option,Axis Mutual Fund
20-09-2023,81.09450,120503,Axis ELSS Tax Saver Fund - Direct Plan - Growth Option,Axis Mutual Fund
18-09-2023,81.66820,120503,Axis ELSS Tax Saver Fund - Direct Plan - Growth Option,Axis Mutual Fund
15-09-2023,81.69740,120503,Axis ELSS Tax Saver Fund - Direct Plan - Growth Option,Axis Mutual Fund
14-09-2023,81.40940,120503,Axis ELSS Tax Saver Fund - Direct Plan - Growth Option,Axis Mutual Fund
13-09-2023,80.88000,120503,Axis ELSS Tax Saver Fund - Direct Plan - Growth Option,Axis Mutual Fund
12-09-2023,80.91150,120503,Axis ELSS Tax Saver Fund - Direct Plan - Growth Option,Axis Mutual Fund
11-09-2023,81.25720,120503,Axis ELSS Tax Saver Fund - Direct Plan - Growth Option,Axis Mutual Fund
08-09-2023,80.64060,120503,Axis ELSS Tax Saver Fund - Direct Plan - Growth Option,Axis Mutual Fund
07-09-2023,80.24450,120503,Axis ELSS Tax Saver Fund - Direct Plan - Growth Option,Axis Mutual Fund
06-09-2023,79.90960,120503,Axis ELSS Tax Saver Fund - Direct Plan - Growth Option,Axis Mutual Fund
05-09-2023,79.63220,120503,Axis ELSS Tax Saver Fund - Direct Plan - Growth Option,Axis Mutual Fund
04-09-2023,79.21030,120503,Axis ELSS Tax Saver Fund - Direct Plan - Growth Option,Axis Mutual Fund
01-09-2023,78.79310,120503,Axis ELSS Tax Saver Fund - Direct Plan - Growth Option,Axis Mutual Fund
31-08-2023,78.33000,120503,Axis ELSS Tax Saver Fund - Direct Plan - Growth Option,Axis Mutual Fund
30-08-2023,78.81460,120503,Axis ELSS Tax Saver Fund - Direct Plan - Growth Option,Axis Mutual Fund
29-08-2023,78.45790,120503,Axis ELSS Tax Saver Fund - Direct Plan - Growth Option,Axis Mutual Fund
28-08-2023,77.93430,120503,Axis ELSS Tax Saver Fund - Direct Plan - Growth Option,Axis Mutual Fund
25-08-2023,77.79060,120503,Axis ELSS Tax Saver Fund - Direct Plan - Growth Option,Axis Mutual Fund
24-08-2023,77.96470,120503,Axis ELSS Tax Saver Fund - Direct Plan - Growth Option,Axis Mutual Fund
23-08-2023,77.76810,120503,Axis ELSS Tax Saver Fund - Direct Plan - Growth Option,Axis Mutual Fund
22-08-2023,77.61520,120503,Axis ELSS Tax Saver Fund - Direct Plan - Growth Option,Axis Mutual Fund
21-08-2023,77.30890,120503,Axis ELSS Tax Saver Fund - Direct Plan - Growth Option,Axis Mutual Fund
18-08-2023,76.68330,120503,Axis ELSS Tax Saver Fund - Direct Plan - Growth Option,Axis Mutual Fund
17-08-2023,77.14350,120503,Axis ELSS Tax Saver Fund - Direct Plan - Growth Option,Axis Mutual Fund
16-08-2023,77.54650,120503,Axis ELSS Tax Saver Fund - Direct Plan - Growth Option,Axis Mutual Fund
14-08-2023,77.62840,120503,Axis ELSS Tax Saver Fund - Direct Plan - Growth Option,Axis Mutual Fund
11-08-2023,78.08660,120503,Axis ELSS Tax Saver Fund - Direct Plan - Growth Option,Axis Mutual Fund
10-08-2023,78.84570,120503,Axis ELSS Tax Saver Fund - Direct Plan - Growth Option,Axis Mutual Fund
09-08-2023,79.17150,120503,Axis ELSS Tax Saver Fund - Direct Plan - Growth Option,Axis Mutual Fund
08-08-2023,79.33590,120503,Axis ELSS Tax Saver Fund - Direct Plan - Growth Option,Axis Mutual Fund
07-08-2023,79.60010,120503,Axis ELSS Tax Saver Fund - Direct Plan - Growth Option,Axis Mutual Fund
04-08-2023,79.40550,120503,Axis ELSS Tax Saver Fund - Direct Plan - Growth Option,Axis Mutual Fund
03-08-2023,78.64860,120503,Axis ELSS Tax Saver Fund - Direct Plan - Growth Option,Axis Mutual Fund
02-08-2023,79.16480,120503,Axis ELSS Tax Saver Fund - Direct Plan - Growth Option,Axis Mutual Fund
01-08-2023,79.80180,120503,Axis ELSS Tax Saver Fund - Direct Plan - Growth Option,Axis Mutual Fund
31-07-2023,79.69690,120503,Axis ELSS Tax Saver Fund - Direct Plan - Growth Option,Axis Mutual Fund
28-07-2023,79.58130,120503,Axis ELSS Tax Saver Fund - Direct Plan - Growth Option,Axis Mutual Fund
27-07-2023,79.22790,120503,Axis ELSS Tax Saver Fund - Direct Plan - Growth Option,Axis Mutual Fund
26-07-2023,79.74240,120503,Axis ELSS Tax Saver Fund - Direct Plan - Growth Option,Axis Mutual Fund
25-07-2023,79.73520,120503,Axis ELSS Tax Saver Fund - Direct Plan - Growth Option,Axis Mutual Fund
24-07-2023,79.67200,120503,Axis ELSS Tax Saver Fund - Direct Plan - Growth Option,Axis Mutual Fund
21-07-2023,79.91040,120503,Axis ELSS Tax Saver Fund - Direct Plan - Growth Option,Axis Mutual Fund
20-07-2023,80.24200,120503,Axis ELSS Tax Saver Fund - Direct Plan - Growth Option,Axis Mutual Fund
19-07-2023,80.41380,120503,Axis ELSS Tax Saver Fund - Direct Plan - Growth Option,Axis Mutual Fund
18-07-2023,79.83050,120503,Axis ELSS Tax Saver Fund - Direct Plan - Growth Option,Axis Mutual Fund
17-07-2023,80.18990,120503,Axis ELSS Tax Saver Fund - Direct Plan - Growth Option,Axis Mutual Fund
14-07-2023,80.29970,120503,Axis ELSS Tax Saver Fund - Direct Plan - Growth Option,Axis Mutual Fund
13-07-2023,79.50800,120503,Axis ELSS Tax Saver Fund - Direct Plan - Growth Option,Axis Mutual Fund
12-07-2023,79.32020,120503,Axis ELSS Tax Saver Fund - Direct Plan - Growth Option,Axis Mutual Fund
11-07-2023,79.14980,120503,Axis ELSS Tax Saver Fund - Direct Plan - Growth Option,Axis Mutual Fund
10-07-2023,78.88910,120503,Axis ELSS Tax Saver Fund - Direct Plan - Growth Option,Axis Mutual Fund
07-07-2023,79.68890,120503,Axis ELSS Tax Saver Fund - Direct Plan - Growth Option,Axis Mutual Fund
06-07-2023,80.37880,120503,Axis ELSS Tax Saver Fund - Direct Plan - Growth Option,Axis Mutual Fund
05-07-2023,79.99620,120503,Axis ELSS Tax Saver Fund - Direct Plan - Growth Option,Axis Mutual Fund
04-07-2023,79.78790,120503,Axis ELSS Tax Saver Fund - Direct Plan - Growth Option,Axis Mutual Fund
03-07-2023,79.14170,120503,Axis ELSS Tax Saver Fund - Direct Plan - Growth Option,Axis Mutual Fund
30-06-2023,79.08150,120503,Axis ELSS Tax Saver Fund - Direct Plan - Growth Option,Axis Mutual Fund
28-06-2023,78.64240,120503,Axis ELSS Tax Saver Fund - Direct Plan - Growth Option,Axis Mutual Fund
27-06-2023,78.15010,120503,Axis ELSS Tax Saver Fund - Direct Plan - Growth Option,Axis Mutual Fund
26-06-2023,77.80000,120503,Axis ELSS Tax Saver Fund - Direct Plan - Growth Option,Axis Mutual Fund
23-06-2023,77.64830,120503,Axis ELSS Tax Saver Fund - Direct Plan - Growth Option,Axis Mutual Fund
22-06-2023,78.33750,120503,Axis ELSS Tax Saver Fund - Direct Plan - Growth Option,Axis Mutual Fund
21-06-2023,79.29990,120503,Axis ELSS Tax Saver Fund - Direct Plan - Growth Option,Axis Mutual Fund
20-06-2023,79.25900,120503,Axis ELSS Tax Saver Fund - Direct Plan - Growth Option,Axis Mutual Fund
19-06-2023,79.33490,120503,Axis ELSS Tax Saver Fund - Direct Plan - Growth Option,Axis Mutual Fund
16-06-2023,79.38260,120503,Axis ELSS Tax Saver Fund - Direct Plan - Growth Option,Axis Mutual Fund
15-06-2023,78.52730,120503,Axis ELSS Tax Saver Fund - Direct Plan - Growth Option,Axis Mutual Fund
14-06-2023,77.96510,120503,Axis ELSS Tax Saver Fund - Direct Plan - Growth Option,Axis Mutual Fund
13-06-2023,77.95650,120503,Axis ELSS Tax Saver Fund - Direct Plan - Growth Option,Axis Mutual Fund
12-06-2023,77.42860,120503,Axis ELSS Tax Saver Fund - Direct Plan - Growth Option,Axis Mutual Fund
09-06-2023,76.92040,120503,Axis ELSS Tax Saver Fund - Direct Plan - Growth Option,Axis Mutual Fund
08-06-2023,76.83570,120503,Axis ELSS Tax Saver Fund - Direct Plan - Growth Option,Axis Mutual Fund
07-06-2023,77.60090,120503,Axis ELSS Tax Saver Fund - Direct Plan - Growth Option,Axis Mutual Fund
06-06-2023,76.56040,120503,Axis ELSS Tax Saver Fund - Direct Plan - Growth Option,Axis Mutual Fund
05-06-2023,76.14440,120503,Axis ELSS Tax Saver Fund - Direct Plan - Growth Option,Axis Mutual Fund
02-06-2023,76.11860,120503,Axis ELSS Tax Saver Fund - Direct Plan - Growth Option,Axis Mutual Fund
01-06-2023,75.94640,120503,Axis ELSS Tax Saver Fund - Direct Plan - Growth Option,Axis Mutual Fund
31-05-2023,75.57680,120503,Axis ELSS Tax Saver Fund - Direct Plan - Growth Option,Axis Mutual Fund
30-05-2023,75.62530,120503,Axis ELSS Tax Saver Fund - Direct Plan - Growth Option,Axis Mutual Fund
29-05-2023,75.57850,120503,Axis ELSS Tax Saver Fund - Direct Plan - Growth Option,Axis Mutual Fund
26-05-2023,75.25490,120503,Axis ELSS Tax Saver Fund - Direct Plan - Growth Option,Axis Mutual Fund
25-05-2023,74.21470,120503,Axis ELSS Tax Saver Fund - Direct Plan - Growth Option,Axis Mutual Fund
24-05-2023,73.90940,120503,Axis ELSS Tax Saver Fund - Direct Plan - Growth Option,Axis Mutual Fund
23-05-2023,74.11110,120503,Axis ELSS Tax Saver Fund - Direct Plan - Growth Option,Axis Mutual Fund
22-05-2023,73.76220,120503,Axis ELSS Tax Saver Fund - Direct Plan - Growth Option,Axis Mutual Fund
19-05-2023,73.29150,120503,Axis ELSS Tax Saver Fund - Direct Plan - Growth Option,Axis Mutual Fund
18-05-2023,73.05670,120503,Axis ELSS Tax Saver Fund - Direct Plan - Growth Option,Axis Mutual Fund
17-05-2023,73.25580,120503,Axis ELSS Tax Saver Fund - Direct Plan - Growth Option,Axis Mutual Fund
16-05-2023,73.87300,120503,Axis ELSS Tax Saver Fund - Direct Plan - Growth Option,Axis Mutual Fund
15-05-2023,73.92060,120503,Axis ELSS Tax Saver Fund - Direct Plan - Growth Option,Axis Mutual Fund
12-05-2023,74.20780,120503,Axis ELSS Tax Saver Fund - Direct Plan - Growth Option,Axis Mutual Fund
11-05-2023,74.26380,120503,Axis ELSS Tax Saver Fund - Direct Plan - Growth Option,Axis Mutual Fund
10-05-2023,74.11240,120503,Axis ELSS Tax Saver Fund - Direct Plan - Growth Option,Axis Mutual Fund
09-05-2023,73.70850,120503,Axis ELSS Tax Saver Fund - Direct Plan - Growth Option,Axis Mutual Fund
08-05-2023,73.70650,120503,Axis ELSS Tax Saver Fund - Direct Plan - Growth Option,Axis Mutual Fund
05-05-2023,72.79810,120503,Axis ELSS Tax Saver Fund - Direct Plan - Growth Option,Axis Mutual Fund
04-05-2023,72.91850,120503,Axis ELSS Tax Saver Fund - Direct Plan - Growth Option,Axis Mutual Fund
03-05-2023,72.01980,120503,Axis ELSS Tax Saver Fund - Direct Plan - Growth Option,Axis Mutual Fund
02-05-2023,71.94510,120503,Axis ELSS Tax Saver Fund - Direct Plan - Growth Option,Axis Mutual Fund
28-04-2023,71.97980,120503,Axis ELSS Tax Saver Fund - Direct Plan - Growth Option,Axis Mutual Fund
27-04-2023,70.83280,120503,Axis ELSS Tax Saver Fund - Direct Plan - Growth Option,Axis Mutual Fund
26-04-2023,70.26510,120503,Axis ELSS Tax Saver Fund - Direct Plan - Growth Option,Axis Mutual Fund
25-04-2023,70.26220,120503,Axis ELSS Tax Saver Fund - Direct Plan - Growth Option,Axis Mutual Fund
24-04-2023,70.13510,120503,Axis ELSS Tax Saver Fund - Direct Plan - Growth Option,Axis Mutual Fund
21-04-2023,70.04720,120503,Axis ELSS Tax Saver Fund - Direct Plan - Growth Option,Axis Mutual Fund
20-04-2023,69.88400,120503,Axis ELSS Tax Saver Fund - Direct Plan - Growth Option,Axis Mutual Fund
19-04-2023,70.09910,120503,Axis ELSS Tax Saver Fund - Direct Plan - Growth Option,Axis Mutual Fund
18-04-2023,70.28520,120503,Axis ELSS Tax Saver Fund - Direct Plan - Growth Option,Axis Mutual Fund
17-04-2023,69.92520,120503,Axis ELSS Tax Saver Fund - Direct Plan - Growth Option,Axis Mutual Fund
13-04-2023,70.00080,120503,Axis ELSS Tax Saver Fund - Direct Plan - Growth Option,Axis Mutual Fund
12-04-2023,69.88810,120503,Axis ELSS Tax Saver Fund - Direct Plan - Growth Option,Axis Mutual Fund
11-04-2023,69.47780,120503,Axis ELSS Tax Saver Fund - Direct Plan - Growth Option,Axis Mutual Fund
10-04-2023,68.87530,120503,Axis ELSS Tax Saver Fund - Direct Plan - Growth Option,Axis Mutual Fund
06-04-2023,69.07300,120503,Axis ELSS Tax Saver Fund - Direct Plan - Growth Option,Axis Mutual Fund
05-04-2023,68.80800,120503,Axis ELSS Tax Saver Fund - Direct Plan - Growth Option,Axis Mutual Fund
03-04-2023,68.13510,120503,Axis ELSS Tax Saver Fund - Direct Plan - Growth Option,Axis Mutual Fund
31-03-2023,67.54880,120503,Axis ELSS Tax Saver Fund - Direct Plan - Growth Option,Axis Mutual Fund
29-03-2023,66.72650,120503,Axis ELSS Tax Saver Fund - Direct Plan - Growth Option,Axis Mutual Fund
28-03-2023,65.99990,120503,Axis ELSS Tax Saver Fund - Direct Plan - Growth Option,Axis Mutual Fund
27-03-2023,66.02370,120503,Axis ELSS Tax Saver Fund - Direct Plan - Growth Option,Axis Mutual Fund
24-03-2023,66.23640,120503,Axis ELSS Tax Saver Fund - Direct Plan - Growth Option,Axis Mutual Fund
23-03-2023,66.78880,120503,Axis ELSS Tax Saver Fund - Direct Plan - Growth Option,Axis Mutual Fund
22-03-2023,66.89340,120503,Axis ELSS Tax Saver Fund - Direct Plan - Growth Option,Axis Mutual Fund
21-03-2023,66.50760,120503,Axis ELSS Tax Saver Fund - Direct Plan - Growth Option,Axis Mutual Fund
20-03-2023,66.32910,120503,Axis ELSS Tax Saver Fund - Direct Plan - Growth Option,Axis Mutual Fund
17-03-2023,66.87840,120503,Axis ELSS Tax Saver Fund - Direct Plan - Growth Option,Axis Mutual Fund
16-03-2023,66.68610,120503,Axis ELSS Tax Saver Fund - Direct Plan - Growth Option,Axis Mutual Fund
15-03-2023,66.40410,120503,Axis ELSS Tax Saver Fund - Direct Plan - Growth Option,Axis Mutual Fund
14-03-2023,66.48650,120503,Axis ELSS Tax Saver Fund - Direct Plan - Growth Option,Axis Mutual Fund
13-03-2023,67.03930,120503,Axis ELSS Tax Saver Fund - Direct Plan - Growth Option,Axis Mutual Fund
10-03-2023,67.96650,120503,Axis ELSS Tax Saver Fund - Direct Plan - Growth Option,Axis Mutual Fund
09-03-2023,68.44960,120503,Axis ELSS Tax Saver Fund - Direct Plan - Growth Option,Axis Mutual Fund
08-03-2023,69.03080,120503,Axis ELSS Tax Saver Fund - Direct Plan - Growth Option,Axis Mutual Fund
06-03-2023,69.15850,120503,Axis ELSS Tax Saver Fund - Direct Plan - Growth Option,Axis Mutual Fund
03-03-2023,68.72090,120503,Axis ELSS Tax Saver Fund - Direct Plan - Growth Option,Axis Mutual Fund
02-03-2023,68.54250,120503,Axis ELSS Tax Saver Fund - Direct Plan - Growth Option,Axis Mutual Fund
01-03-2023,68.92110,120503,Axis ELSS Tax Saver Fund - Direct Plan - Growth Option,Axis Mutual Fund
28-02-2023,68.38050,120503,Axis ELSS Tax Saver Fund - Direct Plan - Growth Option,Axis Mutual Fund
27-02-2023,68.48240,120503,Axis ELSS Tax Saver Fund - Direct Plan - Growth Option,Axis Mutual Fund
24-02-2023,68.71260,120503,Axis ELSS Tax Saver Fund - Direct Plan - Growth Option,Axis Mutual Fund
23-02-2023,68.70630,120503,Axis ELSS Tax Saver Fund - Direct Plan - Growth Option,Axis Mutual Fund
22-02-2023,68.92480,120503,Axis ELSS Tax Saver Fund - Direct Plan - Growth Option,Axis Mutual Fund
21-02-2023,69.94270,120503,Axis ELSS Tax Saver Fund - Direct Plan - Growth Option,Axis Mutual Fund
20-02-2023,69.94590,120503,Axis ELSS Tax Saver Fund - Direct Plan - Growth Option,Axis Mutual Fund
17-02-2023,70.00190,120503,Axis ELSS Tax Saver Fund - Direct Plan - Growth Option,Axis Mutual Fund
16-02-2023,70.58160,120503,Axis ELSS Tax Saver Fund - Direct Plan - Growth Option,Axis Mutual Fund
15-02-2023,70.06320,120503,Axis ELSS Tax Saver Fund - Direct Plan - Growth Option,Axis Mutual Fund
14-02-2023,69.18660,120503,Axis ELSS Tax Saver Fund - Direct Plan - Growth Option,Axis Mutual Fund
13-02-2023,68.96610,120503,Axis ELSS Tax Saver Fund - Direct Plan - Growth Option,Axis Mutual Fund
10-02-2023,69.81540,120503,Axis ELSS Tax Saver Fund - Direct Plan - Growth Option,Axis Mutual Fund
09-02-2023,69.81430,120503,Axis ELSS Tax Saver Fund - Direct Plan - Growth Option,Axis Mutual Fund
08-02-2023,69.66560,120503,Axis ELSS Tax Saver Fund - Direct Plan - Growth Option,Axis Mutual Fund
07-02-2023,68.88480,120503,Axis ELSS Tax Saver Fund - Direct Plan - Growth Option,Axis Mutual Fund
06-02-2023,68.79950,120503,Axis ELSS Tax Saver Fund - Direct Plan - Growth Option,Axis Mutual Fund
03-02-2023,68.93600,120503,Axis ELSS Tax Saver Fund - Direct Plan - Growth Option,Axis Mutual Fund
02-02-2023,68.52720,120503,Axis ELSS Tax Saver Fund - Direct Plan - Growth Option,Axis Mutual Fund
01-02-2023,68.57510,120503,Axis ELSS Tax Saver Fund - Direct Plan - Growth Option,Axis Mutual Fund
31-01-2023,68.34420,120503,Axis ELSS Tax Saver Fund - Direct Plan - Growth Option,Axis Mutual Fund
30-01-2023,68.48190,120503,Axis ELSS Tax Saver Fund - Direct Plan - Growth Option,Axis Mutual Fund
27-01-2023,68.05930,120503,Axis ELSS Tax Saver Fund - Direct Plan - Growth Option,Axis Mutual Fund
25-01-2023,68.44870,120503,Axis ELSS Tax Saver Fund - Direct Plan - Growth Option,Axis Mutual Fund
24-01-2023,69.23820,120503,Axis ELSS Tax Saver Fund - Direct Plan - Growth Option,Axis Mutual Fund
23-01-2023,69.36240,120503,Axis ELSS Tax Saver Fund - Direct Plan - Growth Option,Axis Mutual Fund
20-01-2023,69.02390,120503,Axis ELSS Tax Saver Fund - Direct Plan - Growth Option,Axis Mutual Fund
19-01-2023,69.49720,120503,Axis ELSS Tax Saver Fund - Direct Plan - Growth Option,Axis Mutual Fund
18-01-2023,70.04820,120503,Axis ELSS Tax Saver Fund - Direct Plan - Growth Option,Axis Mutual Fund
17-01-2023,69.86920,120503,Axis ELSS Tax Saver Fund - Direct Plan - Growth Option,Axis Mutual Fund
16-01-2023,69.65900,120503,Axis ELSS Tax Saver Fund - Direct Plan - Growth Option,Axis Mutual Fund
13-01-2023,70.26300,120503,Axis ELSS Tax Saver Fund - Direct Plan - Growth Option,Axis Mutual Fund
12-01-2023,70.10170,120503,Axis ELSS Tax Saver Fund - Direct Plan - Growth Option,Axis Mutual Fund
11-01-2023,70.03020,120503,Axis ELSS Tax Saver Fund - Direct Plan - Growth Option,Axis Mutual Fund
10-01-2023,70.32950,120503,Axis ELSS Tax Saver Fund - Direct Plan - Growth Option,Axis Mutual Fund
09-01-2023,70.68000,120503,Axis ELSS Tax Saver Fund - Direct Plan - Growth Option,Axis Mutual Fund
06-01-2023,70.00520,120503,Axis ELSS Tax Saver Fund - Direct Plan - Growth Option,Axis Mutual Fund
05-01-2023,70.78170,120503,Axis ELSS Tax Saver Fund - Direct Plan - Growth Option,Axis Mutual Fund
04-01-2023,71.62330,120503,Axis ELSS Tax Saver Fund - Direct Plan - Growth Option,Axis Mutual Fund
03-01-2023,72.43880,120503,Axis ELSS Tax Saver Fund - Direct Plan - Growth Option,Axis Mutual Fund
02-01-2023,72.14870,120503,Axis ELSS Tax Saver Fund - Direct Plan - Growth Option,Axis Mutual Fund
30-12-2022,72.11330,120503,Axis ELSS Tax Saver Fund - Direct Plan - Growth Option,Axis Mutual Fund
29-12-2022,72.32600,120503,Axis ELSS Tax Saver Fund - Direct Plan - Growth Option,Axis Mutual Fund
28-12-2022,72.23900,120503,Axis ELSS Tax Saver Fund - Direct Plan - Growth Option,Axis Mutual Fund
27-12-2022,72.26960,120503,Axis ELSS Tax Saver Fund - Direct Plan - Growth Option,Axis Mutual Fund
26-12-2022,71.80640,120503,Axis ELSS Tax Saver Fund - Direct Plan - Growth Option,Axis Mutual Fund
23-12-2022,70.96870,120503,Axis ELSS Tax Saver Fund - Direct Plan - Growth Option,Axis Mutual Fund
22-12-2022,72.42650,120503,Axis ELSS Tax Saver Fund - Direct Plan - Growth Option,Axis Mutual Fund
21-12-2022,72.99390,120503,Axis ELSS Tax Saver Fund - Direct Plan - Growth Option,Axis Mutual Fund
20-12-2022,73.60850,120503,Axis ELSS Tax Saver Fund - Direct Plan - Growth Option,Axis Mutual Fund
19-12-2022,73.75650,120503,Axis ELSS Tax Saver Fund - Direct Plan - Growth Option,Axis Mutual Fund
16-12-2022,73.05350,120503,Axis ELSS Tax Saver Fund - Direct Plan - Growth Option,Axis Mutual Fund
15-12-2022,74.00030,120503,Axis ELSS Tax Saver Fund - Direct Plan - Growth Option,Axis Mutual Fund
14-12-2022,74.79810,120503,Axis ELSS Tax Saver Fund - Direct Plan - Growth Option,Axis Mutual Fund
13-12-2022,74.29430,120503,Axis ELSS Tax Saver Fund - Direct Plan - Growth Option,Axis Mutual Fund
12-12-2022,73.81440,120503,Axis ELSS Tax Saver Fund - Direct Plan - Growth Option,Axis Mutual Fund
09-12-2022,73.72580,120503,Axis ELSS Tax Saver Fund - Direct Plan - Growth Option,Axis Mutual Fund
08-12-2022,74.08090,120503,Axis ELSS Tax Saver Fund - Direct Plan - Growth Option,Axis Mutual Fund
07-12-2022,74.20840,120503,Axis ELSS Tax Saver Fund - Direct Plan - Growth Option,Axis Mutual Fund
06-12-2022,74.57490,120503,Axis ELSS Tax Saver Fund - Direct Plan - Growth Option,Axis Mutual Fund
05-12-2022,74.58970,120503,Axis ELSS Tax Saver Fund - Direct Plan - Growth Option,Axis Mutual Fund
02-12-2022,74.55480,120503,Axis ELSS Tax Saver Fund - Direct Plan - Growth Option,Axis Mutual Fund
01-12-2022,74.71240,120503,Axis ELSS Tax Saver Fund - Direct Plan - Growth Option,Axis Mutual Fund
30-11-2022,74.36070,120503,Axis ELSS Tax Saver Fund - Direct Plan - Growth Option,Axis Mutual Fund
29-11-2022,73.80420,120503,Axis ELSS Tax Saver Fund - Direct Plan - Growth Option,Axis Mutual Fund
28-11-2022,73.75880,120503,Axis ELSS Tax Saver Fund - Direct Plan - Growth Option,Axis Mutual Fund
25-11-2022,73.40580,120503,Axis ELSS Tax Saver Fund - Direct Plan - Growth Option,Axis Mutual Fund
24-11-2022,73.48420,120503,Axis ELSS Tax Saver Fund - Direct Plan - Growth Option,Axis Mutual Fund
23-11-2022,73.08080,120503,Axis ELSS Tax Saver Fund - Direct Plan - Growth Option,Axis Mutual Fund
22-11-2022,72.83930,120503,Axis ELSS Tax Saver Fund - Direct Plan - Growth Option,Axis Mutual Fund
21-11-2022,72.52270,120503,Axis ELSS Tax Saver Fund - Direct Plan - Growth Option,Axis Mutual Fund
18-11-2022,73.03310,120503,Axis ELSS Tax Saver Fund - Direct Plan - Growth Option,Axis Mutual Fund
17-11-2022,73.30320,120503,Axis ELSS Tax Saver Fund - Direct Plan - Growth Option,Axis Mutual Fund
16-11-2022,73.97990,120503,Axis ELSS Tax Saver Fund - Direct Plan - Growth Option,Axis Mutual Fund
15-11-2022,74.22660,120503,Axis ELSS Tax Saver Fund - Direct Plan - Growth Option,Axis Mutual Fund
14-11-2022,74.43360,120503,Axis ELSS Tax Saver Fund - Direct Plan - Growth Option,Axis Mutual Fund
11-11-2022,74.23790,120503,Axis ELSS Tax Saver Fund - Direct Plan - Growth Option,Axis Mutual Fund
10-11-2022,73.28770,120503,Axis ELSS Tax Saver Fund - Direct Plan - Growth Option,Axis Mutual Fund
09-11-2022,74.06950,120503,Axis ELSS Tax Saver Fund - Direct Plan - Growth Option,Axis Mutual Fund
07-11-2022,74.36830,120503,Axis ELSS Tax Saver Fund - Direct Plan - Growth Option,Axis Mutual Fund
04-11-2022,74.63550,120503,Axis ELSS Tax Saver Fund - Direct Plan - Growth Option,Axis Mutual Fund
03-11-2022,74.45120,120503,Axis ELSS Tax Saver Fund - Direct Plan - Growth Option,Axis Mutual Fund
02-11-2022,74.56260,120503,Axis ELSS Tax Saver Fund - Direct Plan - Growth Option,Axis Mutual Fund
01-11-2022,74.82900,120503,Axis ELSS Tax Saver Fund - Direct Plan - Growth Option,Axis Mutual Fund
31-10-2022,73.99840,120503,Axis ELSS Tax Saver Fund - Direct Plan - Growth Option,Axis Mutual Fund
28-10-2022,73.01080,120503,Axis ELSS Tax Saver Fund - Direct Plan - Growth Option,Axis Mutual Fund
27-10-2022,73.08330,120503,Axis ELSS Tax Saver Fund - Direct Plan - Growth Option,Axis Mutual Fund
25-10-2022,73.21240,120503,Axis ELSS Tax Saver Fund - Direct Plan - Growth Option,Axis Mutual Fund
21-10-2022,73.15740,120503,Axis ELSS Tax Saver Fund - Direct Plan - Growth Option,Axis Mutual Fund
20-10-2022,74.00230,120503,Axis ELSS Tax Saver Fund - Direct Plan - Growth Option,Axis Mutual Fund
19-10-2022,73.52500,120503,Axis ELSS Tax Saver Fund - Direct Plan - Growth Option,Axis Mutual Fund
18-10-2022,73.31220,120503,Axis ELSS Tax Saver Fund - Direct Plan - Growth Option,Axis Mutual Fund
17-10-2022,72.93900,120503,Axis ELSS Tax Saver Fund - Direct Plan - Growth Option,Axis Mutual Fund
14-10-2022,72.69220,120503,Axis ELSS Tax Saver Fund - Direct Plan - Growth Option,Axis Mutual Fund
13-10-2022,72.26930,120503,Axis ELSS Tax Saver Fund - Direct Plan - Growth Option,Axis Mutual Fund
12-10-2022,72.74050,120503,Axis ELSS Tax Saver Fund - Direct Plan - Growth Option,Axis Mutual Fund
11-10-2022,72.13440,120503,Axis ELSS Tax Saver Fund - Direct Plan - Growth Option,Axis Mutual Fund
10-10-2022,73.32590,120503,Axis ELSS Tax Saver Fund - Direct Plan - Growth Option,Axis Mutual Fund
07-10-2022,73.88030,120503,Axis ELSS Tax Saver Fund - Direct Plan - Growth Option,Axis Mutual Fund
06-10-2022,74.07280,120503,Axis ELSS Tax Saver Fund - Direct Plan - Growth Option,Axis Mutual Fund
04-10-2022,74.19160,120503,Axis ELSS Tax Saver Fund - Direct Plan - Growth Option,Axis Mutual Fund
03-10-2022,72.51150,120503,Axis ELSS Tax Saver Fund - Direct Plan - Growth Option,Axis Mutual Fund
30-09-2022,73.17400,120503,Axis ELSS Tax Saver Fund - Direct Plan - Growth Option,Axis Mutual Fund
29-09-2022,72.14390,120503,Axis ELSS Tax Saver Fund - Direct Plan - Growth Option,Axis Mutual Fund
28-09-2022,72.52380,120503,Axis ELSS Tax Saver Fund - Direct Plan - Growth Option,Axis Mutual Fund
27-09-2022,72.79360,120503,Axis ELSS Tax Saver Fund - Direct Plan - Growth Option,Axis Mutual Fund
26-09-2022,72.71490,120503,Axis ELSS Tax Saver Fund - Direct Plan - Growth Option,Axis Mutual Fund
23-09-2022,74.13280,120503,Axis ELSS Tax Saver Fund - Direct Plan - Growth Option,Axis Mutual Fund
22-09-2022,75.55080,120503,Axis ELSS Tax Saver Fund - Direct Plan - Growth Option,Axis Mutual Fund
21-09-2022,75.55460,120503,Axis ELSS Tax Saver Fund - Direct Plan - Growth Option,Axis Mutual Fund
20-09-2022,76.15360,120503,Axis ELSS Tax Saver Fund - Direct Plan - Growth Option,Axis Mutual Fund
19-09-2022,75.47710,120503,Axis ELSS Tax Saver Fund - Direct Plan - Growth Option,Axis Mutual Fund
16-09-2022,74.95100,120503,Axis ELSS Tax Saver Fund - Direct Plan - Growth Option,Axis Mutual Fund
15-09-2022,76.91840,120503,Axis ELSS Tax Saver Fund - Direct Plan - Growth Option,Axis Mutual Fund
14-09-2022,77.09200,120503,Axis ELSS Tax Saver Fund - Direct Plan - Growth Option,Axis Mutual Fund
13-09-2022,77.34550,120503,Axis ELSS Tax Saver Fund - Direct Plan - Growth Option,Axis Mutual Fund
12-09-2022,76.92530,120503,Axis ELSS Tax Saver Fund - Direct Plan - Growth Option,Axis Mutual Fund
09-09-2022,76.64100,120503,Axis ELSS Tax Saver Fund - Direct Plan - Growth Option,Axis Mutual Fund
08-09-2022,76.62770,120503,Axis ELSS Tax Saver Fund - Direct Plan - Growth Option,Axis Mutual Fund
07-09-2022,76.05210,120503,Axis ELSS Tax Saver Fund - Direct Plan - Growth Option,Axis Mutual Fund
06-09-2022,75.95210,120503,Axis ELSS Tax Saver Fund - Direct Plan - Growth Option,Axis Mutual Fund
05-09-2022,76.34280,120503,Axis ELSS Tax Saver Fund - Direct Plan - Growth Option,Axis Mutual Fund
02-09-2022,76.29540,120503,Axis ELSS Tax Saver Fund - Direct Plan - Growth Option,Axis Mutual Fund
01-09-2022,76.04560,120503,Axis ELSS Tax Saver Fund - Direct Plan - Growth Option,Axis Mutual Fund
30-08-2022,76.22110,120503,Axis ELSS Tax Saver Fund - Direct Plan - Growth Option,Axis Mutual Fund
29-08-2022,74.33210,120503,Axis ELSS Tax Saver Fund - Direct Plan - Growth Option,Axis Mutual Fund
26-08-2022,75.27540,120503,Axis ELSS Tax Saver Fund - Direct Plan - Growth Option,Axis Mutual Fund
25-08-2022,74.95460,120503,Axis ELSS Tax Saver Fund - Direct Plan - Growth Option,Axis Mutual Fund
24-08-2022,75.10450,120503,Axis ELSS Tax Saver Fund - Direct Plan - Growth Option,Axis Mutual Fund
23-08-2022,74.72550,120503,Axis ELSS Tax Saver Fund - Direct Plan - Growth Option,Axis Mutual Fund
22-08-2022,74.40930,120503,Axis ELSS Tax Saver Fund - Direct Plan - Growth Option,Axis Mutual Fund
19-08-2022,75.79180,120503,Axis ELSS Tax Saver Fund - Direct Plan - Growth Option,Axis Mutual Fund
18-08-2022,76.67290,120503,Axis ELSS Tax Saver Fund - Direct Plan - Growth Option,Axis Mutual Fund
17-08-2022,76.52860,120503,Axis ELSS Tax Saver Fund - Direct Plan - Growth Option,Axis Mutual Fund
16-08-2022,75.85120,120503,Axis ELSS Tax Saver Fund - Direct Plan - Growth Option,Axis Mutual Fund
12-08-2022,75.32280,120503,Axis ELSS Tax Saver Fund - Direct Plan - Growth Option,Axis Mutual Fund
11-08-2022,75.32370,120503,Axis ELSS Tax Saver Fund - Direct Plan - Growth Option,Axis Mutual Fund
10-08-2022,74.45440,120503,Axis ELSS Tax Saver Fund - Direct Plan - Growth Option,Axis Mutual Fund
08-08-2022,74.89760,120503,Axis ELSS Tax Saver Fund - Direct Plan - Growth Option,Axis Mutual Fund
05-08-2022,74.60440,120503,Axis ELSS Tax Saver Fund - Direct Plan - Growth Option,Axis Mutual Fund
04-08-2022,74.22720,120503,Axis ELSS Tax Saver Fund - Direct Plan - Growth Option,Axis Mutual Fund
03-08-2022,73.88280,120503,Axis ELSS Tax Saver Fund - Direct Plan - Growth Option,Axis Mutual Fund
02-08-2022,74.03040,120503,Axis ELSS Tax Saver Fund - Direct Plan - Growth Option,Axis Mutual Fund
01-08-2022,73.70950,120503,Axis ELSS Tax Saver Fund - Direct Plan - Growth Option,Axis Mutual Fund
29-07-2022,72.99470,120503,Axis ELSS Tax Saver Fund - Direct Plan - Growth Option,Axis Mutual Fund
28-07-2022,71.90630,120503,Axis ELSS Tax Saver Fund - Direct Plan - Growth Option,Axis Mutual Fund
27-07-2022,69.85250,120503,Axis ELSS Tax Saver Fund - Direct Plan - Growth Option,Axis Mutual Fund
26-07-2022,69.13260,120503,Axis ELSS Tax Saver Fund - Direct Plan - Growth Option,Axis Mutual Fund
25-07-2022,69.76730,120503,Axis ELSS Tax Saver Fund - Direct Plan - Growth Option,Axis Mutual Fund
22-07-2022,69.96010,120503,Axis ELSS Tax Saver Fund - Direct Plan - Growth Option,Axis Mutual Fund
21-07-2022,69.96090,120503,Axis ELSS Tax Saver Fund - Direct Plan - Growth Option,Axis Mutual Fund
20-07-2022,69.12520,120503,Axis ELSS Tax Saver Fund - Direct Plan - Growth Option,Axis Mutual Fund
19-07-2022,68.92500,120503,Axis ELSS Tax Saver Fund - Direct Plan - Growth Option,Axis Mutual Fund
18-07-2022,68.61550,120503,Axis ELSS Tax Saver Fund - Direct Plan - Growth Option,Axis Mutual Fund
15-07-2022,67.56910,120503,Axis ELSS Tax Saver Fund - Direct Plan - Growth Option,Axis Mutual Fund
14-07-2022,67.00150,120503,Axis ELSS Tax Saver Fund - Direct Plan - Growth Option,Axis Mutual Fund
13-07-2022,67.10570,120503,Axis ELSS Tax Saver Fund - Direct Plan - Growth Option,Axis Mutual Fund
12-07-2022,66.94950,120503,Axis ELSS Tax Saver Fund - Direct Plan - Growth Option,Axis Mutual Fund
11-07-2022,67.74320,120503,Axis ELSS Tax Saver Fund - Direct Plan - Growth Option,Axis Mutual Fund
08-07-2022,67.70090,120503,Axis ELSS Tax Saver Fund - Direct Plan - Growth Option,Axis Mutual Fund
07-07-2022,67.53700,120503,Axis ELSS Tax Saver Fund - Direct Plan - Growth Option,Axis Mutual Fund
06-07-2022,67.14820,120503,Axis ELSS Tax Saver Fund - Direct Plan - Growth Option,Axis Mutual Fund
05-07-2022,65.71510,120503,Axis ELSS Tax Saver Fund - Direct Plan - Growth Option,Axis Mutual Fund
04-07-2022,65.61050,120503,Axis ELSS Tax Saver Fund - Direct Plan - Growth Option,Axis Mutual Fund
01-07-2022,65.08770,120503,Axis ELSS Tax Saver Fund - Direct Plan - Growth Option,Axis Mutual Fund
30-06-2022,64.36040,120503,Axis ELSS Tax Saver Fund - Direct Plan - Growth Option,Axis Mutual Fund
29-06-2022,64.81330,120503,Axis ELSS Tax Saver Fund - Direct Plan - Growth Option,Axis Mutual Fund
28-06-2022,65.42750,120503,Axis ELSS Tax Saver Fund - Direct Plan - Growth Option,Axis Mutual Fund
27-06-2022,65.52880,120503,Axis ELSS Tax Saver Fund - Direct Plan - Growth Option,Axis Mutual Fund
24-06-2022,65.24310,120503,Axis ELSS Tax Saver Fund - Direct Plan - Growth Option,Axis Mutual Fund
23-06-2022,64.47000,120503,Axis ELSS Tax Saver Fund - Direct Plan - Growth Option,Axis Mutual Fund
22-06-2022,63.70740,120503,Axis ELSS Tax Saver Fund - Direct Plan - Growth Option,Axis Mutual Fund
21-06-2022,64.42330,120503,Axis ELSS Tax Saver Fund - Direct Plan - Growth Option,Axis Mutual Fund
20-06-2022,63.37800,120503,Axis ELSS Tax Saver Fund - Direct Plan - Growth Option,Axis Mutual Fund
17-06-2022,62.98520,120503,Axis ELSS Tax Saver Fund - Direct Plan - Growth Option,Axis Mutual Fund
16-06-2022,63.74590,120503,Axis ELSS Tax Saver Fund - Direct Plan - Growth Option,Axis Mutual Fund
15-06-2022,64.85680,120503,Axis ELSS Tax Saver Fund - Direct Plan - Growth Option,Axis Mutual Fund
14-06-2022,64.39930,120503,Axis ELSS Tax Saver Fund - Direct Plan - Growth Option,Axis Mutual Fund
13-06-2022,64.43390,120503,Axis ELSS Tax Saver Fund - Direct Plan - Growth Option,Axis Mutual Fund
10-06-2022,66.13390,120503,Axis ELSS Tax Saver Fund - Direct Plan - Growth Option,Axis Mutual Fund
09-06-2022,67.26040,120503,Axis ELSS Tax Saver Fund - Direct Plan - Growth Option,Axis Mutual Fund
08-06-2022,66.93370,120503,Axis ELSS Tax Saver Fund - Direct Plan - Growth Option,Axis Mutual Fund
07-06-2022,66.74120,120503,Axis ELSS Tax Saver Fund - Direct Plan - Growth Option,Axis Mutual Fund
06-06-2022,67.54800,120503,Axis ELSS Tax Saver Fund - Direct Plan - Growth Option,Axis Mutual Fund
03-06-2022,68.07170,120503,Axis ELSS Tax Saver Fund - Direct Plan - Growth Option,Axis Mutual Fund
02-06-2022,68.82760,120503,Axis ELSS Tax Saver Fund - Direct Plan - Growth Option,Axis Mutual Fund
01-06-2022,68.83190,120503,Axis ELSS Tax Saver Fund - Direct Plan - Growth Option,Axis Mutual Fund
31-05-2022,69.13610,120503,Axis ELSS Tax Saver Fund - Direct Plan - Growth Option,Axis Mutual Fund
30-05-2022,68.53300,120503,Axis ELSS Tax Saver Fund - Direct Plan - Growth Option,Axis Mutual Fund
27-05-2022,67.22910,120503,Axis ELSS Tax Saver Fund - Direct Plan - Growth Option,Axis Mutual Fund
26-05-2022,66.16100,120503,Axis ELSS Tax Saver Fund - Direct Plan - Growth Option,Axis Mutual Fund
25-05-2022,65.45570,120503,Axis ELSS Tax Saver Fund - Direct Plan - Growth Option,Axis Mutual Fund
24-05-2022,66.36280,120503,Axis ELSS Tax Saver Fund - Direct Plan - Growth Option,Axis Mutual Fund
23-05-2022,66.65120,120503,Axis ELSS Tax Saver Fund - Direct Plan - Growth Option,Axis Mutual Fund
20-05-2022,66.84720,120503,Axis ELSS Tax Saver Fund - Direct Plan - Growth Option,Axis Mutual Fund
19-05-2022,65.84960,120503,Axis ELSS Tax Saver Fund - Direct Plan - Growth Option,Axis Mutual Fund
18-05-2022,67.77200,120503,Axis ELSS Tax Saver Fund - Direct Plan - Growth Option,Axis Mutual Fund
17-05-2022,67.82710,120503,Axis ELSS Tax Saver Fund - Direct Plan - Growth Option,Axis Mutual Fund
16-05-2022,66.29380,120503,Axis ELSS Tax Saver Fund - Direct Plan - Growth Option,Axis Mutual Fund
13-05-2022,65.43730,120503,Axis ELSS Tax Saver Fund - Direct Plan - Growth Option,Axis Mutual Fund
12-05-2022,65.40830,120503,Axis ELSS Tax Saver Fund - Direct Plan - Growth Option,Axis Mutual Fund
11-05-2022,66.86230,120503,Axis ELSS Tax Saver Fund - Direct Plan - Growth Option,Axis Mutual Fund
10-05-2022,67.74910,120503,Axis ELSS Tax Saver Fund - Direct Plan - Growth Option,Axis Mutual Fund
09-05-2022,68.38160,120503,Axis ELSS Tax Saver Fund - Direct Plan - Growth Option,Axis Mutual Fund
06-05-2022,68.97380,120503,Axis ELSS Tax Saver Fund - Direct Plan - Growth Option,Axis Mutual Fund
05-05-2022,71.89040,120503,Axis ELSS Tax Saver Fund - Direct Plan - Growth Option,Axis Mutual Fund
04-05-2022,71.97290,120503,Axis ELSS Tax Saver Fund - Direct Plan - Growth Option,Axis Mutual Fund
02-05-2022,74.10480,120503,Axis ELSS Tax Saver Fund - Direct Plan - Growth Option,Axis Mutual Fund
29-04-2022,74.25350,120503,Axis ELSS Tax Saver Fund - Direct Plan - Growth Option,Axis Mutual Fund
28-04-2022,74.74580,120503,Axis ELSS Tax Saver Fund - Direct Plan - Growth Option,Axis Mutual Fund
27-04-2022,73.97440,120503,Axis ELSS Tax Saver Fund - Direct Plan - Growth Option,Axis Mutual Fund
26-04-2022,75.21450,120503,Axis ELSS Tax Saver Fund - Direct Plan - Growth Option,Axis Mutual Fund
25-04-2022,74.17430,120503,Axis ELSS Tax Saver Fund - Direct Plan - Growth Option,Axis Mutual Fund
22-04-2022,75.03450,120503,Axis ELSS Tax Saver Fund - Direct Plan - Growth Option,Axis Mutual Fund
21-04-2022,75.48050,120503,Axis ELSS Tax Saver Fund - Direct Plan - Growth Option,Axis Mutual Fund
20-04-2022,74.53450,120503,Axis ELSS Tax Saver Fund - Direct Plan - Growth Option,Axis Mutual Fund
19-04-2022,74.11820,120503,Axis ELSS Tax Saver Fund - Direct Plan - Growth Option,Axis Mutual Fund
18-04-2022,75.40110,120503,Axis ELSS Tax Saver Fund - Direct Plan - Growth Option,Axis Mutual Fund
13-04-2022,76.35840,120503,Axis ELSS Tax Saver Fund - Direct Plan - Growth Option,Axis Mutual Fund
12-04-2022,76.64420,120503,Axis ELSS Tax Saver Fund - Direct Plan - Growth Option,Axis Mutual Fund
11-04-2022,77.40230,120503,Axis ELSS Tax Saver Fund - Direct Plan - Growth Option,Axis Mutual Fund
08-04-2022,77.50070,120503,Axis ELSS Tax Saver Fund - Direct Plan - Growth Option,Axis Mutual Fund
07-04-2022,76.77960,120503,Axis ELSS Tax Saver Fund - Direct Plan - Growth Option,Axis Mutual Fund
06-04-2022,77.28410,120503,Axis ELSS Tax Saver Fund - Direct Plan - Growth Option,Axis Mutual Fund
05-04-2022,77.86180,120503,Axis ELSS Tax Saver Fund - Direct Plan - Growth Option,Axis Mutual Fund
04-04-2022,77.74010,120503,Axis ELSS Tax Saver Fund - Direct Plan - Growth Option,Axis Mutual Fund
01-04-2022,76.36310,120503,Axis ELSS Tax Saver Fund - Direct Plan - Growth Option,Axis Mutual Fund
31-03-2022,75.50610,120503,Axis ELSS Tax Saver Fund - Direct Plan - Growth Option,Axis Mutual Fund
30-03-2022,75.66820,120503,Axis ELSS Tax Saver Fund - Direct Plan - Growth Option,Axis Mutual Fund
29-03-2022,74.66490,120503,Axis ELSS Tax Saver Fund - Direct Plan - Growth Option,Axis Mutual Fund
28-03-2022,74.16410,120503,Axis ELSS Tax Saver Fund - Direct Plan - Growth Option,Axis Mutual Fund
25-03-2022,74.33200,120503,Axis ELSS Tax Saver Fund - Direct Plan - Growth Option,Axis Mutual Fund
24-03-2022,74.67810,120503,Axis ELSS Tax Saver Fund - Direct Plan - Growth Option,Axis Mutual Fund
23-03-2022,75.03770,120503,Axis ELSS Tax Saver Fund - Direct Plan - Growth Option,Axis Mutual Fund
22-03-2022,75.20750,120503,Axis ELSS Tax Saver Fund - Direct Plan - Growth Option,Axis Mutual Fund
21-03-2022,74.81650,120503,Axis ELSS Tax Saver Fund - Direct Plan - Growth Option,Axis Mutual Fund
17-03-2022,75.71670,120503,Axis ELSS Tax Saver Fund - Direct Plan - Growth Option,Axis Mutual Fund
16-03-2022,74.35800,120503,Axis ELSS Tax Saver Fund - Direct Plan - Growth Option,Axis Mutual Fund
15-03-2022,73.18990,120503,Axis ELSS Tax Saver Fund - Direct Plan - Growth Option,Axis Mutual Fund
14-03-2022,73.53180,120503,Axis ELSS Tax Saver Fund - Direct Plan - Growth Option,Axis Mutual Fund
11-03-2022,73.13080,120503,Axis ELSS Tax Saver Fund - Direct Plan - Growth Option,Axis Mutual Fund
10-03-2022,73.00610,120503,Axis ELSS Tax Saver Fund - Direct Plan - Growth Option,Axis Mutual Fund
09-03-2022,71.75080,120503,Axis ELSS Tax Saver Fund - Direct Plan - Growth Option,Axis Mutual Fund
08-03-2022,70.62140,120503,Axis ELSS Tax Saver Fund - Direct Plan - Growth Option,Axis Mutual Fund
07-03-2022,69.73580,120503,Axis ELSS Tax Saver Fund - Direct Plan - Growth Option,Axis Mutual Fund
04-03-2022,71.69860,120503,Axis ELSS Tax Saver Fund - Direct Plan - Growth Option,Axis Mutual Fund
03-03-2022,73.31420,120503,Axis ELSS Tax Saver Fund - Direct Plan - Growth Option,Axis Mutual Fund
02-03-2022,73.82040,120503,Axis ELSS Tax Saver Fund - Direct Plan - Growth Option,Axis Mutual Fund
28-02-2022,74.48830,120503,Axis ELSS Tax Saver Fund - Direct Plan - Growth Option,Axis Mutual Fund
25-02-2022,73.93280,120503,Axis ELSS Tax Saver Fund - Direct Plan - Growth Option,Axis Mutual Fund
24-02-2022,71.37780,120503,Axis ELSS Tax Saver Fund - Direct Plan - Growth Option,Axis Mutual Fund
23-02-2022,74.82890,120503,Axis ELSS Tax Saver Fund - Direct Plan - Growth Option,Axis Mutual Fund
22-02-2022,74.67770,120503,Axis ELSS Tax Saver Fund - Direct Plan - Growth Option,Axis Mutual Fund
21-02-2022,74.93570,120503,Axis ELSS Tax Saver Fund - Direct Plan - Growth Option,Axis Mutual Fund
18-02-2022,75.21520,120503,Axis ELSS Tax Saver Fund - Direct Plan - Growth Option,Axis Mutual Fund
17-02-2022,75.85910,120503,Axis ELSS Tax Saver Fund - Direct Plan - Growth Option,Axis Mutual Fund
16-02-2022,75.89940,120503,Axis ELSS Tax Saver Fund - Direct Plan - Growth Option,Axis Mutual Fund
15-02-2022,76.05540,120503,Axis ELSS Tax Saver Fund - Direct Plan - Growth Option,Axis Mutual Fund
14-02-2022,74.13050,120503,Axis ELSS Tax Saver Fund - Direct Plan - Growth Option,Axis Mutual Fund
11-02-2022,76.05300,120503,Axis ELSS Tax Saver Fund - Direct Plan - Growth Option,Axis Mutual Fund
10-02-2022,77.56560,120503,Axis ELSS Tax Saver Fund - Direct Plan - Growth Option,Axis Mutual Fund
09-02-2022,77.12800,120503,Axis ELSS Tax Saver Fund - Direct Plan - Growth Option,Axis Mutual Fund
08-02-2022,76.27510,120503,Axis ELSS Tax Saver Fund - Direct Plan - Growth Option,Axis Mutual Fund
07-02-2022,76.52250,120503,Axis ELSS Tax Saver Fund - Direct Plan - Growth Option,Axis Mutual Fund
04-02-2022,78.12710,120503,Axis ELSS Tax Saver Fund - Direct Plan - Growth Option,Axis Mutual Fund
03-02-2022,78.10870,120503,Axis ELSS Tax Saver Fund - Direct Plan - Growth Option,Axis Mutual Fund
02-02-2022,79.10570,120503,Axis ELSS Tax Saver Fund - Direct Plan - Growth Option,Axis Mutual Fund
01-02-2022,77.88700,120503,Axis ELSS Tax Saver Fund - Direct Plan - Growth Option,Axis Mutual Fund
31-01-2022,76.87410,120503,Axis ELSS Tax Saver Fund - Direct Plan - Growth Option,Axis Mutual Fund
28-01-2022,75.64280,120503,Axis ELSS Tax Saver Fund - Direct Plan - Growth Option,Axis Mutual Fund
27-01-2022,75.32740,120503,Axis ELSS Tax Saver Fund - Direct Plan - Growth Option,Axis Mutual Fund
25-01-2022,76.71270,120503,Axis ELSS Tax Saver Fund - Direct Plan - Growth Option,Axis Mutual Fund
24-01-2022,76.68050,120503,Axis ELSS Tax Saver Fund - Direct Plan - Growth Option,Axis Mutual Fund
21-01-2022,79.75720,120503,Axis ELSS Tax Saver Fund - Direct Plan - Growth Option,Axis Mutual Fund
20-01-2022,81.23800,120503,Axis ELSS Tax Saver Fund - Direct Plan - Growth Option,Axis Mutual Fund
19-01-2022,81.85370,120503,Axis ELSS Tax Saver Fund - Direct Plan - Growth Option,Axis Mutual Fund
18-01-2022,83.01090,120503,Axis ELSS Tax Saver Fund - Direct Plan - Growth Option,Axis Mutual Fund
17-01-2022,84.10110,120503,Axis ELSS Tax Saver Fund - Direct Plan - Growth Option,Axis Mutual Fund
14-01-2022,83.73250,120503,Axis ELSS Tax Saver Fund - Direct Plan - Growth Option,Axis Mutual Fund
13-01-2022,83.46060,120503,Axis ELSS Tax Saver Fund - Direct Plan - Growth Option,Axis Mutual Fund
12-01-2022,83.61590,120503,Axis ELSS Tax Saver Fund - Direct Plan - Growth Option,Axis Mutual Fund
11-01-2022,83.93200,120503,Axis ELSS Tax Saver Fund - Direct Plan - Growth Option,Axis Mutual Fund
10-01-2022,83.70010,120503,Axis ELSS Tax Saver Fund - Direct Plan - Growth Option,Axis Mutual Fund
07-01-2022,83.86260,120503,Axis ELSS Tax Saver Fund - Direct Plan - Growth Option,Axis Mutual Fund
06-01-2022,83.50370,120503,Axis ELSS Tax Saver Fund - Direct Plan - Growth Option,Axis Mutual Fund
05-01-2022,83.84750,120503,Axis ELSS Tax Saver Fund - Direct Plan - Growth Option,Axis Mutual Fund
04-01-2022,83.28700,120503,Axis ELSS Tax Saver Fund - Direct Plan - Growth Option,Axis Mutual Fund
03-01-2022,82.42890,120503,Axis ELSS Tax Saver Fund - Direct Plan - Growth Option,Axis Mutual Fund
31-12-2021,81.24020,120503,Axis ELSS Tax Saver Fund - Direct Plan - Growth Option,Axis Mutual Fund
30-12-2021,80.22210,120503,Axis ELSS Tax Saver Fund - Direct Plan - Growth Option,Axis Mutual Fund
29-12-2021,80.29770,120503,Axis ELSS Tax Saver Fund - Direct Plan - Growth Option,Axis Mutual Fund
28-12-2021,80.31390,120503,Axis ELSS Tax Saver Fund - Direct Plan - Growth Option,Axis Mutual Fund
27-12-2021,79.53750,120503,Axis ELSS Tax Saver Fund - Direct Plan - Growth Option,Axis Mutual Fund
24-12-2021,79.18950,120503,Axis ELSS Tax Saver Fund - Direct Plan - Growth Option,Axis Mutual Fund
23-12-2021,79.62870,120503,Axis ELSS Tax Saver Fund - Direct Plan - Growth Option,Axis Mutual Fund
22-12-2021,79.12610,120503,Axis ELSS Tax Saver Fund - Direct Plan - Growth Option,Axis Mutual Fund
21-12-2021,78.03460,120503,Axis ELSS Tax Saver Fund - Direct Plan - Growth Option,Axis Mutual Fund
20-12-2021,77.59310,120503,Axis ELSS Tax Saver Fund - Direct Plan - Growth Option,Axis Mutual Fund
17-12-2021,79.66940,120503,Axis ELSS Tax Saver Fund - Direct Plan - Growth Option,Axis Mutual Fund
16-12-2021,81.03600,120503,Axis ELSS Tax Saver Fund - Direct Plan - Growth Option,Axis Mutual Fund
15-12-2021,81.05880,120503,Axis ELSS Tax Saver Fund - Direct Plan - Growth Option,Axis Mutual Fund
14-12-2021,81.56860,120503,Axis ELSS Tax Saver Fund - Direct Plan - Growth Option,Axis Mutual Fund
13-12-2021,81.77870,120503,Axis ELSS Tax Saver Fund - Direct Plan - Growth Option,Axis Mutual Fund
10-12-2021,82.44180,120503,Axis ELSS Tax Saver Fund - Direct Plan - Growth Option,Axis Mutual Fund
09-12-2021,82.40780,120503,Axis ELSS Tax Saver Fund - Direct Plan - Growth Option,Axis Mutual Fund
08-12-2021,82.32530,120503,Axis ELSS Tax Saver Fund - Direct Plan - Growth Option,Axis Mutual Fund
07-12-2021,81.26360,120503,Axis ELSS Tax Saver Fund - Direct Plan - Growth Option,Axis Mutual Fund
06-12-2021,80.14110,120503,Axis ELSS Tax Saver Fund - Direct Plan - Growth Option,Axis Mutual Fund
03-12-2021,81.73670,120503,Axis ELSS Tax Saver Fund - Direct Plan - Growth Option,Axis Mutual Fund
02-12-2021,82.34680,120503,Axis ELSS Tax Saver Fund - Direct Plan - Growth Option,Axis Mutual Fund
01-12-2021,81.24940,120503,Axis ELSS Tax Saver Fund - Direct Plan - Growth Option,Axis Mutual Fund
30-11-2021,80.81040,120503,Axis ELSS Tax Saver Fund - Direct Plan - Growth Option,Axis Mutual Fund
29-11-2021,80.64960,120503,Axis ELSS Tax Saver Fund - Direct Plan - Growth Option,Axis Mutual Fund
26-11-2021,80.55810,120503,Axis ELSS Tax Saver Fund - Direct Plan - Growth Option,Axis Mutual Fund
25-11-2021,82.64050,120503,Axis ELSS Tax Saver Fund - Direct Plan - Growth Option,Axis Mutual Fund
24-11-2021,82.38180,120503,Axis ELSS Tax Saver Fund - Direct Plan - Growth Option,Axis Mutual Fund
23-11-2021,82.45350,120503,Axis ELSS Tax Saver Fund - Direct Plan - Growth Option,Axis Mutual Fund
22-11-2021,81.86610,120503,Axis ELSS Tax Saver Fund - Direct Plan - Growth Option,Axis Mutual Fund
18-11-2021,84.46090,120503,Axis ELSS Tax Saver Fund - Direct Plan - Growth Option,Axis Mutual Fund
17-11-2021,85.38390,120503,Axis ELSS Tax Saver Fund - Direct Plan - Growth Option,Axis Mutual Fund
16-11-2021,85.72940,120503,Axis ELSS Tax Saver Fund - Direct Plan - Growth Option,Axis Mutual Fund
15-11-2021,85.46380,120503,Axis ELSS Tax Saver Fund - Direct Plan - Growth Option,Axis Mutual Fund
12-11-2021,85.34850,120503,Axis ELSS Tax Saver Fund - Direct Plan - Growth Option,Axis Mutual Fund
11-11-2021,84.22450,120503,Axis ELSS Tax Saver Fund - Direct Plan - Growth Option,Axis Mutual Fund
10-11-2021,84.63630,120503,Axis ELSS Tax Saver Fund - Direct Plan - Growth Option,Axis Mutual Fund
09-11-2021,84.46670,120503,Axis ELSS Tax Saver Fund - Direct Plan - Growth Option,Axis Mutual Fund
08-11-2021,84.55360,120503,Axis ELSS Tax Saver Fund - Direct Plan - Growth Option,Axis Mutual Fund
03-11-2021,83.35460,120503,Axis ELSS Tax Saver Fund - Direct Plan - Growth Option,Axis Mutual Fund
02-11-2021,83.39710,120503,Axis ELSS Tax Saver Fund - Direct Plan - Growth Option,Axis Mutual Fund
01-11-2021,83.47440,120503,Axis ELSS Tax Saver Fund - Direct Plan - Growth Option,Axis Mutual Fund
29-10-2021,82.63970,120503,Axis ELSS Tax Saver Fund - Direct Plan - Growth Option,Axis Mutual Fund
28-10-2021,83.23160,120503,Axis ELSS Tax Saver Fund - Direct Plan - Growth Option,Axis Mutual Fund
27-10-2021,84.00770,120503,Axis ELSS Tax Saver Fund - Direct Plan - Growth Option,Axis Mutual Fund
26-10-2021,83.76370,120503,Axis ELSS Tax Saver Fund - Direct Plan - Growth Option,Axis Mutual Fund
25-10-2021,82.46210,120503,Axis ELSS Tax Saver Fund - Direct Plan - Growth Option,Axis Mutual Fund
22-10-2021,83.97380,120503,Axis ELSS Tax Saver Fund - Direct Plan - Growth Option,Axis Mutual Fund
21-10-2021,84.61130,120503,Axis ELSS Tax Saver Fund - Direct Plan - Growth Option,Axis Mutual Fund
20-10-2021,84.89230,120503,Axis ELSS Tax Saver Fund - Direct Plan - Growth Option,Axis Mutual Fund
19-10-2021,86.14440,120503,Axis ELSS Tax Saver Fund - Direct Plan - Growth Option,Axis Mutual Fund
18-10-2021,86.90600,120503,Axis ELSS Tax Saver Fund - Direct Plan - Growth Option,Axis Mutual Fund
14-10-2021,87.46590,120503,Axis ELSS Tax Saver Fund - Direct Plan - Growth Option,Axis Mutual Fund
13-10-2021,86.62020,120503,Axis ELSS Tax Saver Fund - Direct Plan - Growth Option,Axis Mutual Fund
12-10-2021,85.27210,120503,Axis ELSS Tax Saver Fund - Direct Plan - Growth Option,Axis Mutual Fund
11-10-2021,84.95350,120503,Axis ELSS Tax Saver Fund - Direct Plan - Growth Option,Axis Mutual Fund
08-10-2021,84.27220,120503,Axis ELSS Tax Saver Fund - Direct Plan - Growth Option,Axis Mutual Fund
07-10-2021,84.11600,120503,Axis ELSS Tax Saver Fund - Direct Plan - Growth Option,Axis Mutual Fund
06-10-2021,83.39560,120503,Axis ELSS Tax Saver Fund - Direct Plan - Growth Option,Axis Mutual Fund
05-10-2021,83.94340,120503,Axis ELSS Tax Saver Fund - Direct Plan - Growth Option,Axis Mutual Fund
04-10-2021,83.61990,120503,Axis ELSS Tax Saver Fund - Direct Plan - Growth Option,Axis Mutual Fund
01-10-2021,82.35330,120503,Axis ELSS Tax Saver Fund - Direct Plan - Growth Option,Axis Mutual Fund
30-09-2021,82.84970,120503,Axis ELSS Tax Saver Fund - Direct Plan - Growth Option,Axis Mutual Fund
29-09-2021,82.96260,120503,Axis ELSS Tax Saver Fund - Direct Plan - Growth Option,Axis Mutual Fund
28-09-2021,83.29620,120503,Axis ELSS Tax Saver Fund - Direct Plan - Growth Option,Axis Mutual Fund
27-09-2021,84.31820,120503,Axis ELSS Tax Saver Fund - Direct Plan - Growth Option,Axis Mutual Fund
24-09-2021,84.76600,120503,Axis ELSS Tax Saver Fund - Direct Plan - Growth Option,Axis Mutual Fund
23-09-2021,85.18460,120503,Axis ELSS Tax Saver Fund - Direct Plan - Growth Option,Axis Mutual Fund
22-09-2021,84.22830,120503,Axis ELSS Tax Saver Fund - Direct Plan - Growth Option,Axis Mutual Fund
21-09-2021,84.28970,120503,Axis ELSS Tax Saver Fund - Direct Plan - Growth Option,Axis Mutual Fund
20-09-2021,83.20590,120503,Axis ELSS Tax Saver Fund - Direct Plan - Growth Option,Axis Mutual Fund
17-09-2021,83.71540,120503,Axis ELSS Tax Saver Fund - Direct Plan - Growth Option,Axis Mutual Fund
16-09-2021,83.81020,120503,Axis ELSS Tax Saver Fund - Direct Plan - Growth Option,Axis Mutual Fund
15-09-2021,83.38850,120503,Axis ELSS Tax Saver Fund - Direct Plan - Growth Option,Axis Mutual Fund
14-09-2021,83.01890,120503,Axis ELSS Tax Saver Fund - Direct Plan - Growth Option,Axis Mutual Fund
13-09-2021,82.68540,120503,Axis ELSS Tax Saver Fund - Direct Plan - Growth Option,Axis Mutual Fund
09-09-2021,82.25500,120503,Axis ELSS Tax Saver Fund - Direct Plan - Growth Option,Axis Mutual Fund
08-09-2021,82.07390,120503,Axis ELSS Tax Saver Fund - Direct Plan - Growth Option,Axis Mutual Fund
07-09-2021,81.79860,120503,Axis ELSS Tax Saver Fund - Direct Plan - Growth Option,Axis Mutual Fund
06-09-2021,81.97260,120503,Axis ELSS Tax Saver Fund - Direct Plan - Growth Option,Axis Mutual Fund
03-09-2021,82.01040,120503,Axis ELSS Tax Saver Fund - Direct Plan - Growth Option,Axis Mutual Fund
02-09-2021,81.86400,120503,Axis ELSS Tax Saver Fund - Direct Plan - Growth Option,Axis Mutual Fund
01-09-2021,81.30880,120503,Axis ELSS Tax Saver Fund - Direct Plan - Growth Option,Axis Mutual Fund
31-08-2021,81.28690,120503,Axis ELSS Tax Saver Fund - Direct Plan - Growth Option,Axis Mutual Fund
30-08-2021,80.04450,120503,Axis ELSS Tax Saver Fund - Direct Plan - Growth Option,Axis Mutual Fund
27-08-2021,78.81440,120503,Axis ELSS Tax Saver Fund - Direct Plan - Growth Option,Axis Mutual Fund
26-08-2021,78.26800,120503,Axis ELSS Tax Saver Fund - Direct Plan - Growth Option,Axis Mutual Fund
25-08-2021,77.98290,120503,Axis ELSS Tax Saver Fund - Direct Plan - Growth Option,Axis Mutual Fund
24-08-2021,77.68420,120503,Axis ELSS Tax Saver Fund - Direct Plan - Growth Option,Axis Mutual Fund
23-08-2021,76.71500,120503,Axis ELSS Tax Saver Fund - Direct Plan - Growth Option,Axis Mutual Fund
20-08-2021,76.35210,120503,Axis ELSS Tax Saver Fund - Direct Plan - Growth Option,Axis Mutual Fund
18-08-2021,76.62040,120503,Axis ELSS Tax Saver Fund - Direct Plan - Growth Option,Axis Mutual Fund
17-08-2021,76.41590,120503,Axis ELSS Tax Saver Fund - Direct Plan - Growth Option,Axis Mutual Fund
16-08-2021,76.03970,120503,Axis ELSS Tax Saver Fund - Direct Plan - Growth Option,Axis Mutual Fund
13-08-2021,75.96530,120503,Axis ELSS Tax Saver Fund - Direct Plan - Growth Option,Axis Mutual Fund
12-08-2021,75.66080,120503,Axis ELSS Tax Saver Fund - Direct Plan - Growth Option,Axis Mutual Fund
11-08-2021,75.30450,120503,Axis ELSS Tax Saver Fund - Direct Plan - Growth Option,Axis Mutual Fund
10-08-2021,75.58590,120503,Axis ELSS Tax Saver Fund - Direct Plan - Growth Option,Axis Mutual Fund
09-08-2021,75.58040,120503,Axis ELSS Tax Saver Fund - Direct Plan - Growth Option,Axis Mutual Fund
06-08-2021,75.81310,120503,Axis ELSS Tax Saver Fund - Direct Plan - Growth Option,Axis Mutual Fund
05-08-2021,76.00800,120503,Axis ELSS Tax Saver Fund - Direct Plan - Growth Option,Axis Mutual Fund
04-08-2021,76.02100,120503,Axis ELSS Tax Saver Fund - Direct Plan - Growth Option,Axis Mutual Fund
03-08-2021,75.93970,120503,Axis ELSS Tax Saver Fund - Direct Plan - Growth Option,Axis Mutual Fund
02-08-2021,75.04370,120503,Axis ELSS Tax Saver Fund - Direct Plan - Growth Option,Axis Mutual Fund
30-07-2021,74.22110,120503,Axis ELSS Tax Saver Fund - Direct Plan - Growth Option,Axis Mutual Fund
29-07-2021,74.52880,120503,Axis ELSS Tax Saver Fund - Direct Plan - Growth Option,Axis Mutual Fund
28-07-2021,74.12840,120503,Axis ELSS Tax Saver Fund - Direct Plan - Growth Option,Axis Mutual Fund
27-07-2021,74.29400,120503,Axis ELSS Tax Saver Fund - Direct Plan - Growth Option,Axis Mutual Fund
26-07-2021,74.45440,120503,Axis ELSS Tax Saver Fund - Direct Plan - Growth Option,Axis Mutual Fund
23-07-2021,74.50250,120503,Axis ELSS Tax Saver Fund - Direct Plan - Growth Option,Axis Mutual Fund
22-07-2021,74.58760,120503,Axis ELSS Tax Saver Fund - Direct Plan - Growth Option,Axis Mutual Fund
20-07-2021,73.81280,120503,Axis ELSS Tax Saver Fund - Direct Plan - Growth Option,Axis Mutual Fund
19-07-2021,73.99380,120503,Axis ELSS Tax Saver Fund - Direct Plan - Growth Option,Axis Mutual Fund
16-07-2021,74.36360,120503,Axis ELSS Tax Saver Fund - Direct Plan - Growth Option,Axis Mutual Fund
15-07-2021,74.29240,120503,Axis ELSS Tax Saver Fund - Direct Plan - Growth Option,Axis Mutual Fund
14-07-2021,74.21800,120503,Axis ELSS Tax Saver Fund - Direct Plan - Growth Option,Axis Mutual Fund
13-07-2021,74.04380,120503,Axis ELSS Tax Saver Fund - Direct Plan - Growth Option,Axis Mutual Fund
12-07-2021,74.04740,120503,Axis ELSS Tax Saver Fund - Direct Plan - Growth Option,Axis Mutual Fund
09-07-2021,74.07950,120503,Axis ELSS Tax Saver Fund - Direct Plan - Growth Option,Axis Mutual Fund
08-07-2021,73.93630,120503,Axis ELSS Tax Saver Fund - Direct Plan - Growth Option,Axis Mutual Fund
07-07-2021,74.23310,120503,Axis ELSS Tax Saver Fund - Direct Plan - Growth Option,Axis Mutual Fund
06-07-2021,73.99220,120503,Axis ELSS Tax Saver Fund - Direct Plan - Growth Option,Axis Mutual Fund
05-07-2021,74.02000,120503,Axis ELSS Tax Saver Fund - Direct Plan - Growth Option,Axis Mutual Fund
02-07-2021,73.43830,120503,Axis ELSS Tax Saver Fund - Direct Plan - Growth Option,Axis Mutual Fund
01-07-2021,73.12560,120503,Axis ELSS Tax Saver Fund - Direct Plan - Growth Option,Axis Mutual Fund
30-06-2021,72.87230,120503,Axis ELSS Tax Saver Fund - Direct Plan - Growth Option,Axis Mutual Fund
29-06-2021,72.72600,120503,Axis ELSS Tax Saver Fund - Direct Plan - Growth Option,Axis Mutual Fund
28-06-2021,72.85310,120503,Axis ELSS Tax Saver Fund - Direct Plan - Growth Option,Axis Mutual Fund
25-06-2021,72.87840,120503,Axis ELSS Tax Saver Fund - Direct Plan - Growth Option,Axis Mutual Fund
24-06-2021,72.52260,120503,Axis ELSS Tax Saver Fund - Direct Plan - Growth Option,Axis Mutual Fund
23-06-2021,72.13870,120503,Axis ELSS Tax Saver Fund - Direct Plan - Growth Option,Axis Mutual Fund
22-06-2021,72.52650,120503,Axis ELSS Tax Saver Fund - Direct Plan - Growth Option,Axis Mutual Fund
21-06-2021,72.38460,120503,Axis ELSS Tax Saver Fund - Direct Plan - Growth Option,Axis Mutual Fund
18-06-2021,72.19310,120503,Axis ELSS Tax Saver Fund - Direct Plan - Growth Option,Axis Mutual Fund
17-06-2021,72.36830,120503,Axis ELSS Tax Saver Fund - Direct Plan - Growth Option,Axis Mutual Fund
16-06-2021,72.63850,120503,Axis ELSS Tax Saver Fund - Direct Plan - Growth Option,Axis Mutual Fund
15-06-2021,72.85870,120503,Axis ELSS Tax Saver Fund - Direct Plan - Growth Option,Axis Mutual Fund
14-06-2021,72.45230,120503,Axis ELSS Tax Saver Fund - Direct Plan - Growth Option,Axis Mutual Fund
11-06-2021,72.25290,120503,Axis ELSS Tax Saver Fund - Direct Plan - Growth Option,Axis Mutual Fund
10-06-2021,72.36120,120503,Axis ELSS Tax Saver Fund - Direct Plan - Growth Option,Axis Mutual Fund
09-06-2021,71.40790,120503,Axis ELSS Tax Saver Fund - Direct Plan - Growth Option,Axis Mutual Fund
08-06-2021,71.68200,120503,Axis ELSS Tax Saver Fund - Direct Plan - Growth Option,Axis Mutual Fund
07-06-2021,71.68210,120503,Axis ELSS Tax Saver Fund - Direct Plan - Growth Option,Axis Mutual Fund
04-06-2021,71.58200,120503,Axis ELSS Tax Saver Fund - Direct Plan - Growth Option,Axis Mutual Fund
03-06-2021,71.49500,120503,Axis ELSS Tax Saver Fund - Direct Plan - Growth Option,Axis Mutual Fund
02-06-2021,70.94710,120503,Axis ELSS Tax Saver Fund - Direct Plan - Growth Option,Axis Mutual Fund
01-06-2021,70.38080,120503,Axis ELSS Tax Saver Fund - Direct Plan - Growth Option,Axis Mutual Fund
31-05-2021,70.24530,120503,Axis ELSS Tax Saver Fund - Direct Plan - Growth Option,Axis Mutual Fund
28-05-2021,69.84830,120503,Axis ELSS Tax Saver Fund - Direct Plan - Growth Option,Axis Mutual Fund
27-05-2021,70.01340,120503,Axis ELSS Tax Saver Fund - Direct Plan - Growth Option,Axis Mutual Fund
26-05-2021,69.89610,120503,Axis ELSS Tax Saver Fund - Direct Plan - Growth Option,Axis Mutual Fund
25-05-2021,69.31040,120503,Axis ELSS Tax Saver Fund - Direct Plan - Growth Option,Axis Mutual Fund
24-05-2021,69.08210,120503,Axis ELSS Tax Saver Fund - Direct Plan - Growth Option,Axis Mutual Fund
21-05-2021,69.05250,120503,Axis ELSS Tax Saver Fund - Direct Plan - Growth Option,Axis Mutual Fund
20-05-2021,68.11950,120503,Axis ELSS Tax Saver Fund - Direct Plan - Growth Option,Axis Mutual Fund
19-05-2021,68.42750,120503,Axis ELSS Tax Saver Fund - Direct Plan - Growth Option,Axis Mutual Fund
18-05-2021,68.70870,120503,Axis ELSS Tax Saver Fund - Direct Plan - Growth Option,Axis Mutual Fund
17-05-2021,67.36970,120503,Axis ELSS Tax Saver Fund - Direct Plan - Growth Option,Axis Mutual Fund
14-05-2021,66.53560,120503,Axis ELSS Tax Saver Fund - Direct Plan - Growth Option,Axis Mutual Fund
12-05-2021,66.96750,120503,Axis ELSS Tax Saver Fund - Direct Plan - Growth Option,Axis Mutual Fund
11-05-2021,67.54220,120503,Axis ELSS Tax Saver Fund - Direct Plan - Growth Option,Axis Mutual Fund
10-05-2021,68.10780,120503,Axis ELSS Tax Saver Fund - Direct Plan - Growth Option,Axis Mutual Fund
07-05-2021,67.55800,120503,Axis ELSS Tax Saver Fund - Direct Plan - Growth Option,Axis Mutual Fund
06-05-2021,67.50740,120503,Axis ELSS Tax Saver Fund - Direct Plan - Growth Option,Axis Mutual Fund
05-05-2021,67.16500,120503,Axis ELSS Tax Saver Fund - Direct Plan - Growth Option,Axis Mutual Fund
04-05-2021,66.65410,120503,Axis ELSS Tax Saver Fund - Direct Plan - Growth Option,Axis Mutual Fund
03-05-2021,67.08750,120503,Axis ELSS Tax Saver Fund - Direct Plan - Growth Option,Axis Mutual Fund
30-04-2021,66.92640,120503,Axis ELSS Tax Saver Fund - Direct Plan - Growth Option,Axis Mutual Fund
29-04-2021,68.02920,120503,Axis ELSS Tax Saver Fund - Direct Plan - Growth Option,Axis Mutual Fund
28-04-2021,67.93580,120503,Axis ELSS Tax Saver Fund - Direct Plan - Growth Option,Axis Mutual Fund
27-04-2021,66.59240,120503,Axis ELSS Tax Saver Fund - Direct Plan - Growth Option,Axis Mutual Fund
26-04-2021,65.85620,120503,Axis ELSS Tax Saver Fund - Direct Plan - Growth Option,Axis Mutual Fund
23-04-2021,65.46560,120503,Axis ELSS Tax Saver Fund - Direct Plan - Growth Option,Axis Mutual Fund
22-04-2021,65.40390,120503,Axis ELSS Tax Saver Fund - Direct Plan - Growth Option,Axis Mutual Fund
20-04-2021,65.01740,120503,Axis ELSS Tax Saver Fund - Direct Plan - Growth Option,Axis Mutual Fund
19-04-2021,65.09080,120503,Axis ELSS Tax Saver Fund - Direct Plan - Growth Option,Axis Mutual Fund
16-04-2021,66.37230,120503,Axis ELSS Tax Saver Fund - Direct Plan - Growth Option,Axis Mutual Fund
15-04-2021,65.77740,120503,Axis ELSS Tax Saver Fund - Direct Plan - Growth Option,Axis Mutual Fund
13-04-2021,65.59480,120503,Axis ELSS Tax Saver Fund - Direct Plan - Growth Option,Axis Mutual Fund
12-04-2021,65.22200,120503,Axis ELSS Tax Saver Fund - Direct Plan - Growth Option,Axis Mutual Fund
09-04-2021,67.70330,120503,Axis ELSS Tax Saver Fund - Direct Plan - Growth Option,Axis Mutual Fund
08-04-2021,67.89580,120503,Axis ELSS Tax Saver Fund - Direct Plan - Growth Option,Axis Mutual Fund
07-04-2021,67.41550,120503,Axis ELSS Tax Saver Fund - Direct Plan - Growth Option,Axis Mutual Fund
06-04-2021,66.39850,120503,Axis ELSS Tax Saver Fund - Direct Plan - Growth Option,Axis Mutual Fund
05-04-2021,66.11320,120503,Axis ELSS Tax Saver Fund - Direct Plan - Growth Option,Axis Mutual Fund
01-04-2021,67.03710,120503,Axis ELSS Tax Saver Fund - Direct Plan - Growth Option,Axis Mutual Fund
31-03-2021,66.34990,120503,Axis ELSS Tax Saver Fund - Direct Plan - Growth Option,Axis Mutual Fund
30-03-2021,66.56790,120503,Axis ELSS Tax Saver Fund - Direct Plan - Growth Option,Axis Mutual Fund
26-03-2021,65.79040,120503,Axis ELSS Tax Saver Fund - Direct Plan - Growth Option,Axis Mutual Fund
25-03-2021,64.86400,120503,Axis ELSS Tax Saver Fund - Direct Plan - Growth Option,Axis Mutual Fund
24-03-2021,66.14120,120503,Axis ELSS Tax Saver Fund - Direct Plan - Growth Option,Axis Mutual Fund
23-03-2021,67.25210,120503,Axis ELSS Tax Saver Fund - Direct Plan - Growth Option,Axis Mutual Fund
22-03-2021,66.80210,120503,Axis ELSS Tax Saver Fund - Direct Plan - Growth Option,Axis Mutual Fund
19-03-2021,66.75290,120503,Axis ELSS Tax Saver Fund - Direct Plan - Growth Option,Axis Mutual Fund
18-03-2021,66.27190,120503,Axis ELSS Tax Saver Fund - Direct Plan - Growth Option,Axis Mutual Fund
17-03-2021,67.23230,120503,Axis ELSS Tax Saver Fund - Direct Plan - Growth Option,Axis Mutual Fund
16-03-2021,68.03440,120503,Axis ELSS Tax Saver Fund - Direct Plan - Growth Option,Axis Mutual Fund
15-03-2021,67.98140,120503,Axis ELSS Tax Saver Fund - Direct Plan - Growth Option,Axis Mutual Fund
12-03-2021,68.38530,120503,Axis ELSS Tax Saver Fund - Direct Plan - Growth Option,Axis Mutual Fund
10-03-2021,68.90640,120503,Axis ELSS Tax Saver Fund - Direct Plan - Growth Option,Axis Mutual Fund
09-03-2021,68.54100,120503,Axis ELSS Tax Saver Fund - Direct Plan - Growth Option,Axis Mutual Fund
08-03-2021,68.05120,120503,Axis ELSS Tax Saver Fund - Direct Plan - Growth Option,Axis Mutual Fund
05-03-2021,68.45400,120503,Axis ELSS Tax Saver Fund - Direct Plan - Growth Option,Axis Mutual Fund
04-03-2021,68.94310,120503,Axis ELSS Tax Saver Fund - Direct Plan - Growth Option,Axis Mutual Fund
03-03-2021,69.12730,120503,Axis ELSS Tax Saver Fund - Direct Plan - Growth Option,Axis Mutual Fund
02-03-2021,67.81400,120503,Axis ELSS Tax Saver Fund - Direct Plan - Growth Option,Axis Mutual Fund
01-03-2021,66.63360,120503,Axis ELSS Tax Saver Fund - Direct Plan - Growth Option,Axis Mutual Fund
26-02-2021,65.79060,120503,Axis ELSS Tax Saver Fund - Direct Plan - Growth Option,Axis Mutual Fund
25-02-2021,67.54930,120503,Axis ELSS Tax Saver Fund - Direct Plan - Growth Option,Axis Mutual Fund
24-02-2021,67.37510,120503,Axis ELSS Tax Saver Fund - Direct Plan - Growth Option,Axis Mutual Fund
23-02-2021,66.86440,120503,Axis ELSS Tax Saver Fund - Direct Plan - Growth Option,Axis Mutual Fund
22-02-2021,66.78850,120503,Axis ELSS Tax Saver Fund - Direct Plan - Growth Option,Axis Mutual Fund
19-02-2021,67.92120,120503,Axis ELSS Tax Saver Fund - Direct Plan - Growth Option,Axis Mutual Fund
18-02-2021,68.51850,120503,Axis ELSS Tax Saver Fund - Direct Plan - Growth Option,Axis Mutual Fund
17-02-2021,68.69670,120503,Axis ELSS Tax Saver Fund - Direct Plan - Growth Option,Axis Mutual Fund
16-02-2021,69.34180,120503,Axis ELSS Tax Saver Fund - Direct Plan - Growth Option,Axis Mutual Fund
15-02-2021,69.39970,120503,Axis ELSS Tax Saver Fund - Direct Plan - Growth Option,Axis Mutual Fund
12-02-2021,68.10070,120503,Axis ELSS Tax Saver Fund - Direct Plan - Growth Option,Axis Mutual Fund
11-02-2021,68.11780,120503,Axis ELSS Tax Saver Fund - Direct Plan - Growth Option,Axis Mutual Fund
10-02-2021,67.59000,120503,Axis ELSS Tax Saver Fund - Direct Plan - Growth Option,Axis Mutual Fund
09-02-2021,66.95630,120503,Axis ELSS Tax Saver Fund - Direct Plan - Growth Option,Axis Mutual Fund
08-02-2021,67.12980,120503,Axis ELSS Tax Saver Fund - Direct Plan - Growth Option,Axis Mutual Fund
05-02-2021,66.37720,120503,Axis ELSS Tax Saver Fund - Direct Plan - Growth Option,Axis Mutual Fund
04-02-2021,66.21600,120503,Axis ELSS Tax Saver Fund - Direct Plan - Growth Option,Axis Mutual Fund
03-02-2021,65.46140,120503,Axis ELSS Tax Saver Fund - Direct Plan - Growth Option,Axis Mutual Fund
02-02-2021,64.98170,120503,Axis ELSS Tax Saver Fund - Direct Plan - Growth Option,Axis Mutual Fund
01-02-2021,63.29090,120503,Axis ELSS Tax Saver Fund - Direct Plan - Growth Option,Axis Mutual Fund
29-01-2021,61.01280,120503,Axis ELSS Tax Saver Fund - Direct Plan - Growth Option,Axis Mutual Fund
28-01-2021,62.26460,120503,Axis ELSS Tax Saver Fund - Direct Plan - Growth Option,Axis Mutual Fund
27-01-2021,63.20010,120503,Axis ELSS Tax Saver Fund - Direct Plan - Growth Option,Axis Mutual Fund
25-01-2021,64.42040,120503,Axis ELSS Tax Saver Fund - Direct Plan - Growth Option,Axis Mutual Fund
22-01-2021,65.04580,120503,Axis ELSS Tax Saver Fund - Direct Plan - Growth Option,Axis Mutual Fund
21-01-2021,65.36360,120503,Axis ELSS Tax Saver Fund - Direct Plan - Growth Option,Axis Mutual Fund
20-01-2021,65.64150,120503,Axis ELSS Tax Saver Fund - Direct Plan - Growth Option,Axis Mutual Fund
19-01-2021,65.16440,120503,Axis ELSS Tax Saver Fund - Direct Plan - Growth Option,Axis Mutual Fund
18-01-2021,63.96970,120503,Axis ELSS Tax Saver Fund - Direct Plan - Growth Option,Axis Mutual Fund
15-01-2021,65.18070,120503,Axis ELSS Tax Saver Fund - Direct Plan - Growth Option,Axis Mutual Fund
14-01-2021,66.07550,120503,Axis ELSS Tax Saver Fund - Direct Plan - Growth Option,Axis Mutual Fund
13-01-2021,66.05340,120503,Axis ELSS Tax Saver Fund - Direct Plan - Growth Option,Axis Mutual Fund
12-01-2021,66.90930,120503,Axis ELSS Tax Saver Fund - Direct Plan - Growth Option,Axis Mutual Fund
11-01-2021,67.18550,120503,Axis ELSS Tax Saver Fund - Direct Plan - Growth Option,Axis Mutual Fund
08-01-2021,66.77000,120503,Axis ELSS Tax Saver Fund - Direct Plan - Growth Option,Axis Mutual Fund
07-01-2021,65.75040,120503,Axis ELSS Tax Saver Fund - Direct Plan - Growth Option,Axis Mutual Fund
06-01-2021,65.87410,120503,Axis ELSS Tax Saver Fund - Direct Plan - Growth Option,Axis Mutual Fund
05-01-2021,66.38710,120503,Axis ELSS Tax Saver Fund - Direct Plan - Growth Option,Axis Mutual Fund
04-01-2021,65.56810,120503,Axis ELSS Tax Saver Fund - Direct Plan - Growth Option,Axis Mutual Fund
01-01-2021,64.98200,120503,Axis ELSS Tax Saver Fund - Direct Plan - Growth Option,Axis Mutual Fund
31-12-2020,64.68050,120503,Axis ELSS Tax Saver Fund - Direct Plan - Growth Option,Axis Mutual Fund
30-12-2020,64.54470,120503,Axis ELSS Tax Saver Fund - Direct Plan - Growth Option,Axis Mutual Fund
29-12-2020,64.01140,120503,Axis ELSS Tax Saver Fund - Direct Plan - Growth Option,Axis Mutual Fund
28-12-2020,63.94890,120503,Axis ELSS Tax Saver Fund - Direct Plan - Growth Option,Axis Mutual Fund
24-12-2020,63.46840,120503,Axis ELSS Tax Saver Fund - Direct Plan - Growth Option,Axis Mutual Fund
23-12-2020,63.04420,120503,Axis ELSS Tax Saver Fund - Direct Plan - Growth Option,Axis Mutual Fund
22-12-2020,62.37500,120503,Axis ELSS Tax Saver Fund - Direct Plan - Growth Option,Axis Mutual Fund
21-12-2020,61.97540,120503,Axis ELSS Tax Saver Fund - Direct Plan - Growth Option,Axis Mutual Fund
18-12-2020,63.65400,120503,Axis ELSS Tax Saver Fund - Direct Plan - Growth Option,Axis Mutual Fund
17-12-2020,63.30900,120503,Axis ELSS Tax Saver Fund - Direct Plan - Growth Option,Axis Mutual Fund
16-12-2020,62.98740,120503,Axis ELSS Tax Saver Fund - Direct Plan - Growth Option,Axis Mutual Fund
15-12-2020,62.62150,120503,Axis ELSS Tax Saver Fund - Direct Plan - Growth Option,Axis Mutual Fund
14-12-2020,62.26950,120503,Axis ELSS Tax Saver Fund - Direct Plan - Growth Option,Axis Mutual Fund
11-12-2020,61.96060,120503,Axis ELSS Tax Saver Fund - Direct Plan - Growth Option,Axis Mutual Fund
10-12-2020,61.94250,120503,Axis ELSS Tax Saver Fund - Direct Plan - Growth Option,Axis Mutual Fund
09-12-2020,61.85660,120503,Axis ELSS Tax Saver Fund - Direct Plan - Growth Option,Axis Mutual Fund
08-12-2020,61.36440,120503,Axis ELSS Tax Saver Fund - Direct Plan - Growth Option,Axis Mutual Fund
07-12-2020,61.17340,120503,Axis ELSS Tax Saver Fund - Direct Plan - Growth Option,Axis Mutual Fund
04-12-2020,61.02140,120503,Axis ELSS Tax Saver Fund - Direct Plan - Growth Option,Axis Mutual Fund
03-12-2020,60.73940,120503,Axis ELSS Tax Saver Fund - Direct Plan - Growth Option,Axis Mutual Fund
02-12-2020,60.35070,120503,Axis ELSS Tax Saver Fund - Direct Plan - Growth Option,Axis Mutual Fund
01-12-2020,60.50830,120503,Axis ELSS Tax Saver Fund - Direct Plan - Growth Option,Axis Mutual Fund
27-11-2020,60.23530,120503,Axis ELSS Tax Saver Fund - Direct Plan - Growth Option,Axis Mutual Fund
26-11-2020,59.79820,120503,Axis ELSS Tax Saver Fund - Direct Plan - Growth Option,Axis Mutual Fund
25-11-2020,59.10820,120503,Axis ELSS Tax Saver Fund - Direct Plan - Growth Option,Axis Mutual Fund
24-11-2020,60.10290,120503,Axis ELSS Tax Saver Fund - Direct Plan - Growth Option,Axis Mutual Fund
23-11-2020,59.82240,120503,Axis ELSS Tax Saver Fund - Direct Plan - Growth Option,Axis Mutual Fund
20-11-2020,59.13440,120503,Axis ELSS Tax Saver Fund - Direct Plan - Growth Option,Axis Mutual Fund
19-11-2020,58.07420,120503,Axis ELSS Tax Saver Fund - Direct Plan - Growth Option,Axis Mutual Fund
18-11-2020,58.58990,120503,Axis ELSS Tax Saver Fund - Direct Plan - Growth Option,Axis Mutual Fund
17-11-2020,58.22120,120503,Axis ELSS Tax Saver Fund - Direct Plan - Growth Option,Axis Mutual Fund
13-11-2020,57.22810,120503,Axis ELSS Tax Saver Fund - Direct Plan - Growth Option,Axis Mutual Fund
12-11-2020,56.95530,120503,Axis ELSS Tax Saver Fund - Direct Plan - Growth Option,Axis Mutual Fund
11-11-2020,56.94310,120503,Axis ELSS Tax Saver Fund - Direct Plan - Growth Option,Axis Mutual Fund
10-11-2020,56.29030,120503,Axis ELSS Tax Saver Fund - Direct Plan - Growth Option,Axis Mutual Fund
09-11-2020,55.96570,120503,Axis ELSS Tax Saver Fund - Direct Plan - Growth Option,Axis Mutual Fund
06-11-2020,55.31690,120503,Axis ELSS Tax Saver Fund - Direct Plan - Growth Option,Axis Mutual Fund
05-11-2020,54.90990,120503,Axis ELSS Tax Saver Fund - Direct Plan - Growth Option,Axis Mutual Fund
04-11-2020,54.03520,120503,Axis ELSS Tax Saver Fund - Direct Plan - Growth Option,Axis Mutual Fund
03-11-2020,53.45320,120503,Axis ELSS Tax Saver Fund - Direct Plan - Growth Option,Axis Mutual Fund
02-11-2020,52.89320,120503,Axis ELSS Tax Saver Fund - Direct Plan - Growth Option,Axis Mutual Fund
30-10-2020,52.64320,120503,Axis ELSS Tax Saver Fund - Direct Plan - Growth Option,Axis Mutual Fund
29-10-2020,52.82080,120503,Axis ELSS Tax Saver Fund - Direct Plan - Growth Option,Axis Mutual Fund
28-10-2020,52.73350,120503,Axis ELSS Tax Saver Fund - Direct Plan - Growth Option,Axis Mutual Fund
27-10-2020,53.33190,120503,Axis ELSS Tax Saver Fund - Direct Plan - Growth Option,Axis Mutual Fund
26-10-2020,52.05460,120503,Axis ELSS Tax Saver Fund - Direct Plan - Growth Option,Axis Mutual Fund
23-10-2020,52.38180,120503,Axis ELSS Tax Saver Fund - Direct Plan - Growth Option,Axis Mutual Fund
22-10-2020,51.87350,120503,Axis ELSS Tax Saver Fund - Direct Plan - Growth Option,Axis Mutual Fund
21-10-2020,51.85580,120503,Axis ELSS Tax Saver Fund - Direct Plan - Growth Option,Axis Mutual Fund
20-10-2020,51.97590,120503,Axis ELSS Tax Saver Fund - Direct Plan - Growth Option,Axis Mutual Fund
19-10-2020,51.79390,120503,Axis ELSS Tax Saver Fund - Direct Plan - Growth Option,Axis Mutual Fund
16-10-2020,51.50000,120503,Axis ELSS Tax Saver Fund - Direct Plan - Growth Option,Axis Mutual Fund
15-10-2020,51.03830,120503,Axis ELSS Tax Saver Fund - Direct Plan - Growth Option,Axis Mutual Fund
14-10-2020,52.16710,120503,Axis ELSS Tax Saver Fund - Direct Plan - Growth Option,Axis Mutual Fund
13-10-2020,51.78950,120503,Axis ELSS Tax Saver Fund - Direct Plan - Growth Option,Axis Mutual Fund
12-10-2020,52.00310,120503,Axis ELSS Tax Saver Fund - Direct Plan - Growth Option,Axis Mutual Fund
09-10-2020,52.06840,120503,Axis ELSS Tax Saver Fund - Direct Plan - Growth Option,Axis Mutual Fund
08-10-2020,52.08170,120503,Axis ELSS Tax Saver Fund - Direct Plan - Growth Option,Axis Mutual Fund
07-10-2020,51.76900,120503,Axis ELSS Tax Saver Fund - Direct Plan - Growth Option,Axis Mutual Fund
06-10-2020,51.84710,120503,Axis ELSS Tax Saver Fund - Direct Plan - Growth Option,Axis Mutual Fund
05-10-2020,51.34160,120503,Axis ELSS Tax Saver Fund - Direct Plan - Growth Option,Axis Mutual Fund
01-10-2020,51.24880,120503,Axis ELSS Tax Saver Fund - Direct Plan - Growth Option,Axis Mutual Fund
30-09-2020,50.57190,120503,Axis ELSS Tax Saver Fund - Direct Plan - Growth Option,Axis Mutual Fund
29-09-2020,50.33040,120503,Axis ELSS Tax Saver Fund - Direct Plan - Growth Option,Axis Mutual Fund
28-09-2020,50.19290,120503,Axis ELSS Tax Saver Fund - Direct Plan - Growth Option,Axis Mutual Fund
25-09-2020,49.17430,120503,Axis ELSS Tax Saver Fund - Direct Plan - Growth Option,Axis Mutual Fund
24-09-2020,48.05020,120503,Axis ELSS Tax Saver Fund - Direct Plan - Growth Option,Axis Mutual Fund
23-09-2020,49.33470,120503,Axis ELSS Tax Saver Fund - Direct Plan - Growth Option,Axis Mutual Fund
22-09-2020,49.52750,120503,Axis ELSS Tax Saver Fund - Direct Plan - Growth Option,Axis Mutual Fund
21-09-2020,49.88140,120503,Axis ELSS Tax Saver Fund - Direct Plan - Growth Option,Axis Mutual Fund
18-09-2020,51.10810,120503,Axis ELSS Tax Saver Fund - Direct Plan - Growth Option,Axis Mutual Fund
17-09-2020,51.24360,120503,Axis ELSS Tax Saver Fund - Direct Plan - Growth Option,Axis Mutual Fund
16-09-2020,51.52360,120503,Axis ELSS Tax Saver Fund - Direct Plan - Growth Option,Axis Mutual Fund
15-09-2020,51.24060,120503,Axis ELSS Tax Saver Fund - Direct Plan - Growth Option,Axis Mutual Fund
14-09-2020,50.83300,120503,Axis ELSS Tax Saver Fund - Direct Plan - Growth Option,Axis Mutual Fund
11-09-2020,50.74720,120503,Axis ELSS Tax Saver Fund - Direct Plan - Growth Option,Axis Mutual Fund
10-09-2020,50.66510,120503,Axis ELSS Tax Saver Fund - Direct Plan - Growth Option,Axis Mutual Fund
09-09-2020,50.32180,120503,Axis ELSS Tax Saver Fund - Direct Plan - Growth Option,Axis Mutual Fund
08-09-2020,50.68460,120503,Axis ELSS Tax Saver Fund - Direct Plan - Growth Option,Axis Mutual Fund
07-09-2020,50.99700,120503,Axis ELSS Tax Saver Fund - Direct Plan - Growth Option,Axis Mutual Fund
04-09-2020,51.13270,120503,Axis ELSS Tax Saver Fund - Direct Plan - Growth Option,Axis Mutual Fund
03-09-2020,51.76690,120503,Axis ELSS Tax Saver Fund - Direct Plan - Growth Option,Axis Mutual Fund
02-09-2020,51.56320,120503,Axis ELSS Tax Saver Fund - Direct Plan - Growth Option,Axis Mutual Fund
01-09-2020,51.26170,120503,Axis ELSS Tax Saver Fund - Direct Plan - Growth Option,Axis Mutual Fund
31-08-2020,50.57800,120503,Axis ELSS Tax Saver Fund - Direct Plan - Growth Option,Axis Mutual Fund
28-08-2020,52.15290,120503,Axis ELSS Tax Saver Fund - Direct Plan - Growth Option,Axis Mutual Fund
27-08-2020,51.81770,120503,Axis ELSS Tax Saver Fund - Direct Plan - Growth Option,Axis Mutual Fund
26-08-2020,51.91630,120503,Axis ELSS Tax Saver Fund - Direct Plan - Growth Option,Axis Mutual Fund
25-08-2020,51.80470,120503,Axis ELSS Tax Saver Fund - Direct Plan - Growth Option,Axis Mutual Fund
24-08-2020,51.52920,120503,Axis ELSS Tax Saver Fund - Direct Plan - Growth Option,Axis Mutual Fund
21-08-2020,51.04600,120503,Axis ELSS Tax Saver Fund - Direct Plan - Growth Option,Axis Mutual Fund
20-08-2020,50.78880,120503,Axis ELSS Tax Saver Fund - Direct Plan - Growth Option,Axis Mutual Fund
19-08-2020,50.87470,120503,Axis ELSS Tax Saver Fund - Direct Plan - Growth Option,Axis Mutual Fund
18-08-2020,50.73730,120503,Axis ELSS Tax Saver Fund - Direct Plan - Growth Option,Axis Mutual Fund
17-08-2020,50.07810,120503,Axis ELSS Tax Saver Fund - Direct Plan - Growth Option,Axis Mutual Fund
14-08-2020,49.64590,120503,Axis ELSS Tax Saver Fund - Direct Plan - Growth Option,Axis Mutual Fund
13-08-2020,50.22080,120503,Axis ELSS Tax Saver Fund - Direct Plan - Growth Option,Axis Mutual Fund
12-08-2020,50.11730,120503,Axis ELSS Tax Saver Fund - Direct Plan - Growth Option,Axis Mutual Fund
11-08-2020,50.33300,120503,Axis ELSS Tax Saver Fund - Direct Plan - Growth Option,Axis Mutual Fund
10-08-2020,50.33490,120503,Axis ELSS Tax Saver Fund - Direct Plan - Growth Option,Axis Mutual Fund
07-08-2020,49.76960,120503,Axis ELSS Tax Saver Fund - Direct Plan - Growth Option,Axis Mutual Fund
06-08-2020,49.37850,120503,Axis ELSS Tax Saver Fund - Direct Plan - Growth Option,Axis Mutual Fund
05-08-2020,48.95440,120503,Axis ELSS Tax Saver Fund - Direct Plan - Growth Option,Axis Mutual Fund
04-08-2020,48.75270,120503,Axis ELSS Tax Saver Fund - Direct Plan - Growth Option,Axis Mutual Fund
03-08-2020,48.07670,120503,Axis ELSS Tax Saver Fund - Direct Plan - Growth Option,Axis Mutual Fund
31-07-2020,48.62720,120503,Axis ELSS Tax Saver Fund - Direct Plan - Growth Option,Axis Mutual Fund
30-07-2020,48.46340,120503,Axis ELSS Tax Saver Fund - Direct Plan - Growth Option,Axis Mutual Fund
29-07-2020,48.61870,120503,Axis ELSS Tax Saver Fund - Direct Plan - Growth Option,Axis Mutual Fund
28-07-2020,48.69650,120503,Axis ELSS Tax Saver Fund - Direct Plan - Growth Option,Axis Mutual Fund
27-07-2020,47.93890,120503,Axis ELSS Tax Saver Fund - Direct Plan - Growth Option,Axis Mutual Fund
24-07-2020,48.28860,120503,Axis ELSS Tax Saver Fund - Direct Plan - Growth Option,Axis Mutual Fund
23-07-2020,48.86020,120503,Axis ELSS Tax Saver Fund - Direct Plan - Growth Option,Axis Mutual Fund
22-07-2020,48.52530,120503,Axis ELSS Tax Saver Fund - Direct Plan - Growth Option,Axis Mutual Fund
21-07-2020,48.85790,120503,Axis ELSS Tax Saver Fund - Direct Plan - Growth Option,Axis Mutual Fund
20-07-2020,48.73710,120503,Axis ELSS Tax Saver Fund - Direct Plan - Growth Option,Axis Mutual Fund
17-07-2020,48.01030,120503,Axis ELSS Tax Saver Fund - Direct Plan - Growth Option,Axis Mutual Fund
16-07-2020,47.57820,120503,Axis ELSS Tax Saver Fund - Direct Plan - Growth Option,Axis Mutual Fund
15-07-2020,47.35820,120503,Axis ELSS Tax Saver Fund - Direct Plan - Growth Option,Axis Mutual Fund
14-07-2020,47.26940,120503,Axis ELSS Tax Saver Fund - Direct Plan - Growth Option,Axis Mutual Fund
13-07-2020,48.02250,120503,Axis ELSS Tax Saver Fund - Direct Plan - Growth Option,Axis Mutual Fund
10-07-2020,48.35860,120503,Axis ELSS Tax Saver Fund - Direct Plan - Growth Option,Axis Mutual Fund
09-07-2020,48.64520,120503,Axis ELSS Tax Saver Fund - Direct Plan - Growth Option,Axis Mutual Fund
08-07-2020,48.28970,120503,Axis ELSS Tax Saver Fund - Direct Plan - Growth Option,Axis Mutual Fund
07-07-2020,49.00730,120503,Axis ELSS Tax Saver Fund - Direct Plan - Growth Option,Axis Mutual Fund
06-07-2020,48.23510,120503,Axis ELSS Tax Saver Fund - Direct Plan - Growth Option,Axis Mutual Fund
03-07-2020,47.57850,120503,Axis ELSS Tax Saver Fund - Direct Plan - Growth Option,Axis Mutual Fund
02-07-2020,47.62970,120503,Axis ELSS Tax Saver Fund - Direct Plan - Growth Option,Axis Mutual Fund
01-07-2020,47.25750,120503,Axis ELSS Tax Saver Fund - Direct Plan - Growth Option,Axis Mutual Fund
30-06-2020,47.03990,120503,Axis ELSS Tax Saver Fund - Direct Plan - Growth Option,Axis Mutual Fund
29-06-2020,46.97650,120503,Axis ELSS Tax Saver Fund - Direct Plan - Growth Option,Axis Mutual Fund
26-06-2020,47.17400,120503,Axis ELSS Tax Saver Fund - Direct Plan - Growth Option,Axis Mutual Fund
25-06-2020,47.08160,120503,Axis ELSS Tax Saver Fund - Direct Plan - Growth Option,Axis Mutual Fund
24-06-2020,47.03490,120503,Axis ELSS Tax Saver Fund - Direct Plan - Growth Option,Axis Mutual Fund
23-06-2020,47.71310,120503,Axis ELSS Tax Saver Fund - Direct Plan - Growth Option,Axis Mutual Fund
22-06-2020,46.91440,120503,Axis ELSS Tax Saver Fund - Direct Plan - Growth Option,Axis Mutual Fund
19-06-2020,46.54000,120503,Axis ELSS Tax Saver Fund - Direct Plan - Growth Option,Axis Mutual Fund
18-06-2020,46.20210,120503,Axis ELSS Tax Saver Fund - Direct Plan - Growth Option,Axis Mutual Fund
17-06-2020,45.73570,120503,Axis ELSS Tax Saver Fund - Direct Plan - Growth Option,Axis Mutual Fund
16-06-2020,45.84540,120503,Axis ELSS Tax Saver Fund - Direct Plan - Growth Option,Axis Mutual Fund
15-06-2020,45.42100,120503,Axis ELSS Tax Saver Fund - Direct Plan - Growth Option,Axis Mutual Fund
12-06-2020,46.14030,120503,Axis ELSS Tax Saver Fund - Direct Plan - Growth Option,Axis Mutual Fund
11-06-2020,45.77060,120503,Axis ELSS Tax Saver Fund - Direct Plan - Growth Option,Axis Mutual Fund
10-06-2020,46.46330,120503,Axis ELSS Tax Saver Fund - Direct Plan - Growth Option,Axis Mutual Fund
09-06-2020,46.21800,120503,Axis ELSS Tax Saver Fund - Direct Plan - Growth Option,Axis Mutual Fund
08-06-2020,46.72920,120503,Axis ELSS Tax Saver Fund - Direct Plan - Growth Option,Axis Mutual Fund
05-06-2020,46.77590,120503,Axis ELSS Tax Saver Fund - Direct Plan - Growth Option,Axis Mutual Fund
04-06-2020,46.27980,120503,Axis ELSS Tax Saver Fund - Direct Plan - Growth Option,Axis Mutual Fund
03-06-2020,46.59340,120503,Axis ELSS Tax Saver Fund - Direct Plan - Growth Option,Axis Mutual Fund
02-06-2020,46.26770,120503,Axis ELSS Tax Saver Fund - Direct Plan - Growth Option,Axis Mutual Fund
01-06-2020,45.60820,120503,Axis ELSS Tax Saver Fund - Direct Plan - Growth Option,Axis Mutual Fund
29-05-2020,44.64620,120503,Axis ELSS Tax Saver Fund - Direct Plan - Growth Option,Axis Mutual Fund
28-05-2020,44.02030,120503,Axis ELSS Tax Saver Fund - Direct Plan - Growth Option,Axis Mutual Fund
27-05-2020,43.15920,120503,Axis ELSS Tax Saver Fund - Direct Plan - Growth Option,Axis Mutual Fund
26-05-2020,42.61590,120503,Axis ELSS Tax Saver Fund - Direct Plan - Growth Option,Axis Mutual Fund
22-05-2020,42.82720,120503,Axis ELSS Tax Saver Fund - Direct Plan - Growth Option,Axis Mutual Fund
21-05-2020,43.28270,120503,Axis ELSS Tax Saver Fund - Direct Plan - Growth Option,Axis Mutual Fund
20-05-2020,43.10690,120503,Axis ELSS Tax Saver Fund - Direct Plan - Growth Option,Axis Mutual Fund
19-05-2020,42.33840,120503,Axis ELSS Tax Saver Fund - Direct Plan - Growth Option,Axis Mutual Fund
18-05-2020,41.88820,120503,Axis ELSS Tax Saver Fund - Direct Plan - Growth Option,Axis Mutual Fund
15-05-2020,43.22280,120503,Axis ELSS Tax Saver Fund - Direct Plan - Growth Option,Axis Mutual Fund
14-05-2020,43.32730,120503,Axis ELSS Tax Saver Fund - Direct Plan - Growth Option,Axis Mutual Fund
13-05-2020,43.87870,120503,Axis ELSS Tax Saver Fund - Direct Plan - Growth Option,Axis Mutual Fund
12-05-2020,43.34660,120503,Axis ELSS Tax Saver Fund - Direct Plan - Growth Option,Axis Mutual Fund
11-05-2020,43.44780,120503,Axis ELSS Tax Saver Fund - Direct Plan - Growth Option,Axis Mutual Fund
08-05-2020,43.48670,120503,Axis ELSS Tax Saver Fund - Direct Plan - Growth Option,Axis Mutual Fund
07-05-2020,43.19380,120503,Axis ELSS Tax Saver Fund - Direct Plan - Growth Option,Axis Mutual Fund
06-05-2020,43.86600,120503,Axis ELSS Tax Saver Fund - Direct Plan - Growth Option,Axis Mutual Fund
05-05-2020,43.44310,120503,Axis ELSS Tax Saver Fund - Direct Plan - Growth Option,Axis Mutual Fund
04-05-2020,43.97750,120503,Axis ELSS Tax Saver Fund - Direct Plan - Growth Option,Axis Mutual Fund
30-04-2020,46.24030,120503,Axis ELSS Tax Saver Fund - Direct Plan - Growth Option,Axis Mutual Fund
29-04-2020,45.17960,120503,Axis ELSS Tax Saver Fund - Direct Plan - Growth Option,Axis Mutual Fund
28-04-2020,44.47920,120503,Axis ELSS Tax Saver Fund - Direct Plan - Growth Option,Axis Mutual Fund
27-04-2020,43.93170,120503,Axis ELSS Tax Saver Fund - Direct Plan - Growth Option,Axis Mutual Fund
24-04-2020,43.32210,120503,Axis ELSS Tax Saver Fund - Direct Plan - Growth Option,Axis Mutual Fund
23-04-2020,44.29080,120503,Axis ELSS Tax Saver Fund - Direct Plan - Growth Option,Axis Mutual Fund
22-04-2020,43.62920,120503,Axis ELSS Tax Saver Fund - Direct Plan - Growth Option,Axis Mutual Fund
21-04-2020,42.85460,120503,Axis ELSS Tax Saver Fund - Direct Plan - Growth Option,Axis Mutual Fund
20-04-2020,44.05350,120503,Axis ELSS Tax Saver Fund - Direct Plan - Growth Option,Axis Mutual Fund
17-04-2020,44.12630,120503,Axis ELSS Tax Saver Fund - Direct Plan - Growth Option,Axis Mutual Fund
16-04-2020,42.87120,120503,Axis ELSS Tax Saver Fund - Direct Plan - Growth Option,Axis Mutual Fund
15-04-2020,42.74580,120503,Axis ELSS Tax Saver Fund - Direct Plan - Growth Option,Axis Mutual Fund
13-04-2020,42.89580,120503,Axis ELSS Tax Saver Fund - Direct Plan - Growth Option,Axis Mutual Fund
09-04-2020,43.82900,120503,Axis ELSS Tax Saver Fund - Direct Plan - Growth Option,Axis Mutual Fund
08-04-2020,41.96530,120503,Axis ELSS Tax Saver Fund - Direct Plan - Growth Option,Axis Mutual Fund
07-04-2020,41.83350,120503,Axis ELSS Tax Saver Fund - Direct Plan - Growth Option,Axis Mutual Fund
03-04-2020,39.25760,120503,Axis ELSS Tax Saver Fund - Direct Plan - Growth Option,Axis Mutual Fund
01-04-2020,40.27420,120503,Axis ELSS Tax Saver Fund - Direct Plan - Growth Option,Axis Mutual Fund
31-03-2020,41.73640,120503,Axis ELSS Tax Saver Fund - Direct Plan - Growth Option,Axis Mutual Fund
30-03-2020,40.91030,120503,Axis ELSS Tax Saver Fund - Direct Plan - Growth Option,Axis Mutual Fund
27-03-2020,42.47780,120503,Axis ELSS Tax Saver Fund - Direct Plan - Growth Option,Axis Mutual Fund
26-03-2020,42.25080,120503,Axis ELSS Tax Saver Fund - Direct Plan - Growth Option,Axis Mutual Fund
25-03-2020,40.40840,120503,Axis ELSS Tax Saver Fund - Direct Plan - Growth Option,Axis Mutual Fund
24-03-2020,38.44600,120503,Axis ELSS Tax Saver Fund - Direct Plan - Growth Option,Axis Mutual Fund
23-03-2020,37.64630,120503,Axis ELSS Tax Saver Fund - Direct Plan - Growth Option,Axis Mutual Fund
20-03-2020,42.89500,120503,Axis ELSS Tax Saver Fund - Direct Plan - Growth Option,Axis Mutual Fund
19-03-2020,41.03760,120503,Axis ELSS Tax Saver Fund - Direct Plan - Growth Option,Axis Mutual Fund
18-03-2020,42.34580,120503,Axis ELSS Tax Saver Fund - Direct Plan - Growth Option,Axis Mutual Fund
17-03-2020,44.89100,120503,Axis ELSS Tax Saver Fund - Direct Plan - Growth Option,Axis Mutual Fund
16-03-2020,45.85880,120503,Axis ELSS Tax Saver Fund - Direct Plan - Growth Option,Axis Mutual Fund
13-03-2020,48.59990,120503,Axis ELSS Tax Saver Fund - Direct Plan - Growth Option,Axis Mutual Fund
12-03-2020,47.80390,120503,Axis ELSS Tax Saver Fund - Direct Plan - Growth Option,Axis Mutual Fund
11-03-2020,51.34490,120503,Axis ELSS Tax Saver Fund - Direct Plan - Growth Option,Axis Mutual Fund
09-03-2020,51.29940,120503,Axis ELSS Tax Saver Fund - Direct Plan - Growth Option,Axis Mutual Fund
06-03-2020,53.09870,120503,Axis ELSS Tax Saver Fund - Direct Plan - Growth Option,Axis Mutual Fund
05-03-2020,53.64500,120503,Axis ELSS Tax Saver Fund - Direct Plan - Growth Option,Axis Mutual Fund
04-03-2020,53.08250,120503,Axis ELSS Tax Saver Fund - Direct Plan - Growth Option,Axis Mutual Fund
03-03-2020,53.55050,120503,Axis ELSS Tax Saver Fund - Direct Plan - Growth Option,Axis Mutual Fund
02-03-2020,52.80090,120503,Axis ELSS Tax Saver Fund - Direct Plan - Growth Option,Axis Mutual Fund
28-02-2020,52.89070,120503,Axis ELSS Tax Saver Fund - Direct Plan - Growth Option,Axis Mutual Fund
27-02-2020,54.33070,120503,Axis ELSS Tax Saver Fund - Direct Plan - Growth Option,Axis Mutual Fund
26-02-2020,54.46160,120503,Axis ELSS Tax Saver Fund - Direct Plan - Growth Option,Axis Mutual Fund
25-02-2020,54.87410,120503,Axis ELSS Tax Saver Fund - Direct Plan - Growth Option,Axis Mutual Fund
24-02-2020,55.07390,120503,Axis ELSS Tax Saver Fund - Direct Plan - Growth Option,Axis Mutual Fund
20-02-2020,56.08370,120503,Axis ELSS Tax Saver Fund - Direct Plan - Growth Option,Axis Mutual Fund
19-02-2020,56.18320,120503,Axis ELSS Tax Saver Fund - Direct Plan - Growth Option,Axis Mutual Fund
18-02-2020,55.59300,120503,Axis ELSS Tax Saver Fund - Direct Plan - Growth Option,Axis Mutual Fund
17-02-2020,55.85250,120503,Axis ELSS Tax Saver Fund - Direct Plan - Growth Option,Axis Mutual Fund
14-02-2020,56.14370,120503,Axis ELSS Tax Saver Fund - Direct Plan - Growth Option,Axis Mutual Fund
13-02-2020,56.60340,120503,Axis ELSS Tax Saver Fund - Direct Plan - Growth Option,Axis Mutual Fund
12-02-2020,56.61940,120503,Axis ELSS Tax Saver Fund - Direct Plan - Growth Option,Axis Mutual Fund
11-02-2020,56.13760,120503,Axis ELSS Tax Saver Fund - Direct Plan - Growth Option,Axis Mutual Fund
10-02-2020,56.09310,120503,Axis ELSS Tax Saver Fund - Direct Plan - Growth Option,Axis Mutual Fund
07-02-2020,55.73580,120503,Axis ELSS Tax Saver Fund - Direct Plan - Growth Option,Axis Mutual Fund
06-02-2020,55.69570,120503,Axis ELSS Tax Saver Fund - Direct Plan - Growth Option,Axis Mutual Fund
05-02-2020,55.43900,120503,Axis ELSS Tax Saver Fund - Direct Plan - Growth Option,Axis Mutual Fund
04-02-2020,54.99170,120503,Axis ELSS Tax Saver Fund - Direct Plan - Growth Option,Axis Mutual Fund
03-02-2020,53.99140,120503,Axis ELSS Tax Saver Fund - Direct Plan - Growth Option,Axis Mutual Fund
31-01-2020,54.33880,120503,Axis ELSS Tax Saver Fund - Direct Plan - Growth Option,Axis Mutual Fund
30-01-2020,54.23540,120503,Axis ELSS Tax Saver Fund - Direct Plan - Growth Option,Axis Mutual Fund
29-01-2020,54.48930,120503,Axis ELSS Tax Saver Fund - Direct Plan - Growth Option,Axis Mutual Fund
28-01-2020,54.02790,120503,Axis ELSS Tax Saver Fund - Direct Plan - Growth Option,Axis Mutual Fund
27-01-2020,54.04080,120503,Axis ELSS Tax Saver Fund - Direct Plan - Growth Option,Axis Mutual Fund
24-01-2020,54.32190,120503,Axis ELSS Tax Saver Fund - Direct Plan - Growth Option,Axis Mutual Fund
23-01-2020,53.68220,120503,Axis ELSS Tax Saver Fund - Direct Plan - Growth Option,Axis Mutual Fund
22-01-2020,53.39440,120503,Axis ELSS Tax Saver Fund - Direct Plan - Growth Option,Axis Mutual Fund
21-01-2020,53.56850,120503,Axis ELSS Tax Saver Fund - Direct Plan - Growth Option,Axis Mutual Fund
20-01-2020,53.87850,120503,Axis ELSS Tax Saver Fund - Direct Plan - Growth Option,Axis Mutual Fund
17-01-2020,54.44490,120503,Axis ELSS Tax Saver Fund - Direct Plan - Growth Option,Axis Mutual Fund
16-01-2020,54.31850,120503,Axis ELSS Tax Saver Fund - Direct Plan - Growth Option,Axis Mutual Fund
15-01-2020,54.02220,120503,Axis ELSS Tax Saver Fund - Direct Plan - Growth Option,Axis Mutual Fund
14-01-2020,54.11310,120503,Axis ELSS Tax Saver Fund - Direct Plan - Growth Option,Axis Mutual Fund
13-01-2020,53.86020,120503,Axis ELSS Tax Saver Fund - Direct Plan - Growth Option,Axis Mutual Fund
10-01-2020,53.61880,120503,Axis ELSS Tax Saver Fund - Direct Plan - Growth Option,Axis Mutual Fund
09-01-2020,53.34850,120503,Axis ELSS Tax Saver Fund - Direct Plan - Growth Option,Axis Mutual Fund
08-01-2020,52.74380,120503,Axis ELSS Tax Saver Fund - Direct Plan - Growth Option,Axis Mutual Fund
07-01-2020,52.69920,120503,Axis ELSS Tax Saver Fund - Direct Plan - Growth Option,Axis Mutual Fund
06-01-2020,52.32690,120503,Axis ELSS Tax Saver Fund - Direct Plan - Growth Option,Axis Mutual Fund
03-01-2020,53.33710,120503,Axis ELSS Tax Saver Fund - Direct Plan - Growth Option,Axis Mutual Fund
02-01-2020,53.36120,120503,Axis ELSS Tax Saver Fund - Direct Plan - Growth Option,Axis Mutual Fund
01-01-2020,53.26230,120503,Axis ELSS Tax Saver Fund - Direct Plan - Growth Option,Axis Mutual Fund
31-12-2019,53.23570,120503,Axis ELSS Tax Saver Fund - Direct Plan - Growth Option,Axis Mutual Fund
30-12-2019,53.58440,120503,Axis ELSS Tax Saver Fund - Direct Plan - Growth Option,Axis Mutual Fund
27-12-2019,53.55870,120503,Axis ELSS Tax Saver Fund - Direct Plan - Growth Option,Axis Mutual Fund
26-12-2019,53.17930,120503,Axis ELSS Tax Saver Fund - Direct Plan - Growth Option,Axis Mutual Fund
24-12-2019,53.23310,120503,Axis ELSS Tax Saver Fund - Direct Plan - Growth Option,Axis Mutual Fund
23-12-2019,53.49770,120503,Axis ELSS Tax Saver Fund - Direct Plan - Growth Option,Axis Mutual Fund
20-12-2019,53.56510,120503,Axis ELSS Tax Saver Fund - Direct Plan - Growth Option,Axis Mutual Fund
19-12-2019,53.44830,120503,Axis ELSS Tax Saver Fund - Direct Plan - Growth Option,Axis Mutual Fund
18-12-2019,53.22010,120503,Axis ELSS Tax Saver Fund - Direct Plan - Growth Option,Axis Mutual Fund
17-12-2019,52.82300,120503,Axis ELSS Tax Saver Fund - Direct Plan - Growth Option,Axis Mutual Fund
16-12-2019,52.22650,120503,Axis ELSS Tax Saver Fund - Direct Plan - Growth Option,Axis Mutual Fund
13-12-2019,52.38850,120503,Axis ELSS Tax Saver Fund - Direct Plan - Growth Option,Axis Mutual Fund
12-12-2019,51.93710,120503,Axis ELSS Tax Saver Fund - Direct Plan - Growth Option,Axis Mutual Fund
11-12-2019,51.66080,120503,Axis ELSS Tax Saver Fund - Direct Plan - Growth Option,Axis Mutual Fund
10-12-2019,51.38840,120503,Axis ELSS Tax Saver Fund - Direct Plan - Growth Option,Axis Mutual Fund
09-12-2019,51.71650,120503,Axis ELSS Tax Saver Fund - Direct Plan - Growth Option,Axis Mutual Fund
06-12-2019,51.75740,120503,Axis ELSS Tax Saver Fund - Direct Plan - Growth Option,Axis Mutual Fund
05-12-2019,52.17390,120503,Axis ELSS Tax Saver Fund - Direct Plan - Growth Option,Axis Mutual Fund
04-12-2019,52.17580,120503,Axis ELSS Tax Saver Fund - Direct Plan - Growth Option,Axis Mutual Fund
03-12-2019,52.13910,120503,Axis ELSS Tax Saver Fund - Direct Plan - Growth Option,Axis Mutual Fund
02-12-2019,52.08310,120503,Axis ELSS Tax Saver Fund - Direct Plan - Growth Option,Axis Mutual Fund
29-11-2019,52.52020,120503,Axis ELSS Tax Saver Fund - Direct Plan - Growth Option,Axis Mutual Fund
28-11-2019,52.65510,120503,Axis ELSS Tax Saver Fund - Direct Plan - Growth Option,Axis Mutual Fund
27-11-2019,52.55410,120503,Axis ELSS Tax Saver Fund - Direct Plan - Growth Option,Axis Mutual Fund
26-11-2019,52.18190,120503,Axis ELSS Tax Saver Fund - Direct Plan - Growth Option,Axis Mutual Fund
25-11-2019,52.40580,120503,Axis ELSS Tax Saver Fund - Direct Plan - Growth Option,Axis Mutual Fund
22-11-2019,51.80550,120503,Axis ELSS Tax Saver Fund - Direct Plan - Growth Option,Axis Mutual Fund
21-11-2019,51.97490,120503,Axis ELSS Tax Saver Fund - Direct Plan - Growth Option,Axis Mutual Fund
20-11-2019,52.21970,120503,Axis ELSS Tax Saver Fund - Direct Plan - Growth Option,Axis Mutual Fund
19-11-2019,52.30170,120503,Axis ELSS Tax Saver Fund - Direct Plan - Growth Option,Axis Mutual Fund
18-11-2019,52.64580,120503,Axis ELSS Tax Saver Fund - Direct Plan - Growth Option,Axis Mutual Fund
15-11-2019,52.85980,120503,Axis ELSS Tax Saver Fund - Direct Plan - Growth Option,Axis Mutual Fund
14-11-2019,52.92160,120503,Axis ELSS Tax Saver Fund - Direct Plan - Growth Option,Axis Mutual Fund
13-11-2019,52.75070,120503,Axis ELSS Tax Saver Fund - Direct Plan - Growth Option,Axis Mutual Fund
11-11-2019,52.77470,120503,Axis ELSS Tax Saver Fund - Direct Plan - Growth Option,Axis Mutual Fund
08-11-2019,52.66910,120503,Axis ELSS Tax Saver Fund - Direct Plan - Growth Option,Axis Mutual Fund
07-11-2019,53.14690,120503,Axis ELSS Tax Saver Fund - Direct Plan - Growth Option,Axis Mutual Fund
06-11-2019,53.02730,120503,Axis ELSS Tax Saver Fund - Direct Plan - Growth Option,Axis Mutual Fund
05-11-2019,52.87080,120503,Axis ELSS Tax Saver Fund - Direct Plan - Growth Option,Axis Mutual Fund
04-11-2019,52.98460,120503,Axis ELSS Tax Saver Fund - Direct Plan - Growth Option,Axis Mutual Fund
01-11-2019,53.10650,120503,Axis ELSS Tax Saver Fund - Direct Plan - Growth Option,Axis Mutual Fund
31-10-2019,53.19530,120503,Axis ELSS Tax Saver Fund - Direct Plan - Growth Option,Axis Mutual Fund
30-10-2019,52.92630,120503,Axis ELSS Tax Saver Fund - Direct Plan - Growth Option,Axis Mutual Fund
29-10-2019,52.78750,120503,Axis ELSS Tax Saver Fund - Direct Plan - Growth Option,Axis Mutual Fund
25-10-2019,51.78900,120503,Axis ELSS Tax Saver Fund - Direct Plan - Growth Option,Axis Mutual Fund
24-10-2019,51.87550,120503,Axis ELSS Tax Saver Fund - Direct Plan - Growth Option,Axis Mutual Fund
23-10-2019,51.85530,120503,Axis ELSS Tax Saver Fund - Direct Plan - Growth Option,Axis Mutual Fund
22-10-2019,51.91240,120503,Axis ELSS Tax Saver Fund - Direct Plan - Growth Option,Axis Mutual Fund
18-10-2019,51.79650,120503,Axis ELSS Tax Saver Fund - Direct Plan - Growth Option,Axis Mutual Fund
17-10-2019,51.56370,120503,Axis ELSS Tax Saver Fund - Direct Plan - Growth Option,Axis Mutual Fund
16-10-2019,51.14310,120503,Axis ELSS Tax Saver Fund - Direct Plan - Growth Option,Axis Mutual Fund
15-10-2019,50.89060,120503,Axis ELSS Tax Saver Fund - Direct Plan - Growth Option,Axis Mutual Fund
14-10-2019,50.35610,120503,Axis ELSS Tax Saver Fund - Direct Plan - Growth Option,Axis Mutual Fund
11-10-2019,50.38240,120503,Axis ELSS Tax Saver Fund - Direct Plan - Growth Option,Axis Mutual Fund
10-10-2019,49.83710,120503,Axis ELSS Tax Saver Fund - Direct Plan - Growth Option,Axis Mutual Fund
09-10-2019,50.16860,120503,Axis ELSS Tax Saver Fund - Direct Plan - Growth Option,Axis Mutual Fund
07-10-2019,49.65320,120503,Axis ELSS Tax Saver Fund - Direct Plan - Growth Option,Axis Mutual Fund
04-10-2019,49.76320,120503,Axis ELSS Tax Saver Fund - Direct Plan - Growth Option,Axis Mutual Fund
03-10-2019,50.03720,120503,Axis ELSS Tax Saver Fund - Direct Plan - Growth Option,Axis Mutual Fund
01-10-2019,50.35690,120503,Axis ELSS Tax Saver Fund - Direct Plan - Growth Option,Axis Mutual Fund
30-09-2019,50.56550,120503,Axis ELSS Tax Saver Fund - Direct Plan - Growth Option,Axis Mutual Fund
27-09-2019,50.92520,120503,Axis ELSS Tax Saver Fund - Direct Plan - Growth Option,Axis Mutual Fund
26-09-2019,50.96550,120503,Axis ELSS Tax Saver Fund - Direct Plan - Growth Option,Axis Mutual Fund
25-09-2019,50.50100,120503,Axis ELSS Tax Saver Fund - Direct Plan - Growth Option,Axis Mutual Fund
24-09-2019,50.96650,120503,Axis ELSS Tax Saver Fund - Direct Plan - Growth Option,Axis Mutual Fund
23-09-2019,51.45230,120503,Axis ELSS Tax Saver Fund - Direct Plan - Growth Option,Axis Mutual Fund
20-09-2019,49.50490,120503,Axis ELSS Tax Saver Fund - Direct Plan - Growth Option,Axis Mutual Fund
19-09-2019,46.57930,120503,Axis ELSS Tax Saver Fund - Direct Plan - Growth Option,Axis Mutual Fund
18-09-2019,47.09250,120503,Axis ELSS Tax Saver Fund - Direct Plan - Growth Option,Axis Mutual Fund
17-09-2019,46.87500,120503,Axis ELSS Tax Saver Fund - Direct Plan - Growth Option,Axis Mutual Fund
16-09-2019,47.68120,120503,Axis ELSS Tax Saver Fund - Direct Plan - Growth Option,Axis Mutual Fund
13-09-2019,47.74890,120503,Axis ELSS Tax Saver Fund - Direct Plan - Growth Option,Axis Mutual Fund
12-09-2019,47.50260,120503,Axis ELSS Tax Saver Fund - Direct Plan - Growth Option,Axis Mutual Fund
11-09-2019,47.74910,120503,Axis ELSS Tax Saver Fund - Direct Plan - Growth Option,Axis Mutual Fund
09-09-2019,47.68890,120503,Axis ELSS Tax Saver Fund - Direct Plan - Growth Option,Axis Mutual Fund
06-09-2019,47.18050,120503,Axis ELSS Tax Saver Fund - Direct Plan - Growth Option,Axis Mutual Fund
05-09-2019,46.97160,120503,Axis ELSS Tax Saver Fund - Direct Plan - Growth Option,Axis Mutual Fund
04-09-2019,46.99080,120503,Axis ELSS Tax Saver Fund - Direct Plan - Growth Option,Axis Mutual Fund
03-09-2019,46.86600,120503,Axis ELSS Tax Saver Fund - Direct Plan - Growth Option,Axis Mutual Fund
30-08-2019,47.68460,120503,Axis ELSS Tax Saver Fund - Direct Plan - Growth Option,Axis Mutual Fund
29-08-2019,47.30710,120503,Axis ELSS Tax Saver Fund - Direct Plan - Growth Option,Axis Mutual Fund
28-08-2019,47.63850,120503,Axis ELSS Tax Saver Fund - Direct Plan - Growth Option,Axis Mutual Fund
27-08-2019,47.72290,120503,Axis ELSS Tax Saver Fund - Direct Plan - Growth Option,Axis Mutual Fund
26-08-2019,47.56020,120503,Axis ELSS Tax Saver Fund - Direct Plan - Growth Option,Axis Mutual Fund
23-08-2019,46.53520,120503,Axis ELSS Tax Saver Fund - Direct Plan - Growth Option,Axis Mutual Fund
22-08-2019,46.55430,120503,Axis ELSS Tax Saver Fund - Direct Plan - Growth Option,Axis Mutual Fund
21-08-2019,47.20660,120503,Axis ELSS Tax Saver Fund - Direct Plan - Growth Option,Axis Mutual Fund
20-08-2019,47.47910,120503,Axis ELSS Tax Saver Fund - Direct Plan - Growth Option,Axis Mutual Fund
19-08-2019,47.54580,120503,Axis ELSS Tax Saver Fund - Direct Plan - Growth Option,Axis Mutual Fund
16-08-2019,47.58760,120503,Axis ELSS Tax Saver Fund - Direct Plan - Growth Option,Axis Mutual Fund
14-08-2019,47.45790,120503,Axis ELSS Tax Saver Fund - Direct Plan - Growth Option,Axis Mutual Fund
13-08-2019,47.28550,120503,Axis ELSS Tax Saver Fund - Direct Plan - Growth Option,Axis Mutual Fund
09-08-2019,48.28490,120503,Axis ELSS Tax Saver Fund - Direct Plan - Growth Option,Axis Mutual Fund
08-08-2019,47.48730,120503,Axis ELSS Tax Saver Fund - Direct Plan - Growth Option,Axis Mutual Fund
07-08-2019,47.07730,120503,Axis ELSS Tax Saver Fund - Direct Plan - Growth Option,Axis Mutual Fund
06-08-2019,47.37880,120503,Axis ELSS Tax Saver Fund - Direct Plan - Growth Option,Axis Mutual Fund
05-08-2019,46.65360,120503,Axis ELSS Tax Saver Fund - Direct Plan - Growth Option,Axis Mutual Fund
02-08-2019,47.03930,120503,Axis ELSS Tax Saver Fund - Direct Plan - Growth Option,Axis Mutual Fund
01-08-2019,46.84640,120503,Axis ELSS Tax Saver Fund - Direct Plan - Growth Option,Axis Mutual Fund
31-07-2019,47.27590,120503,Axis ELSS Tax Saver Fund - Direct Plan - Growth Option,Axis Mutual Fund
30-07-2019,46.93790,120503,Axis ELSS Tax Saver Fund - Direct Plan - Growth Option,Axis Mutual Fund
29-07-2019,47.25170,120503,Axis ELSS Tax Saver Fund - Direct Plan - Growth Option,Axis Mutual Fund
26-07-2019,47.50060,120503,Axis ELSS Tax Saver Fund - Direct Plan - Growth Option,Axis Mutual Fund
25-07-2019,47.10990,120503,Axis ELSS Tax Saver Fund - Direct Plan - Growth Option,Axis Mutual Fund
24-07-2019,46.98590,120503,Axis ELSS Tax Saver Fund - Direct Plan - Growth Option,Axis Mutual Fund
23-07-2019,47.26820,120503,Axis ELSS Tax Saver Fund - Direct Plan - Growth Option,Axis Mutual Fund
22-07-2019,47.40190,120503,Axis ELSS Tax Saver Fund - Direct Plan - Growth Option,Axis Mutual Fund
19-07-2019,47.96650,120503,Axis ELSS Tax Saver Fund - Direct Plan - Growth Option,Axis Mutual Fund
18-07-2019,48.69950,120503,Axis ELSS Tax Saver Fund - Direct Plan - Growth Option,Axis Mutual Fund
17-07-2019,48.98590,120503,Axis ELSS Tax Saver Fund - Direct Plan - Growth Option,Axis Mutual Fund
16-07-2019,48.90220,120503,Axis ELSS Tax Saver Fund - Direct Plan - Growth Option,Axis Mutual Fund
15-07-2019,48.71390,120503,Axis ELSS Tax Saver Fund - Direct Plan - Growth Option,Axis Mutual Fund
12-07-2019,48.39580,120503,Axis ELSS Tax Saver Fund - Direct Plan - Growth Option,Axis Mutual Fund
11-07-2019,48.62310,120503,Axis ELSS Tax Saver Fund - Direct Plan - Growth Option,Axis Mutual Fund
10-07-2019,48.12320,120503,Axis ELSS Tax Saver Fund - Direct Plan - Growth Option,Axis Mutual Fund
09-07-2019,48.49800,120503,Axis ELSS Tax Saver Fund - Direct Plan - Growth Option,Axis Mutual Fund
08-07-2019,48.57930,120503,Axis ELSS Tax Saver Fund - Direct Plan - Growth Option,Axis Mutual Fund
05-07-2019,49.56380,120503,Axis ELSS Tax Saver Fund - Direct Plan - Growth Option,Axis Mutual Fund
04-07-2019,50.25800,120503,Axis ELSS Tax Saver Fund - Direct Plan - Growth Option,Axis Mutual Fund
03-07-2019,50.17940,120503,Axis ELSS Tax Saver Fund - Direct Plan - Growth Option,Axis Mutual Fund
02-07-2019,50.15150,120503,Axis ELSS Tax Saver Fund - Direct Plan - Growth Option,Axis Mutual Fund
01-07-2019,49.77160,120503,Axis ELSS Tax Saver Fund - Direct Plan - Growth Option,Axis Mutual Fund
28-06-2019,49.37560,120503,Axis ELSS Tax Saver Fund - Direct Plan - Growth Option,Axis Mutual Fund
27-06-2019,49.36600,120503,Axis ELSS Tax Saver Fund - Direct Plan - Growth Option,Axis Mutual Fund
26-06-2019,49.28970,120503,Axis ELSS Tax Saver Fund - Direct Plan - Growth Option,Axis Mutual Fund
25-06-2019,48.99600,120503,Axis ELSS Tax Saver Fund - Direct Plan - Growth Option,Axis Mutual Fund
24-06-2019,48.59220,120503,Axis ELSS Tax Saver Fund - Direct Plan - Growth Option,Axis Mutual Fund
21-06-2019,48.53170,120503,Axis ELSS Tax Saver Fund - Direct Plan - Growth Option,Axis Mutual Fund
20-06-2019,48.88210,120503,Axis ELSS Tax Saver Fund - Direct Plan - Growth Option,Axis Mutual Fund
19-06-2019,48.40360,120503,Axis ELSS Tax Saver Fund - Direct Plan - Growth Option,Axis Mutual Fund
18-06-2019,48.45020,120503,Axis ELSS Tax Saver Fund - Direct Plan - Growth Option,Axis Mutual Fund
17-06-2019,48.51410,120503,Axis ELSS Tax Saver Fund - Direct Plan - Growth Option,Axis Mutual Fund
14-06-2019,48.89090,120503,Axis ELSS Tax Saver Fund - Direct Plan - Growth Option,Axis Mutual Fund
13-06-2019,49.29070,120503,Axis ELSS Tax Saver Fund - Direct Plan - Growth Option,Axis Mutual Fund
12-06-2019,49.23400,120503,Axis ELSS Tax Saver Fund - Direct Plan - Growth Option,Axis Mutual Fund
11-06-2019,49.65300,120503,Axis ELSS Tax Saver Fund - Direct Plan - Growth Option,Axis Mutual Fund
10-06-2019,49.54390,120503,Axis ELSS Tax Saver Fund - Direct Plan - Growth Option,Axis Mutual Fund
07-06-2019,49.44300,120503,Axis ELSS Tax Saver Fund - Direct Plan - Growth Option,Axis Mutual Fund
06-06-2019,49.48510,120503,Axis ELSS Tax Saver Fund - Direct Plan - Growth Option,Axis Mutual Fund
04-06-2019,50.04100,120503,Axis ELSS Tax Saver Fund - Direct Plan - Growth Option,Axis Mutual Fund
03-06-2019,50.21600,120503,Axis ELSS Tax Saver Fund - Direct Plan - Growth Option,Axis Mutual Fund
31-05-2019,49.60090,120503,Axis ELSS Tax Saver Fund - Direct Plan - Growth Option,Axis Mutual Fund
30-05-2019,49.50430,120503,Axis ELSS Tax Saver Fund - Direct Plan - Growth Option,Axis Mutual Fund
29-05-2019,48.96490,120503,Axis ELSS Tax Saver Fund - Direct Plan - Growth Option,Axis Mutual Fund
28-05-2019,48.85920,120503,Axis ELSS Tax Saver Fund - Direct Plan - Growth Option,Axis Mutual Fund
27-05-2019,48.74810,120503,Axis ELSS Tax Saver Fund - Direct Plan - Growth Option,Axis Mutual Fund
24-05-2019,48.46890,120503,Axis ELSS Tax Saver Fund - Direct Plan - Growth Option,Axis Mutual Fund
23-05-2019,47.92700,120503,Axis ELSS Tax Saver Fund - Direct Plan - Growth Option,Axis Mutual Fund
22-05-2019,48.12880,120503,Axis ELSS Tax Saver Fund - Direct Plan - Growth Option,Axis Mutual Fund
21-05-2019,47.89680,120503,Axis ELSS Tax Saver Fund - Direct Plan - Growth Option,Axis Mutual Fund
20-05-2019,48.48830,120503,Axis ELSS Tax Saver Fund - Direct Plan - Growth Option,Axis Mutual Fund
17-05-2019,46.75490,120503,Axis ELSS Tax Saver Fund - Direct Plan - Growth Option,Axis Mutual Fund
16-05-2019,46.22500,120503,Axis ELSS Tax Saver Fund - Direct Plan - Growth Option,Axis Mutual Fund
15-05-2019,45.98770,120503,Axis ELSS Tax Saver Fund - Direct Plan - Growth Option,Axis Mutual Fund
14-05-2019,45.58710,120503,Axis ELSS Tax Saver Fund - Direct Plan - Growth Option,Axis Mutual Fund
13-05-2019,45.84070,120503,Axis ELSS Tax Saver Fund - Direct Plan - Growth Option,Axis Mutual Fund
10-05-2019,46.25510,120503,Axis ELSS Tax Saver Fund - Direct Plan - Growth Option,Axis Mutual Fund
09-05-2019,46.22160,120503,Axis ELSS Tax Saver Fund - Direct Plan - Growth Option,Axis Mutual Fund
08-05-2019,46.38920,120503,Axis ELSS Tax Saver Fund - Direct Plan - Growth Option,Axis Mutual Fund
07-05-2019,46.91540,120503,Axis ELSS Tax Saver Fund - Direct Plan - Growth Option,Axis Mutual Fund
06-05-2019,47.14990,120503,Axis ELSS Tax Saver Fund - Direct Plan - Growth Option,Axis Mutual Fund
03-05-2019,47.55390,120503,Axis ELSS Tax Saver Fund - Direct Plan - Growth Option,Axis Mutual Fund
02-05-2019,47.76800,120503,Axis ELSS Tax Saver Fund - Direct Plan - Growth Option,Axis Mutual Fund
30-04-2019,47.72290,120503,Axis ELSS Tax Saver Fund - Direct Plan - Growth Option,Axis Mutual Fund
26-04-2019,47.58700,120503,Axis ELSS Tax Saver Fund - Direct Plan - Growth Option,Axis Mutual Fund
25-04-2019,47.42530,120503,Axis ELSS Tax Saver Fund - Direct Plan - Growth Option,Axis Mutual Fund
24-04-2019,47.70320,120503,Axis ELSS Tax Saver Fund - Direct Plan - Growth Option,Axis Mutual Fund
23-04-2019,47.03970,120503,Axis ELSS Tax Saver Fund - Direct Plan - Growth Option,Axis Mutual Fund
22-04-2019,47.06810,120503,Axis ELSS Tax Saver Fund - Direct Plan - Growth Option,Axis Mutual Fund
18-04-2019,47.57290,120503,Axis ELSS Tax Saver Fund - Direct Plan - Growth Option,Axis Mutual Fund
16-04-2019,47.94520,120503,Axis ELSS Tax Saver Fund - Direct Plan - Growth Option,Axis Mutual Fund
15-04-2019,47.68700,120503,Axis ELSS Tax Saver Fund - Direct Plan - Growth Option,Axis Mutual Fund
12-04-2019,47.26010,120503,Axis ELSS Tax Saver Fund - Direct Plan - Growth Option,Axis Mutual Fund
11-04-2019,47.17500,120503,Axis ELSS Tax Saver Fund - Direct Plan - Growth Option,Axis Mutual Fund
10-04-2019,47.25480,120503,Axis ELSS Tax Saver Fund - Direct Plan - Growth Option,Axis Mutual Fund
09-04-2019,47.44870,120503,Axis ELSS Tax Saver Fund - Direct Plan - Growth Option,Axis Mutual Fund
08-04-2019,47.37170,120503,Axis ELSS Tax Saver Fund - Direct Plan - Growth Option,Axis Mutual Fund
05-04-2019,47.48870,120503,Axis ELSS Tax Saver Fund - Direct Plan - Growth Option,Axis Mutual Fund
04-04-2019,47.15820,120503,Axis ELSS Tax Saver Fund - Direct Plan - Growth Option,Axis Mutual Fund
03-04-2019,47.30760,120503,Axis ELSS Tax Saver Fund - Direct Plan - Growth Option,Axis Mutual Fund
02-04-2019,47.31530,120503,Axis ELSS Tax Saver Fund - Direct Plan - Growth Option,Axis Mutual Fund
01-04-2019,47.19590,120503,Axis ELSS Tax Saver Fund - Direct Plan - Growth Option,Axis Mutual Fund
29-03-2019,46.98100,120503,Axis ELSS Tax Saver Fund - Direct Plan - Growth Option,Axis Mutual Fund
28-03-2019,46.65510,120503,Axis ELSS Tax Saver Fund - Direct Plan - Growth Option,Axis Mutual Fund
27-03-2019,46.29360,120503,Axis ELSS Tax Saver Fund - Direct Plan - Growth Option,Axis Mutual Fund
26-03-2019,46.30960,120503,Axis ELSS Tax Saver Fund - Direct Plan - Growth Option,Axis Mutual Fund
25-03-2019,45.80640,120503,Axis ELSS Tax Saver Fund - Direct Plan - Growth Option,Axis Mutual Fund
22-03-2019,46.08600,120503,Axis ELSS Tax Saver Fund - Direct Plan - Growth Option,Axis Mutual Fund
20-03-2019,46.23490,120503,Axis ELSS Tax Saver Fund - Direct Plan - Growth Option,Axis Mutual Fund
19-03-2019,46.51130,120503,Axis ELSS Tax Saver Fund - Direct Plan - Growth Option,Axis Mutual Fund
18-03-2019,46.51150,120503,Axis ELSS Tax Saver Fund - Direct Plan - Growth Option,Axis Mutual Fund
15-03-2019,46.66690,120503,Axis ELSS Tax Saver Fund - Direct Plan - Growth Option,Axis Mutual Fund
14-03-2019,46.38530,120503,Axis ELSS Tax Saver Fund - Direct Plan - Growth Option,Axis Mutual Fund
13-03-2019,46.51120,120503,Axis ELSS Tax Saver Fund - Direct Plan - Growth Option,Axis Mutual Fund
12-03-2019,46.25280,120503,Axis ELSS Tax Saver Fund - Direct Plan - Growth Option,Axis Mutual Fund
11-03-2019,45.98780,120503,Axis ELSS Tax Saver Fund - Direct Plan - Growth Option,Axis Mutual Fund
08-03-2019,45.33680,120503,Axis ELSS Tax Saver Fund - Direct Plan - Growth Option,Axis Mutual Fund
07-03-2019,45.22680,120503,Axis ELSS Tax Saver Fund - Direct Plan - Growth Option,Axis Mutual Fund
06-03-2019,45.39190,120503,Axis ELSS Tax Saver Fund - Direct Plan - Growth Option,Axis Mutual Fund
05-03-2019,45.15330,120503,Axis ELSS Tax Saver Fund - Direct Plan - Growth Option,Axis Mutual Fund
01-03-2019,44.61980,120503,Axis ELSS Tax Saver Fund - Direct Plan - Growth Option,Axis Mutual Fund
28-02-2019,44.43960,120503,Axis ELSS Tax Saver Fund - Direct Plan - Growth Option,Axis Mutual Fund
27-02-2019,44.56670,120503,Axis ELSS Tax Saver Fund - Direct Plan - Growth Option,Axis Mutual Fund
26-02-2019,44.57330,120503,Axis ELSS Tax Saver Fund - Direct Plan - Growth Option,Axis Mutual Fund
25-02-2019,44.29600,120503,Axis ELSS Tax Saver Fund - Direct Plan - Growth Option,Axis Mutual Fund
22-02-2019,43.70490,120503,Axis ELSS Tax Saver Fund - Direct Plan - Growth Option,Axis Mutual Fund
21-02-2019,43.75670,120503,Axis ELSS Tax Saver Fund - Direct Plan - Growth Option,Axis Mutual Fund
20-02-2019,43.68510,120503,Axis ELSS Tax Saver Fund - Direct Plan - Growth Option,Axis Mutual Fund
19-02-2019,43.19580,120503,Axis ELSS Tax Saver Fund - Direct Plan - Growth Option,Axis Mutual Fund
18-02-2019,43.30060,120503,Axis ELSS Tax Saver Fund - Direct Plan - Growth Option,Axis Mutual Fund
15-02-2019,43.77050,120503,Axis ELSS Tax Saver Fund - Direct Plan - Growth Option,Axis Mutual Fund
14-02-2019,44.06900,120503,Axis ELSS Tax Saver Fund - Direct Plan - Growth Option,Axis Mutual Fund
13-02-2019,44.28710,120503,Axis ELSS Tax Saver Fund - Direct Plan - Growth Option,Axis Mutual Fund
12-02-2019,44.31090,120503,Axis ELSS Tax Saver Fund - Direct Plan - Growth Option,Axis Mutual Fund
11-02-2019,44.54220,120503,Axis ELSS Tax Saver Fund - Direct Plan - Growth Option,Axis Mutual Fund
08-02-2019,44.88230,120503,Axis ELSS Tax Saver Fund - Direct Plan - Growth Option,Axis Mutual Fund
07-02-2019,45.18300,120503,Axis ELSS Tax Saver Fund - Direct Plan - Growth Option,Axis Mutual Fund
06-02-2019,44.85550,120503,Axis ELSS Tax Saver Fund - Direct Plan - Growth Option,Axis Mutual Fund
05-02-2019,44.36370,120503,Axis ELSS Tax Saver Fund - Direct Plan - Growth Option,Axis Mutual Fund
04-02-2019,44.11720,120503,Axis ELSS Tax Saver Fund - Direct Plan - Growth Option,Axis Mutual Fund
01-02-2019,43.95090,120503,Axis ELSS Tax Saver Fund - Direct Plan - Growth Option,Axis Mutual Fund
31-01-2019,43.51030,120503,Axis ELSS Tax Saver Fund - Direct Plan - Growth Option,Axis Mutual Fund
30-01-2019,43.20350,120503,Axis ELSS Tax Saver Fund - Direct Plan - Growth Option,Axis Mutual Fund
29-01-2019,43.23290,120503,Axis ELSS Tax Saver Fund - Direct Plan - Growth Option,Axis Mutual Fund
28-01-2019,43.26650,120503,Axis ELSS Tax Saver Fund - Direct Plan - Growth Option,Axis Mutual Fund
25-01-2019,43.78550,120503,Axis ELSS Tax Saver Fund - Direct Plan - Growth Option,Axis Mutual Fund
24-01-2019,44.10540,120503,Axis ELSS Tax Saver Fund - Direct Plan - Growth Option,Axis Mutual Fund
23-01-2019,44.27500,120503,Axis ELSS Tax Saver Fund - Direct Plan - Growth Option,Axis Mutual Fund
22-01-2019,44.17530,120503,Axis ELSS Tax Saver Fund - Direct Plan - Growth Option,Axis Mutual Fund
21-01-2019,44.26450,120503,Axis ELSS Tax Saver Fund - Direct Plan - Growth Option,Axis Mutual Fund
18-01-2019,44.33530,120503,Axis ELSS Tax Saver Fund - Direct Plan - Growth Option,Axis Mutual Fund
17-01-2019,44.37410,120503,Axis ELSS Tax Saver Fund - Direct Plan - Growth Option,Axis Mutual Fund
16-01-2019,44.37570,120503,Axis ELSS Tax Saver Fund - Direct Plan - Growth Option,Axis Mutual Fund
15-01-2019,44.62950,120503,Axis ELSS Tax Saver Fund - Direct Plan - Growth Option,Axis Mutual Fund
14-01-2019,44.19200,120503,Axis ELSS Tax Saver Fund - Direct Plan - Growth Option,Axis Mutual Fund
11-01-2019,44.45100,120503,Axis ELSS Tax Saver Fund - Direct Plan - Growth Option,Axis Mutual Fund
10-01-2019,44.70780,120503,Axis ELSS Tax Saver Fund - Direct Plan - Growth Option,Axis Mutual Fund
09-01-2019,44.66900,120503,Axis ELSS Tax Saver Fund - Direct Plan - Growth Option,Axis Mutual Fund
08-01-2019,44.69350,120503,Axis ELSS Tax Saver Fund - Direct Plan - Growth Option,Axis Mutual Fund
07-01-2019,45.16890,120503,Axis ELSS Tax Saver Fund - Direct Plan - Growth Option,Axis Mutual Fund
04-01-2019,45.31800,120503,Axis ELSS Tax Saver Fund - Direct Plan - Growth Option,Axis Mutual Fund
03-01-2019,45.33340,120503,Axis ELSS Tax Saver Fund - Direct Plan - Growth Option,Axis Mutual Fund
02-01-2019,45.60030,120503,Axis ELSS Tax Saver Fund - Direct Plan - Growth Option,Axis Mutual Fund
01-01-2019,46.02960,120503,Axis ELSS Tax Saver Fund - Direct Plan - Growth Option,Axis Mutual Fund
31-12-2018,45.94870,120503,Axis ELSS Tax Saver Fund - Direct Plan - Growth Option,Axis Mutual Fund
28-12-2018,45.84940,120503,Axis ELSS Tax Saver Fund - Direct Plan - Growth Option,Axis Mutual Fund
27-12-2018,45.46020,120503,Axis ELSS Tax Saver Fund - Direct Plan - Growth Option,Axis Mutual Fund
26-12-2018,45.34840,120503,Axis ELSS Tax Saver Fund - Direct Plan - Growth Option,Axis Mutual Fund
24-12-2018,45.31300,120503,Axis ELSS Tax Saver Fund - Direct Plan - Growth Option,Axis Mutual Fund
21-12-2018,45.81270,120503,Axis ELSS Tax Saver Fund - Direct Plan - Growth Option,Axis Mutual Fund
20-12-2018,46.46990,120503,Axis ELSS Tax Saver Fund - Direct Plan - Growth Option,Axis Mutual Fund
19-12-2018,46.56530,120503,Axis ELSS Tax Saver Fund - Direct Plan - Growth Option,Axis Mutual Fund
18-12-2018,46.29210,120503,Axis ELSS Tax Saver Fund - Direct Plan - Growth Option,Axis Mutual Fund
17-12-2018,46.21570,120503,Axis ELSS Tax Saver Fund - Direct Plan - Growth Option,Axis Mutual Fund
14-12-2018,45.86280,120503,Axis ELSS Tax Saver Fund - Direct Plan - Growth Option,Axis Mutual Fund
13-12-2018,45.83820,120503,Axis ELSS Tax Saver Fund - Direct Plan - Growth Option,Axis Mutual Fund
12-12-2018,45.42280,120503,Axis ELSS Tax Saver Fund - Direct Plan - Growth Option,Axis Mutual Fund
11-12-2018,44.44370,120503,Axis ELSS Tax Saver Fund - Direct Plan - Growth Option,Axis Mutual Fund
10-12-2018,44.05450,120503,Axis ELSS Tax Saver Fund - Direct Plan - Growth Option,Axis Mutual Fund
07-12-2018,44.81300,120503,Axis ELSS Tax Saver Fund - Direct Plan - Growth Option,Axis Mutual Fund
06-12-2018,44.43630,120503,Axis ELSS Tax Saver Fund - Direct Plan - Growth Option,Axis Mutual Fund
05-12-2018,45.02360,120503,Axis ELSS Tax Saver Fund - Direct Plan - Growth Option,Axis Mutual Fund
04-12-2018,45.46450,120503,Axis ELSS Tax Saver Fund - Direct Plan - Growth Option,Axis Mutual Fund
03-12-2018,45.51420,120503,Axis ELSS Tax Saver Fund - Direct Plan - Growth Option,Axis Mutual Fund
30-11-2018,45.54280,120503,Axis ELSS Tax Saver Fund - Direct Plan - Growth Option,Axis Mutual Fund
29-11-2018,45.16520,120503,Axis ELSS Tax Saver Fund - Direct Plan - Growth Option,Axis Mutual Fund
28-11-2018,44.63300,120503,Axis ELSS Tax Saver Fund - Direct Plan - Growth Option,Axis Mutual Fund
27-11-2018,44.41780,120503,Axis ELSS Tax Saver Fund - Direct Plan - Growth Option,Axis Mutual Fund
26-11-2018,44.10620,120503,Axis ELSS Tax Saver Fund - Direct Plan - Growth Option,Axis Mutual Fund
22-11-2018,43.92820,120503,Axis ELSS Tax Saver Fund - Direct Plan - Growth Option,Axis Mutual Fund
21-11-2018,44.18770,120503,Axis ELSS Tax Saver Fund - Direct Plan - Growth Option,Axis Mutual Fund
20-11-2018,44.19110,120503,Axis ELSS Tax Saver Fund - Direct Plan - Growth Option,Axis Mutual Fund
19-11-2018,44.46650,120503,Axis ELSS Tax Saver Fund - Direct Plan - Growth Option,Axis Mutual Fund
16-11-2018,44.30220,120503,Axis ELSS Tax Saver Fund - Direct Plan - Growth Option,Axis Mutual Fund
15-11-2018,43.97660,120503,Axis ELSS Tax Saver Fund - Direct Plan - Growth Option,Axis Mutual Fund
14-11-2018,43.71000,120503,Axis ELSS Tax Saver Fund - Direct Plan - Growth Option,Axis Mutual Fund
13-11-2018,43.84500,120503,Axis ELSS Tax Saver Fund - Direct Plan - Growth Option,Axis Mutual Fund
12-11-2018,43.55240,120503,Axis ELSS Tax Saver Fund - Direct Plan - Growth Option,Axis Mutual Fund
09-11-2018,44.10230,120503,Axis ELSS Tax Saver Fund - Direct Plan - Growth Option,Axis Mutual Fund
06-11-2018,43.71980,120503,Axis ELSS Tax Saver Fund - Direct Plan - Growth Option,Axis Mutual Fund
05-11-2018,43.81000,120503,Axis ELSS Tax Saver Fund - Direct Plan - Growth Option,Axis Mutual Fund
02-11-2018,43.85000,120503,Axis ELSS Tax Saver Fund - Direct Plan - Growth Option,Axis Mutual Fund
01-11-2018,43.11710,120503,Axis ELSS Tax Saver Fund - Direct Plan - Growth Option,Axis Mutual Fund
31-10-2018,42.85280,120503,Axis ELSS Tax Saver Fund - Direct Plan - Growth Option,Axis Mutual Fund
30-10-2018,41.93060,120503,Axis ELSS Tax Saver Fund - Direct Plan - Growth Option,Axis Mutual Fund
29-10-2018,42.15270,120503,Axis ELSS Tax Saver Fund - Direct Plan - Growth Option,Axis Mutual Fund
26-10-2018,41.56340,120503,Axis ELSS Tax Saver Fund - Direct Plan - Growth Option,Axis Mutual Fund
25-10-2018,41.72280,120503,Axis ELSS Tax Saver Fund - Direct Plan - Growth Option,Axis Mutual Fund
24-10-2018,41.89340,120503,Axis ELSS Tax Saver Fund - Direct Plan - Growth Option,Axis Mutual Fund
23-10-2018,41.21020,120503,Axis ELSS Tax Saver Fund - Direct Plan - Growth Option,Axis Mutual Fund
22-10-2018,41.84480,120503,Axis ELSS Tax Saver Fund - Direct Plan - Growth Option,Axis Mutual Fund
19-10-2018,42.22540,120503,Axis ELSS Tax Saver Fund - Direct Plan - Growth Option,Axis Mutual Fund
17-10-2018,42.60980,120503,Axis ELSS Tax Saver Fund - Direct Plan - Growth Option,Axis Mutual Fund
16-10-2018,43.43510,120503,Axis ELSS Tax Saver Fund - Direct Plan - Growth Option,Axis Mutual Fund
15-10-2018,43.25150,120503,Axis ELSS Tax Saver Fund - Direct Plan - Growth Option,Axis Mutual Fund
12-10-2018,43.17840,120503,Axis ELSS Tax Saver Fund - Direct Plan - Growth Option,Axis Mutual Fund
11-10-2018,42.07720,120503,Axis ELSS Tax Saver Fund - Direct Plan - Growth Option,Axis Mutual Fund
10-10-2018,42.95470,120503,Axis ELSS Tax Saver Fund - Direct Plan - Growth Option,Axis Mutual Fund
09-10-2018,41.99310,120503,Axis ELSS Tax Saver Fund - Direct Plan - Growth Option,Axis Mutual Fund
08-10-2018,41.91640,120503,Axis ELSS Tax Saver Fund - Direct Plan - Growth Option,Axis Mutual Fund
05-10-2018,42.10070,120503,Axis ELSS Tax Saver Fund - Direct Plan - Growth Option,Axis Mutual Fund
04-10-2018,42.71510,120503,Axis ELSS Tax Saver Fund - Direct Plan - Growth Option,Axis Mutual Fund
03-10-2018,43.59840,120503,Axis ELSS Tax Saver Fund - Direct Plan - Growth Option,Axis Mutual Fund
01-10-2018,44.42050,120503,Axis ELSS Tax Saver Fund - Direct Plan - Growth Option,Axis Mutual Fund
28-09-2018,44.65960,120503,Axis ELSS Tax Saver Fund - Direct Plan - Growth Option,Axis Mutual Fund
27-09-2018,44.84500,120503,Axis ELSS Tax Saver Fund - Direct Plan - Growth Option,Axis Mutual Fund
26-09-2018,45.35220,120503,Axis ELSS Tax Saver Fund - Direct Plan - Growth Option,Axis Mutual Fund
25-09-2018,45.69570,120503,Axis ELSS Tax Saver Fund - Direct Plan - Growth Option,Axis Mutual Fund
24-09-2018,45.38020,120503,Axis ELSS Tax Saver Fund - Direct Plan - Growth Option,Axis Mutual Fund
21-09-2018,46.52310,120503,Axis ELSS Tax Saver Fund - Direct Plan - Growth Option,Axis Mutual Fund
19-09-2018,46.99480,120503,Axis ELSS Tax Saver Fund - Direct Plan - Growth Option,Axis Mutual Fund
18-09-2018,47.30090,120503,Axis ELSS Tax Saver Fund - Direct Plan - Growth Option,Axis Mutual Fund
17-09-2018,47.68170,120503,Axis ELSS Tax Saver Fund - Direct Plan - Growth Option,Axis Mutual Fund
14-09-2018,48.21190,120503,Axis ELSS Tax Saver Fund - Direct Plan - Growth Option,Axis Mutual Fund
12-09-2018,47.55560,120503,Axis ELSS Tax Saver Fund - Direct Plan - Growth Option,Axis Mutual Fund
11-09-2018,47.25670,120503,Axis ELSS Tax Saver Fund - Direct Plan - Growth Option,Axis Mutual Fund
10-09-2018,47.89530,120503,Axis ELSS Tax Saver Fund - Direct Plan - Growth Option,Axis Mutual Fund
07-09-2018,48.73080,120503,Axis ELSS Tax Saver Fund - Direct Plan - Growth Option,Axis Mutual Fund
06-09-2018,48.73090,120503,Axis ELSS Tax Saver Fund - Direct Plan - Growth Option,Axis Mutual Fund
05-09-2018,48.43230,120503,Axis ELSS Tax Saver Fund - Direct Plan - Growth Option,Axis Mutual Fund
04-09-2018,48.70220,120503,Axis ELSS Tax Saver Fund - Direct Plan - Growth Option,Axis Mutual Fund
03-09-2018,49.16300,120503,Axis ELSS Tax Saver Fund - Direct Plan - Growth Option,Axis Mutual Fund
31-08-2018,49.54140,120503,Axis ELSS Tax Saver Fund - Direct Plan - Growth Option,Axis Mutual Fund
30-08-2018,49.49870,120503,Axis ELSS Tax Saver Fund - Direct Plan - Growth Option,Axis Mutual Fund
29-08-2018,49.63690,120503,Axis ELSS Tax Saver Fund - Direct Plan - Growth Option,Axis Mutual Fund
28-08-2018,49.46110,120503,Axis ELSS Tax Saver Fund - Direct Plan - Growth Option,Axis Mutual Fund
27-08-2018,49.25140,120503,Axis ELSS Tax Saver Fund - Direct Plan - Growth Option,Axis Mutual Fund
24-08-2018,48.65830,120503,Axis ELSS Tax Saver Fund - Direct Plan - Growth Option,Axis Mutual Fund
23-08-2018,48.76100,120503,Axis ELSS Tax Saver Fund - Direct Plan - Growth Option,Axis Mutual Fund
21-08-2018,48.60480,120503,Axis ELSS Tax Saver Fund - Direct Plan - Growth Option,Axis Mutual Fund
20-08-2018,48.38370,120503,Axis ELSS Tax Saver Fund - Direct Plan - Growth Option,Axis Mutual Fund
17-08-2018,48.14440,120503,Axis ELSS Tax Saver Fund - Direct Plan - Growth Option,Axis Mutual Fund
16-08-2018,47.88630,120503,Axis ELSS Tax Saver Fund - Direct Plan - Growth Option,Axis Mutual Fund
14-08-2018,48.16200,120503,Axis ELSS Tax Saver Fund - Direct Plan - Growth Option,Axis Mutual Fund
13-08-2018,47.76770,120503,Axis ELSS Tax Saver Fund - Direct Plan - Growth Option,Axis Mutual Fund
10-08-2018,48.11970,120503,Axis ELSS Tax Saver Fund - Direct Plan - Growth Option,Axis Mutual Fund
09-08-2018,48.31090,120503,Axis ELSS Tax Saver Fund - Direct Plan - Growth Option,Axis Mutual Fund
08-08-2018,48.20430,120503,Axis ELSS Tax Saver Fund - Direct Plan - Growth Option,Axis Mutual Fund
07-08-2018,48.03290,120503,Axis ELSS Tax Saver Fund - Direct Plan - Growth Option,Axis Mutual Fund
06-08-2018,48.01920,120503,Axis ELSS Tax Saver Fund - Direct Plan - Growth Option,Axis Mutual Fund
03-08-2018,48.12290,120503,Axis ELSS Tax Saver Fund - Direct Plan - Growth Option,Axis Mutual Fund
02-08-2018,47.67400,120503,Axis ELSS Tax Saver Fund - Direct Plan - Growth Option,Axis Mutual Fund
01-08-2018,48.26500,120503,Axis ELSS Tax Saver Fund - Direct Plan - Growth Option,Axis Mutual Fund
31-07-2018,48.26680,120503,Axis ELSS Tax Saver Fund - Direct Plan - Growth Option,Axis Mutual Fund
30-07-2018,48.07050,120503,Axis ELSS Tax Saver Fund - Direct Plan - Growth Option,Axis Mutual Fund
27-07-2018,48.22320,120503,Axis ELSS Tax Saver Fund - Direct Plan - Growth Option,Axis Mutual Fund
26-07-2018,47.96720,120503,Axis ELSS Tax Saver Fund - Direct Plan - Growth Option,Axis Mutual Fund
25-07-2018,48.10910,120503,Axis ELSS Tax Saver Fund - Direct Plan - Growth Option,Axis Mutual Fund
24-07-2018,48.13100,120503,Axis ELSS Tax Saver Fund - Direct Plan - Growth Option,Axis Mutual Fund
23-07-2018,47.82920,120503,Axis ELSS Tax Saver Fund - Direct Plan - Growth Option,Axis Mutual Fund
20-07-2018,47.47610,120503,Axis ELSS Tax Saver Fund - Direct Plan - Growth Option,Axis Mutual Fund
19-07-2018,46.95840,120503,Axis ELSS Tax Saver Fund - Direct Plan - Growth Option,Axis Mutual Fund
18-07-2018,47.26940,120503,Axis ELSS Tax Saver Fund - Direct Plan - Growth Option,Axis Mutual Fund
17-07-2018,47.16880,120503,Axis ELSS Tax Saver Fund - Direct Plan - Growth Option,Axis Mutual Fund
16-07-2018,46.79600,120503,Axis ELSS Tax Saver Fund - Direct Plan - Growth Option,Axis Mutual Fund
13-07-2018,47.36260,120503,Axis ELSS Tax Saver Fund - Direct Plan - Growth Option,Axis Mutual Fund
12-07-2018,47.46690,120503,Axis ELSS Tax Saver Fund - Direct Plan - Growth Option,Axis Mutual Fund
11-07-2018,47.33000,120503,Axis ELSS Tax Saver Fund - Direct Plan - Growth Option,Axis Mutual Fund
10-07-2018,47.28060,120503,Axis ELSS Tax Saver Fund - Direct Plan - Growth Option,Axis Mutual Fund
09-07-2018,46.91850,120503,Axis ELSS Tax Saver Fund - Direct Plan - Growth Option,Axis Mutual Fund
06-07-2018,46.69490,120503,Axis ELSS Tax Saver Fund - Direct Plan - Growth Option,Axis Mutual Fund
05-07-2018,46.55070,120503,Axis ELSS Tax Saver Fund - Direct Plan - Growth Option,Axis Mutual Fund
04-07-2018,46.44180,120503,Axis ELSS Tax Saver Fund - Direct Plan - Growth Option,Axis Mutual Fund
03-07-2018,46.04730,120503,Axis ELSS Tax Saver Fund - Direct Plan - Growth Option,Axis Mutual Fund
02-07-2018,45.75140,120503,Axis ELSS Tax Saver Fund - Direct Plan - Growth Option,Axis Mutual Fund
29-06-2018,45.81720,120503,Axis ELSS Tax Saver Fund - Direct Plan - Growth Option,Axis Mutual Fund
28-06-2018,45.47150,120503,Axis ELSS Tax Saver Fund - Direct Plan - Growth Option,Axis Mutual Fund
27-06-2018,45.70510,120503,Axis ELSS Tax Saver Fund - Direct Plan - Growth Option,Axis Mutual Fund
26-06-2018,46.03820,120503,Axis ELSS Tax Saver Fund - Direct Plan - Growth Option,Axis Mutual Fund
25-06-2018,46.03840,120503,Axis ELSS Tax Saver Fund - Direct Plan - Growth Option,Axis Mutual Fund
22-06-2018,46.24050,120503,Axis ELSS Tax Saver Fund - Direct Plan - Growth Option,Axis Mutual Fund
21-06-2018,45.89650,120503,Axis ELSS Tax Saver Fund - Direct Plan - Growth Option,Axis Mutual Fund
20-06-2018,46.07520,120503,Axis ELSS Tax Saver Fund - Direct Plan - Growth Option,Axis Mutual Fund
19-06-2018,45.85210,120503,Axis ELSS Tax Saver Fund - Direct Plan - Growth Option,Axis Mutual Fund
18-06-2018,46.19410,120503,Axis ELSS Tax Saver Fund - Direct Plan - Growth Option,Axis Mutual Fund
15-06-2018,46.61020,120503,Axis ELSS Tax Saver Fund - Direct Plan - Growth Option,Axis Mutual Fund
14-06-2018,46.62970,120503,Axis ELSS Tax Saver Fund - Direct Plan - Growth Option,Axis Mutual Fund
13-06-2018,46.68060,120503,Axis ELSS Tax Saver Fund - Direct Plan - Growth Option,Axis Mutual Fund
12-06-2018,46.69210,120503,Axis ELSS Tax Saver Fund - Direct Plan - Growth Option,Axis Mutual Fund
11-06-2018,46.40370,120503,Axis ELSS Tax Saver Fund - Direct Plan - Growth Option,Axis Mutual Fund
08-06-2018,46.37720,120503,Axis ELSS Tax Saver Fund - Direct Plan - Growth Option,Axis Mutual Fund
07-06-2018,46.27760,120503,Axis ELSS Tax Saver Fund - Direct Plan - Growth Option,Axis Mutual Fund
06-06-2018,46.06110,120503,Axis ELSS Tax Saver Fund - Direct Plan - Growth Option,Axis Mutual Fund
05-06-2018,45.43770,120503,Axis ELSS Tax Saver Fund - Direct Plan - Growth Option,Axis Mutual Fund
04-06-2018,45.79100,120503,Axis ELSS Tax Saver Fund - Direct Plan - Growth Option,Axis Mutual Fund
01-06-2018,46.29360,120503,Axis ELSS Tax Saver Fund - Direct Plan - Growth Option,Axis Mutual Fund
31-05-2018,46.74530,120503,Axis ELSS Tax Saver Fund - Direct Plan - Growth Option,Axis Mutual Fund
30-05-2018,46.43140,120503,Axis ELSS Tax Saver Fund - Direct Plan - Growth Option,Axis Mutual Fund
29-05-2018,46.16640,120503,Axis ELSS Tax Saver Fund - Direct Plan - Growth Option,Axis Mutual Fund
28-05-2018,46.09730,120503,Axis ELSS Tax Saver Fund - Direct Plan - Growth Option,Axis Mutual Fund
25-05-2018,45.70530,120503,Axis ELSS Tax Saver Fund - Direct Plan - Growth Option,Axis Mutual Fund
24-05-2018,44.92050,120503,Axis ELSS Tax Saver Fund - Direct Plan - Growth Option,Axis Mutual Fund
23-05-2018,44.58820,120503,Axis ELSS Tax Saver Fund - Direct Plan - Growth Option,Axis Mutual Fund
22-05-2018,45.04470,120503,Axis ELSS Tax Saver Fund - Direct Plan - Growth Option,Axis Mutual Fund
21-05-2018,44.96000,120503,Axis ELSS Tax Saver Fund - Direct Plan - Growth Option,Axis Mutual Fund
18-05-2018,45.59030,120503,Axis ELSS Tax Saver Fund - Direct Plan - Growth Option,Axis Mutual Fund
17-05-2018,45.83240,120503,Axis ELSS Tax Saver Fund - Direct Plan - Growth Option,Axis Mutual Fund
16-05-2018,45.83040,120503,Axis ELSS Tax Saver Fund - Direct Plan - Growth Option,Axis Mutual Fund
15-05-2018,45.89850,120503,Axis ELSS Tax Saver Fund - Direct Plan - Growth Option,Axis Mutual Fund
14-05-2018,45.81610,120503,Axis ELSS Tax Saver Fund - Direct Plan - Growth Option,Axis Mutual Fund
11-05-2018,46.05800,120503,Axis ELSS Tax Saver Fund - Direct Plan - Growth Option,Axis Mutual Fund
10-05-2018,45.81150,120503,Axis ELSS Tax Saver Fund - Direct Plan - Growth Option,Axis Mutual Fund
09-05-2018,46.03530,120503,Axis ELSS Tax Saver Fund - Direct Plan - Growth Option,Axis Mutual Fund
08-05-2018,46.19870,120503,Axis ELSS Tax Saver Fund - Direct Plan - Growth Option,Axis Mutual Fund
07-05-2018,45.98420,120503,Axis ELSS Tax Saver Fund - Direct Plan - Growth Option,Axis Mutual Fund
04-05-2018,45.82910,120503,Axis ELSS Tax Saver Fund - Direct Plan - Growth Option,Axis Mutual Fund
03-05-2018,46.01620,120503,Axis ELSS Tax Saver Fund - Direct Plan - Growth Option,Axis Mutual Fund
02-05-2018,46.42300,120503,Axis ELSS Tax Saver Fund - Direct Plan - Growth Option,Axis Mutual Fund
30-04-2018,46.35850,120503,Axis ELSS Tax Saver Fund - Direct Plan - Growth Option,Axis Mutual Fund
27-04-2018,45.91630,120503,Axis ELSS Tax Saver Fund - Direct Plan - Growth Option,Axis Mutual Fund
26-04-2018,45.92460,120503,Axis ELSS Tax Saver Fund - Direct Plan - Growth Option,Axis Mutual Fund
25-04-2018,45.66840,120503,Axis ELSS Tax Saver Fund - Direct Plan - Growth Option,Axis Mutual Fund
24-04-2018,45.85660,120503,Axis ELSS Tax Saver Fund - Direct Plan - Growth Option,Axis Mutual Fund
23-04-2018,45.76220,120503,Axis ELSS Tax Saver Fund - Direct Plan - Growth Option,Axis Mutual Fund
20-04-2018,45.54330,120503,Axis ELSS Tax Saver Fund - Direct Plan - Growth Option,Axis Mutual Fund
19-04-2018,45.54480,120503,Axis ELSS Tax Saver Fund - Direct Plan - Growth Option,Axis Mutual Fund
18-04-2018,45.37240,120503,Axis ELSS Tax Saver Fund - Direct Plan - Growth Option,Axis Mutual Fund
17-04-2018,45.56500,120503,Axis ELSS Tax Saver Fund - Direct Plan - Growth Option,Axis Mutual Fund
16-04-2018,45.57420,120503,Axis ELSS Tax Saver Fund - Direct Plan - Growth Option,Axis Mutual Fund
13-04-2018,45.18520,120503,Axis ELSS Tax Saver Fund - Direct Plan - Growth Option,Axis Mutual Fund
12-04-2018,45.10190,120503,Axis ELSS Tax Saver Fund - Direct Plan - Growth Option,Axis Mutual Fund
11-04-2018,44.85790,120503,Axis ELSS Tax Saver Fund - Direct Plan - Growth Option,Axis Mutual Fund
10-04-2018,44.66070,120503,Axis ELSS Tax Saver Fund - Direct Plan - Growth Option,Axis Mutual Fund
09-04-2018,44.67440,120503,Axis ELSS Tax Saver Fund - Direct Plan - Growth Option,Axis Mutual Fund
06-04-2018,44.51880,120503,Axis ELSS Tax Saver Fund - Direct Plan - Growth Option,Axis Mutual Fund
05-04-2018,44.31330,120503,Axis ELSS Tax Saver Fund - Direct Plan - Growth Option,Axis Mutual Fund
04-04-2018,43.63920,120503,Axis ELSS Tax Saver Fund - Direct Plan - Growth Option,Axis Mutual Fund
03-04-2018,43.89220,120503,Axis ELSS Tax Saver Fund - Direct Plan - Growth Option,Axis Mutual Fund
02-04-2018,43.72990,120503,Axis ELSS Tax Saver Fund - Direct Plan - Growth Option,Axis Mutual Fund
28-03-2018,42.85890,120503,Axis ELSS Tax Saver Fund - Direct Plan - Growth Option,Axis Mutual Fund
27-03-2018,42.89560,120503,Axis ELSS Tax Saver Fund - Direct Plan - Growth Option,Axis Mutual Fund
26-03-2018,42.42930,120503,Axis ELSS Tax Saver Fund - Direct Plan - Growth Option,Axis Mutual Fund
23-03-2018,41.88100,120503,Axis ELSS Tax Saver Fund - Direct Plan - Growth Option,Axis Mutual Fund
22-03-2018,42.26150,120503,Axis ELSS Tax Saver Fund - Direct Plan - Growth Option,Axis Mutual Fund
21-03-2018,42.42110,120503,Axis ELSS Tax Saver Fund - Direct Plan - Growth Option,Axis Mutual Fund
20-03-2018,42.28340,120503,Axis ELSS Tax Saver Fund - Direct Plan - Growth Option,Axis Mutual Fund
19-03-2018,42.19860,120503,Axis ELSS Tax Saver Fund - Direct Plan - Growth Option,Axis Mutual Fund
16-03-2018,42.58130,120503,Axis ELSS Tax Saver Fund - Direct Plan - Growth Option,Axis Mutual Fund
15-03-2018,43.21540,120503,Axis ELSS Tax Saver Fund - Direct Plan - Growth Option,Axis Mutual Fund
14-03-2018,43.19760,120503,Axis ELSS Tax Saver Fund - Direct Plan - Growth Option,Axis Mutual Fund
13-03-2018,43.16800,120503,Axis ELSS Tax Saver Fund - Direct Plan - Growth Option,Axis Mutual Fund
12-03-2018,43.16460,120503,Axis ELSS Tax Saver Fund - Direct Plan - Growth Option,Axis Mutual Fund
09-03-2018,42.82560,120503,Axis ELSS Tax Saver Fund - Direct Plan - Growth Option,Axis Mutual Fund
08-03-2018,42.62260,120503,Axis ELSS Tax Saver Fund - Direct Plan - Growth Option,Axis Mutual Fund
07-03-2018,42.48530,120503,Axis ELSS Tax Saver Fund - Direct Plan - Growth Option,Axis Mutual Fund
06-03-2018,42.82490,120503,Axis ELSS Tax Saver Fund - Direct Plan - Growth Option,Axis Mutual Fund
05-03-2018,43.18630,120503,Axis ELSS Tax Saver Fund - Direct Plan - Growth Option,Axis Mutual Fund
01-03-2018,43.47610,120503,Axis ELSS Tax Saver Fund - Direct Plan - Growth Option,Axis Mutual Fund
28-02-2018,43.62160,120503,Axis ELSS Tax Saver Fund - Direct Plan - Growth Option,Axis Mutual Fund
27-02-2018,43.73460,120503,Axis ELSS Tax Saver Fund - Direct Plan - Growth Option,Axis Mutual Fund
26-02-2018,43.62980,120503,Axis ELSS Tax Saver Fund - Direct Plan - Growth Option,Axis Mutual Fund
23-02-2018,43.13780,120503,Axis ELSS Tax Saver Fund - Direct Plan - Growth Option,Axis Mutual Fund
22-02-2018,42.51320,120503,Axis ELSS Tax Saver Fund - Direct Plan - Growth Option,Axis Mutual Fund
21-02-2018,42.71130,120503,Axis ELSS Tax Saver Fund - Direct Plan - Growth Option,Axis Mutual Fund
20-02-2018,42.63500,120503,Axis ELSS Tax Saver Fund - Direct Plan - Growth Option,Axis Mutual Fund
19-02-2018,42.71440,120503,Axis ELSS Tax Saver Fund - Direct Plan - Growth Option,Axis Mutual Fund
16-02-2018,42.94660,120503,Axis ELSS Tax Saver Fund - Direct Plan - Growth Option,Axis Mutual Fund
15-02-2018,43.15270,120503,Axis ELSS Tax Saver Fund - Direct Plan - Growth Option,Axis Mutual Fund
14-02-2018,43.21790,120503,Axis ELSS Tax Saver Fund - Direct Plan - Growth Option,Axis Mutual Fund
12-02-2018,43.19830,120503,Axis ELSS Tax Saver Fund - Direct Plan - Growth Option,Axis Mutual Fund
09-02-2018,42.77550,120503,Axis ELSS Tax Saver Fund - Direct Plan - Growth Option,Axis Mutual Fund
08-02-2018,42.97760,120503,Axis ELSS Tax Saver Fund - Direct Plan - Growth Option,Axis Mutual Fund
07-02-2018,42.32190,120503,Axis ELSS Tax Saver Fund - Direct Plan - Growth Option,Axis Mutual Fund
06-02-2018,42.36870,120503,Axis ELSS Tax Saver Fund - Direct Plan - Growth Option,Axis Mutual Fund
05-02-2018,43.05710,120503,Axis ELSS Tax Saver Fund - Direct Plan - Growth Option,Axis Mutual Fund
02-02-2018,43.66760,120503,Axis ELSS Tax Saver Fund - Direct Plan - Growth Option,Axis Mutual Fund
01-02-2018,44.89340,120503,Axis ELSS Tax Saver Fund - Direct Plan - Growth Option,Axis Mutual Fund
31-01-2018,44.89380,120503,Axis ELSS Tax Saver Fund - Direct Plan - Growth Option,Axis Mutual Fund
30-01-2018,44.89180,120503,Axis ELSS Tax Saver Fund - Direct Plan - Growth Option,Axis Mutual Fund
29-01-2018,45.31000,120503,Axis ELSS Tax Saver Fund - Direct Plan - Growth Option,Axis Mutual Fund
25-01-2018,45.12460,120503,Axis ELSS Tax Saver Fund - Direct Plan - Growth Option,Axis Mutual Fund
24-01-2018,45.32950,120503,Axis ELSS Tax Saver Fund - Direct Plan - Growth Option,Axis Mutual Fund
23-01-2018,45.64400,120503,Axis ELSS Tax Saver Fund - Direct Plan - Growth Option,Axis Mutual Fund
22-01-2018,45.78910,120503,Axis ELSS Tax Saver Fund - Direct Plan - Growth Option,Axis Mutual Fund
19-01-2018,45.90920,120503,Axis ELSS Tax Saver Fund - Direct Plan - Growth Option,Axis Mutual Fund
18-01-2018,45.24560,120503,Axis ELSS Tax Saver Fund - Direct Plan - Growth Option,Axis Mutual Fund
17-01-2018,45.05570,120503,Axis ELSS Tax Saver Fund - Direct Plan - Growth Option,Axis Mutual Fund
16-01-2018,44.81100,120503,Axis ELSS Tax Saver Fund - Direct Plan - Growth Option,Axis Mutual Fund
15-01-2018,45.14350,120503,Axis ELSS Tax Saver Fund - Direct Plan - Growth Option,Axis Mutual Fund
12-01-2018,45.06020,120503,Axis ELSS Tax Saver Fund - Direct Plan - Growth Option,Axis Mutual Fund
11-01-2018,44.89820,120503,Axis ELSS Tax Saver Fund - Direct Plan - Growth Option,Axis Mutual Fund
10-01-2018,44.79810,120503,Axis ELSS Tax Saver Fund - Direct Plan - Growth Option,Axis Mutual Fund
09-01-2018,44.72300,120503,Axis ELSS Tax Saver Fund - Direct Plan - Growth Option,Axis Mutual Fund
08-01-2018,44.81300,120503,Axis ELSS Tax Saver Fund - Direct Plan - Growth Option,Axis Mutual Fund
05-01-2018,44.65440,120503,Axis ELSS Tax Saver Fund - Direct Plan - Growth Option,Axis Mutual Fund
04-01-2018,44.10720,120503,Axis ELSS Tax Saver Fund - Direct Plan - Growth Option,Axis Mutual Fund
03-01-2018,43.92370,120503,Axis ELSS Tax Saver Fund - Direct Plan - Growth Option,Axis Mutual Fund
02-01-2018,43.85110,120503,Axis ELSS Tax Saver Fund - Direct Plan - Growth Option,Axis Mutual Fund
01-01-2018,44.04530,120503,Axis ELSS Tax Saver Fund - Direct Plan - Growth Option,Axis Mutual Fund
29-12-2017,44.29770,120503,Axis ELSS Tax Saver Fund - Direct Plan - Growth Option,Axis Mutual Fund
28-12-2017,43.87860,120503,Axis ELSS Tax Saver Fund - Direct Plan - Growth Option,Axis Mutual Fund
27-12-2017,43.96020,120503,Axis ELSS Tax Saver Fund - Direct Plan - Growth Option,Axis Mutual Fund
26-12-2017,44.11430,120503,Axis ELSS Tax Saver Fund - Direct Plan - Growth Option,Axis Mutual Fund
22-12-2017,44.09270,120503,Axis ELSS Tax Saver Fund - Direct Plan - Growth Option,Axis Mutual Fund
21-12-2017,43.92540,120503,Axis ELSS Tax Saver Fund - Direct Plan - Growth Option,Axis Mutual Fund
20-12-2017,43.83320,120503,Axis ELSS Tax Saver Fund - Direct Plan - Growth Option,Axis Mutual Fund
19-12-2017,43.90350,120503,Axis ELSS Tax Saver Fund - Direct Plan - Growth Option,Axis Mutual Fund
18-12-2017,43.59650,120503,Axis ELSS Tax Saver Fund - Direct Plan - Growth Option,Axis Mutual Fund
15-12-2017,43.07310,120503,Axis ELSS Tax Saver Fund - Direct Plan - Growth Option,Axis Mutual Fund
14-12-2017,42.61190,120503,Axis ELSS Tax Saver Fund - Direct Plan - Growth Option,Axis Mutual Fund
13-12-2017,42.60970,120503,Axis ELSS Tax Saver Fund - Direct Plan - Growth Option,Axis Mutual Fund
12-12-2017,42.87210,120503,Axis ELSS Tax Saver Fund - Direct Plan - Growth Option,Axis Mutual Fund
11-12-2017,43.07510,120503,Axis ELSS Tax Saver Fund - Direct Plan - Growth Option,Axis Mutual Fund
08-12-2017,42.80270,120503,Axis ELSS Tax Saver Fund - Direct Plan - Growth Option,Axis Mutual Fund
07-12-2017,42.36860,120503,Axis ELSS Tax Saver Fund - Direct Plan - Growth Option,Axis Mutual Fund
06-12-2017,41.98620,120503,Axis ELSS Tax Saver Fund - Direct Plan - Growth Option,Axis Mutual Fund
05-12-2017,42.24720,120503,Axis ELSS Tax Saver Fund - Direct Plan - Growth Option,Axis Mutual Fund
04-12-2017,42.41910,120503,Axis ELSS Tax Saver Fund - Direct Plan - Growth Option,Axis Mutual Fund
01-12-2017,42.41950,120503,Axis ELSS Tax Saver Fund - Direct Plan - Growth Option,Axis Mutual Fund
30-11-2017,42.60160,120503,Axis ELSS Tax Saver Fund - Direct Plan - Growth Option,Axis Mutual Fund
29-11-2017,42.89640,120503,Axis ELSS Tax Saver Fund - Direct Plan - Growth Option,Axis Mutual Fund
28-11-2017,42.89530,120503,Axis ELSS Tax Saver Fund - Direct Plan - Growth Option,Axis Mutual Fund
27-11-2017,42.70380,120503,Axis ELSS Tax Saver Fund - Direct Plan - Growth Option,Axis Mutual Fund
24-11-2017,42.59550,120503,Axis ELSS Tax Saver Fund - Direct Plan - Growth Option,Axis Mutual Fund
23-11-2017,42.34610,120503,Axis ELSS Tax Saver Fund - Direct Plan - Growth Option,Axis Mutual Fund
22-11-2017,42.41110,120503,Axis ELSS Tax Saver Fund - Direct Plan - Growth Option,Axis Mutual Fund
21-11-2017,42.39030,120503,Axis ELSS Tax Saver Fund - Direct Plan - Growth Option,Axis Mutual Fund
20-11-2017,42.38490,120503,Axis ELSS Tax Saver Fund - Direct Plan - Growth Option,Axis Mutual Fund
17-11-2017,42.20270,120503,Axis ELSS Tax Saver Fund - Direct Plan - Growth Option,Axis Mutual Fund
16-11-2017,41.87980,120503,Axis ELSS Tax Saver Fund - Direct Plan - Growth Option,Axis Mutual Fund
15-11-2017,41.46900,120503,Axis ELSS Tax Saver Fund - Direct Plan - Growth Option,Axis Mutual Fund
14-11-2017,41.73770,120503,Axis ELSS Tax Saver Fund - Direct Plan - Growth Option,Axis Mutual Fund
13-11-2017,41.91210,120503,Axis ELSS Tax Saver Fund - Direct Plan - Growth Option,Axis Mutual Fund
10-11-2017,42.16250,120503,Axis ELSS Tax Saver Fund - Direct Plan - Growth Option,Axis Mutual Fund
09-11-2017,42.20210,120503,Axis ELSS Tax Saver Fund - Direct Plan - Growth Option,Axis Mutual Fund
08-11-2017,42.05100,120503,Axis ELSS Tax Saver Fund - Direct Plan - Growth Option,Axis Mutual Fund
07-11-2017,42.19680,120503,Axis ELSS Tax Saver Fund - Direct Plan - Growth Option,Axis Mutual Fund
06-11-2017,42.42190,120503,Axis ELSS Tax Saver Fund - Direct Plan - Growth Option,Axis Mutual Fund
03-11-2017,42.44200,120503,Axis ELSS Tax Saver Fund - Direct Plan - Growth Option,Axis Mutual Fund
02-11-2017,42.43880,120503,Axis ELSS Tax Saver Fund - Direct Plan - Growth Option,Axis Mutual Fund
01-11-2017,42.43350,120503,Axis ELSS Tax Saver Fund - Direct Plan - Growth Option,Axis Mutual Fund
31-10-2017,42.19590,120503,Axis ELSS Tax Saver Fund - Direct Plan - Growth Option,Axis Mutual Fund
30-10-2017,42.22950,120503,Axis ELSS Tax Saver Fund - Direct Plan - Growth Option,Axis Mutual Fund
27-10-2017,41.86380,120503,Axis ELSS Tax Saver Fund - Direct Plan - Growth Option,Axis Mutual Fund
26-10-2017,41.62510,120503,Axis ELSS Tax Saver Fund - Direct Plan - Growth Option,Axis Mutual Fund
25-10-2017,41.65260,120503,Axis ELSS Tax Saver Fund - Direct Plan - Growth Option,Axis Mutual Fund
24-10-2017,41.82010,120503,Axis ELSS Tax Saver Fund - Direct Plan - Growth Option,Axis Mutual Fund
23-10-2017,41.85920,120503,Axis ELSS Tax Saver Fund - Direct Plan - Growth Option,Axis Mutual Fund
18-10-2017,42.07820,120503,Axis ELSS Tax Saver Fund - Direct Plan - Growth Option,Axis Mutual Fund
17-10-2017,42.15030,120503,Axis ELSS Tax Saver Fund - Direct Plan - Growth Option,Axis Mutual Fund
16-10-2017,42.19650,120503,Axis ELSS Tax Saver Fund - Direct Plan - Growth Option,Axis Mutual Fund
13-10-2017,42.19960,120503,Axis ELSS Tax Saver Fund - Direct Plan - Growth Option,Axis Mutual Fund
12-10-2017,41.97760,120503,Axis ELSS Tax Saver Fund - Direct Plan - Growth Option,Axis Mutual Fund
11-10-2017,41.55340,120503,Axis ELSS Tax Saver Fund - Direct Plan - Growth Option,Axis Mutual Fund
10-10-2017,41.65870,120503,Axis ELSS Tax Saver Fund - Direct Plan - Growth Option,Axis Mutual Fund
09-10-2017,41.46510,120503,Axis ELSS Tax Saver Fund - Direct Plan - Growth Option,Axis Mutual Fund
06-10-2017,41.41150,120503,Axis ELSS Tax Saver Fund - Direct Plan - Growth Option,Axis Mutual Fund
05-10-2017,41.19970,120503,Axis ELSS Tax Saver Fund - Direct Plan - Growth Option,Axis Mutual Fund
04-10-2017,41.20080,120503,Axis ELSS Tax Saver Fund - Direct Plan - Growth Option,Axis Mutual Fund
03-10-2017,41.07540,120503,Axis ELSS Tax Saver Fund - Direct Plan - Growth Option,Axis Mutual Fund
29-09-2017,40.91770,120503,Axis ELSS Tax Saver Fund - Direct Plan - Growth Option,Axis Mutual Fund
28-09-2017,40.65900,120503,Axis ELSS Tax Saver Fund - Direct Plan - Growth Option,Axis Mutual Fund
27-09-2017,40.46350,120503,Axis ELSS Tax Saver Fund - Direct Plan - Growth Option,Axis Mutual Fund
26-09-2017,41.11040,120503,Axis ELSS Tax Saver Fund - Direct Plan - Growth Option,Axis Mutual Fund
25-09-2017,41.02160,120503,Axis ELSS Tax Saver Fund - Direct Plan - Growth Option,Axis Mutual Fund
22-09-2017,41.55790,120503,Axis ELSS Tax Saver Fund - Direct Plan - Growth Option,Axis Mutual Fund
21-09-2017,42.14470,120503,Axis ELSS Tax Saver Fund - Direct Plan - Growth Option,Axis Mutual Fund
20-09-2017,42.17470,120503,Axis ELSS Tax Saver Fund - Direct Plan - Growth Option,Axis Mutual Fund
19-09-2017,42.25490,120503,Axis ELSS Tax Saver Fund - Direct Plan - Growth Option,Axis Mutual Fund
18-09-2017,42.22540,120503,Axis ELSS Tax Saver Fund - Direct Plan - Growth Option,Axis Mutual Fund
15-09-2017,41.97280,120503,Axis ELSS Tax Saver Fund - Direct Plan - Growth Option,Axis Mutual Fund
14-09-2017,41.87460,120503,Axis ELSS Tax Saver Fund - Direct Plan - Growth Option,Axis Mutual Fund
13-09-2017,41.85370,120503,Axis ELSS Tax Saver Fund - Direct Plan - Growth Option,Axis Mutual Fund
12-09-2017,42.00570,120503,Axis ELSS Tax Saver Fund - Direct Plan - Growth Option,Axis Mutual Fund
11-09-2017,41.71300,120503,Axis ELSS Tax Saver Fund - Direct Plan - Growth Option,Axis Mutual Fund
08-09-2017,41.39390,120503,Axis ELSS Tax Saver Fund - Direct Plan - Growth Option,Axis Mutual Fund
07-09-2017,41.27460,120503,Axis ELSS Tax Saver Fund - Direct Plan - Growth Option,Axis Mutual Fund
06-09-2017,40.82490,120503,Axis ELSS Tax Saver Fund - Direct Plan - Growth Option,Axis Mutual Fund
05-09-2017,40.76170,120503,Axis ELSS Tax Saver Fund - Direct Plan - Growth Option,Axis Mutual Fund
04-09-2017,40.52610,120503,Axis ELSS Tax Saver Fund - Direct Plan - Growth Option,Axis Mutual Fund
01-09-2017,40.71170,120503,Axis ELSS Tax Saver Fund - Direct Plan - Growth Option,Axis Mutual Fund
31-08-2017,40.48390,120503,Axis ELSS Tax Saver Fund - Direct Plan - Growth Option,Axis Mutual Fund
30-08-2017,40.34330,120503,Axis ELSS Tax Saver Fund - Direct Plan - Growth Option,Axis Mutual Fund
29-08-2017,39.97210,120503,Axis ELSS Tax Saver Fund - Direct Plan - Growth Option,Axis Mutual Fund
28-08-2017,40.44180,120503,Axis ELSS Tax Saver Fund - Direct Plan - Growth Option,Axis Mutual Fund
24-08-2017,40.08030,120503,Axis ELSS Tax Saver Fund - Direct Plan - Growth Option,Axis Mutual Fund
23-08-2017,39.98410,120503,Axis ELSS Tax Saver Fund - Direct Plan - Growth Option,Axis Mutual Fund
22-08-2017,39.72180,120503,Axis ELSS Tax Saver Fund - Direct Plan - Growth Option,Axis Mutual Fund
21-08-2017,39.74260,120503,Axis ELSS Tax Saver Fund - Direct Plan - Growth Option,Axis Mutual Fund
18-08-2017,39.93520,120503,Axis ELSS Tax Saver Fund - Direct Plan - Growth Option,Axis Mutual Fund
17-08-2017,40.04260,120503,Axis ELSS Tax Saver Fund - Direct Plan - Growth Option,Axis Mutual Fund
16-08-2017,40.16790,120503,Axis ELSS Tax Saver Fund - Direct Plan - Growth Option,Axis Mutual Fund
14-08-2017,39.72540,120503,Axis ELSS Tax Saver Fund - Direct Plan - Growth Option,Axis Mutual Fund
11-08-2017,39.32750,120503,Axis ELSS Tax Saver Fund - Direct Plan - Growth Option,Axis Mutual Fund
10-08-2017,39.38850,120503,Axis ELSS Tax Saver Fund - Direct Plan - Growth Option,Axis Mutual Fund
09-08-2017,40.06020,120503,Axis ELSS Tax Saver Fund - Direct Plan - Growth Option,Axis Mutual Fund
08-08-2017,40.61500,120503,Axis ELSS Tax Saver Fund - Direct Plan - Growth Option,Axis Mutual Fund
07-08-2017,40.90320,120503,Axis ELSS Tax Saver Fund - Direct Plan - Growth Option,Axis Mutual Fund
04-08-2017,40.62410,120503,Axis ELSS Tax Saver Fund - Direct Plan - Growth Option,Axis Mutual Fund
03-08-2017,40.43070,120503,Axis ELSS Tax Saver Fund - Direct Plan - Growth Option,Axis Mutual Fund
02-08-2017,40.76860,120503,Axis ELSS Tax Saver Fund - Direct Plan - Growth Option,Axis Mutual Fund
01-08-2017,40.83710,120503,Axis ELSS Tax Saver Fund - Direct Plan - Growth Option,Axis Mutual Fund
31-07-2017,40.75450,120503,Axis ELSS Tax Saver Fund - Direct Plan - Growth Option,Axis Mutual Fund
28-07-2017,40.52410,120503,Axis ELSS Tax Saver Fund - Direct Plan - Growth Option,Axis Mutual Fund
27-07-2017,40.34210,120503,Axis ELSS Tax Saver Fund - Direct Plan - Growth Option,Axis Mutual Fund
26-07-2017,40.14130,120503,Axis ELSS Tax Saver Fund - Direct Plan - Growth Option,Axis Mutual Fund
25-07-2017,40.07580,120503,Axis ELSS Tax Saver Fund - Direct Plan - Growth Option,Axis Mutual Fund
24-07-2017,40.04440,120503,Axis ELSS Tax Saver Fund - Direct Plan - Growth Option,Axis Mutual Fund
21-07-2017,39.94360,120503,Axis ELSS Tax Saver Fund - Direct Plan - Growth Option,Axis Mutual Fund
20-07-2017,39.77290,120503,Axis ELSS Tax Saver Fund - Direct Plan - Growth Option,Axis Mutual Fund
19-07-2017,39.84420,120503,Axis ELSS Tax Saver Fund - Direct Plan - Growth Option,Axis Mutual Fund
18-07-2017,39.52800,120503,Axis ELSS Tax Saver Fund - Direct Plan - Growth Option,Axis Mutual Fund
17-07-2017,39.64400,120503,Axis ELSS Tax Saver Fund - Direct Plan - Growth Option,Axis Mutual Fund
14-07-2017,39.50380,120503,Axis ELSS Tax Saver Fund - Direct Plan - Growth Option,Axis Mutual Fund
13-07-2017,39.58490,120503,Axis ELSS Tax Saver Fund - Direct Plan - Growth Option,Axis Mutual Fund
12-07-2017,39.30910,120503,Axis ELSS Tax Saver Fund - Direct Plan - Growth Option,Axis Mutual Fund
11-07-2017,39.20340,120503,Axis ELSS Tax Saver Fund - Direct Plan - Growth Option,Axis Mutual Fund
10-07-2017,39.31340,120503,Axis ELSS Tax Saver Fund - Direct Plan - Growth Option,Axis Mutual Fund
07-07-2017,38.99920,120503,Axis ELSS Tax Saver Fund - Direct Plan - Growth Option,Axis Mutual Fund
06-07-2017,39.07620,120503,Axis ELSS Tax Saver Fund - Direct Plan - Growth Option,Axis Mutual Fund
05-07-2017,38.87880,120503,Axis ELSS Tax Saver Fund - Direct Plan - Growth Option,Axis Mutual Fund
04-07-2017,38.75750,120503,Axis ELSS Tax Saver Fund - Direct Plan - Growth Option,Axis Mutual Fund
03-07-2017,38.74370,120503,Axis ELSS Tax Saver Fund - Direct Plan - Growth Option,Axis Mutual Fund
30-06-2017,38.59570,120503,Axis ELSS Tax Saver Fund - Direct Plan - Growth Option,Axis Mutual Fund
29-06-2017,38.40200,120503,Axis ELSS Tax Saver Fund - Direct Plan - Growth Option,Axis Mutual Fund
28-06-2017,38.42840,120503,Axis ELSS Tax Saver Fund - Direct Plan - Growth Option,Axis Mutual Fund
27-06-2017,38.48890,120503,Axis ELSS Tax Saver Fund - Direct Plan - Growth Option,Axis Mutual Fund
23-06-2017,38.81320,120503,Axis ELSS Tax Saver Fund - Direct Plan - Growth Option,Axis Mutual Fund
22-06-2017,39.13030,120503,Axis ELSS Tax Saver Fund - Direct Plan - Growth Option,Axis Mutual Fund
21-06-2017,39.10560,120503,Axis ELSS Tax Saver Fund - Direct Plan - Growth Option,Axis Mutual Fund
20-06-2017,39.15200,120503,Axis ELSS Tax Saver Fund - Direct Plan - Growth Option,Axis Mutual Fund
19-06-2017,39.29610,120503,Axis ELSS Tax Saver Fund - Direct Plan - Growth Option,Axis Mutual Fund
16-06-2017,39.06650,120503,Axis ELSS Tax Saver Fund - Direct Plan - Growth Option,Axis Mutual Fund
15-06-2017,39.00560,120503,Axis ELSS Tax Saver Fund - Direct Plan - Growth Option,Axis Mutual Fund
14-06-2017,39.10420,120503,Axis ELSS Tax Saver Fund - Direct Plan - Growth Option,Axis Mutual Fund
13-06-2017,39.07990,120503,Axis ELSS Tax Saver Fund - Direct Plan - Growth Option,Axis Mutual Fund
12-06-2017,39.00690,120503,Axis ELSS Tax Saver Fund - Direct Plan - Growth Option,Axis Mutual Fund
09-06-2017,39.08010,120503,Axis ELSS Tax Saver Fund - Direct Plan - Growth Option,Axis Mutual Fund
08-06-2017,38.81850,120503,Axis ELSS Tax Saver Fund - Direct Plan - Growth Option,Axis Mutual Fund
07-06-2017,38.70540,120503,Axis ELSS Tax Saver Fund - Direct Plan - Growth Option,Axis Mutual Fund
06-06-2017,38.50890,120503,Axis ELSS Tax Saver Fund - Direct Plan - Growth Option,Axis Mutual Fund
05-06-2017,38.57610,120503,Axis ELSS Tax Saver Fund - Direct Plan - Growth Option,Axis Mutual Fund
02-06-2017,38.43720,120503,Axis ELSS Tax Saver Fund - Direct Plan - Growth Option,Axis Mutual Fund
01-06-2017,38.14560,120503,Axis ELSS Tax Saver Fund - Direct Plan - Growth Option,Axis Mutual Fund
31-05-2017,38.04660,120503,Axis ELSS Tax Saver Fund - Direct Plan - Growth Option,Axis Mutual Fund
30-05-2017,37.79150,120503,Axis ELSS Tax Saver Fund - Direct Plan - Growth Option,Axis Mutual Fund
29-05-2017,37.77260,120503,Axis ELSS Tax Saver Fund - Direct Plan - Growth Option,Axis Mutual Fund
26-05-2017,37.90050,120503,Axis ELSS Tax Saver Fund - Direct Plan - Growth Option,Axis Mutual Fund
25-05-2017,37.45220,120503,Axis ELSS Tax Saver Fund - Direct Plan - Growth Option,Axis Mutual Fund
24-05-2017,36.84080,120503,Axis ELSS Tax Saver Fund - Direct Plan - Growth Option,Axis Mutual Fund
23-05-2017,36.96110,120503,Axis ELSS Tax Saver Fund - Direct Plan - Growth Option,Axis Mutual Fund
22-05-2017,37.23910,120503,Axis ELSS Tax Saver Fund - Direct Plan - Growth Option,Axis Mutual Fund
19-05-2017,37.46120,120503,Axis ELSS Tax Saver Fund - Direct Plan - Growth Option,Axis Mutual Fund
18-05-2017,37.76360,120503,Axis ELSS Tax Saver Fund - Direct Plan - Growth Option,Axis Mutual Fund
17-05-2017,38.18860,120503,Axis ELSS Tax Saver Fund - Direct Plan - Growth Option,Axis Mutual Fund
16-05-2017,38.40420,120503,Axis ELSS Tax Saver Fund - Direct Plan - Growth Option,Axis Mutual Fund
15-05-2017,38.27890,120503,Axis ELSS Tax Saver Fund - Direct Plan - Growth Option,Axis Mutual Fund
12-05-2017,38.04290,120503,Axis ELSS Tax Saver Fund - Direct Plan - Growth Option,Axis Mutual Fund
11-05-2017,38.18680,120503,Axis ELSS Tax Saver Fund - Direct Plan - Growth Option,Axis Mutual Fund
10-05-2017,38.13310,120503,Axis ELSS Tax Saver Fund - Direct Plan - Growth Option,Axis Mutual Fund
09-05-2017,37.73570,120503,Axis ELSS Tax Saver Fund - Direct Plan - Growth Option,Axis Mutual Fund
08-05-2017,37.60890,120503,Axis ELSS Tax Saver Fund - Direct Plan - Growth Option,Axis Mutual Fund
05-05-2017,37.52390,120503,Axis ELSS Tax Saver Fund - Direct Plan - Growth Option,Axis Mutual Fund
04-05-2017,37.70640,120503,Axis ELSS Tax Saver Fund - Direct Plan - Growth Option,Axis Mutual Fund
03-05-2017,37.58410,120503,Axis ELSS Tax Saver Fund - Direct Plan - Growth Option,Axis Mutual Fund
02-05-2017,37.57270,120503,Axis ELSS Tax Saver Fund - Direct Plan - Growth Option,Axis Mutual Fund
28-04-2017,37.41360,120503,Axis ELSS Tax Saver Fund - Direct Plan - Growth Option,Axis Mutual Fund
27-04-2017,37.47580,120503,Axis ELSS Tax Saver Fund - Direct Plan - Growth Option,Axis Mutual Fund
26-04-2017,37.44890,120503,Axis ELSS Tax Saver Fund - Direct Plan - Growth Option,Axis Mutual Fund
25-04-2017,37.38470,120503,Axis ELSS Tax Saver Fund - Direct Plan - Growth Option,Axis Mutual Fund
24-04-2017,37.17640,120503,Axis ELSS Tax Saver Fund - Direct Plan - Growth Option,Axis Mutual Fund
21-04-2017,36.73250,120503,Axis ELSS Tax Saver Fund - Direct Plan - Growth Option,Axis Mutual Fund
20-04-2017,36.80380,120503,Axis ELSS Tax Saver Fund - Direct Plan - Growth Option,Axis Mutual Fund
19-04-2017,36.48900,120503,Axis ELSS Tax Saver Fund - Direct Plan - Growth Option,Axis Mutual Fund
18-04-2017,36.44120,120503,Axis ELSS Tax Saver Fund - Direct Plan - Growth Option,Axis Mutual Fund
17-04-2017,36.50940,120503,Axis ELSS Tax Saver Fund - Direct Plan - Growth Option,Axis Mutual Fund
13-04-2017,36.69360,120503,Axis ELSS Tax Saver Fund - Direct Plan - Growth Option,Axis Mutual Fund
12-04-2017,36.82130,120503,Axis ELSS Tax Saver Fund - Direct Plan - Growth Option,Axis Mutual Fund
11-04-2017,36.90070,120503,Axis ELSS Tax Saver Fund - Direct Plan - Growth Option,Axis Mutual Fund
10-04-2017,36.67780,120503,Axis ELSS Tax Saver Fund - Direct Plan - Growth Option,Axis Mutual Fund
07-04-2017,36.64540,120503,Axis ELSS Tax Saver Fund - Direct Plan - Growth Option,Axis Mutual Fund
06-04-2017,36.77850,120503,Axis ELSS Tax Saver Fund - Direct Plan - Growth Option,Axis Mutual Fund
05-04-2017,36.79970,120503,Axis ELSS Tax Saver Fund - Direct Plan - Growth Option,Axis Mutual Fund
03-04-2017,36.55860,120503,Axis ELSS Tax Saver Fund - Direct Plan - Growth Option,Axis Mutual Fund
31-03-2017,36.29910,120503,Axis ELSS Tax Saver Fund - Direct Plan - Growth Option,Axis Mutual Fund
30-03-2017,36.35770,120503,Axis ELSS Tax Saver Fund - Direct Plan - Growth Option,Axis Mutual Fund
29-03-2017,36.12910,120503,Axis ELSS Tax Saver Fund - Direct Plan - Growth Option,Axis Mutual Fund
28-03-2017,36.03970,120503,Axis ELSS Tax Saver Fund - Direct Plan - Growth Option,Axis Mutual Fund
27-03-2017,35.94970,120503,Axis ELSS Tax Saver Fund - Direct Plan - Growth Option,Axis Mutual Fund
24-03-2017,36.03630,120503,Axis ELSS Tax Saver Fund - Direct Plan - Growth Option,Axis Mutual Fund
23-03-2017,35.90470,120503,Axis ELSS Tax Saver Fund - Direct Plan - Growth Option,Axis Mutual Fund
22-03-2017,35.72990,120503,Axis ELSS Tax Saver Fund - Direct Plan - Growth Option,Axis Mutual Fund
21-03-2017,35.89090,120503,Axis ELSS Tax Saver Fund - Direct Plan - Growth Option,Axis Mutual Fund
20-03-2017,35.92690,120503,Axis ELSS Tax Saver Fund - Direct Plan - Growth Option,Axis Mutual Fund
17-03-2017,35.84510,120503,Axis ELSS Tax Saver Fund - Direct Plan - Growth Option,Axis Mutual Fund
16-03-2017,35.75100,120503,Axis ELSS Tax Saver Fund - Direct Plan - Growth Option,Axis Mutual Fund
15-03-2017,35.45950,120503,Axis ELSS Tax Saver Fund - Direct Plan - Growth Option,Axis Mutual Fund
14-03-2017,35.24930,120503,Axis ELSS Tax Saver Fund - Direct Plan - Growth Option,Axis Mutual Fund
10-03-2017,34.67420,120503,Axis ELSS Tax Saver Fund - Direct Plan - Growth Option,Axis Mutual Fund
09-03-2017,34.58380,120503,Axis ELSS Tax Saver Fund - Direct Plan - Growth Option,Axis Mutual Fund
08-03-2017,34.45060,120503,Axis ELSS Tax Saver Fund - Direct Plan - Growth Option,Axis Mutual Fund
07-03-2017,34.33560,120503,Axis ELSS Tax Saver Fund - Direct Plan - Growth Option,Axis Mutual Fund
06-03-2017,34.43050,120503,Axis ELSS Tax Saver Fund - Direct Plan - Growth Option,Axis Mutual Fund
03-03-2017,34.29380,120503,Axis ELSS Tax Saver Fund - Direct Plan - Growth Option,Axis Mutual Fund
02-03-2017,34.43180,120503,Axis ELSS Tax Saver Fund - Direct Plan - Growth Option,Axis Mutual Fund
01-03-2017,34.70510,120503,Axis ELSS Tax Saver Fund - Direct Plan - Growth Option,Axis Mutual Fund
28-02-2017,34.53000,120503,Axis ELSS Tax Saver Fund - Direct Plan - Growth Option,Axis Mutual Fund
27-02-2017,34.47800,120503,Axis ELSS Tax Saver Fund - Direct Plan - Growth Option,Axis Mutual Fund
23-02-2017,34.59830,120503,Axis ELSS Tax Saver Fund - Direct Plan - Growth Option,Axis Mutual Fund
22-02-2017,34.57870,120503,Axis ELSS Tax Saver Fund - Direct Plan - Growth Option,Axis Mutual Fund
21-02-2017,34.74340,120503,Axis ELSS Tax Saver Fund - Direct Plan - Growth Option,Axis Mutual Fund
20-02-2017,34.70320,120503,Axis ELSS Tax Saver Fund - Direct Plan - Growth Option,Axis Mutual Fund
17-02-2017,34.56050,120503,Axis ELSS Tax Saver Fund - Direct Plan - Growth Option,Axis Mutual Fund
16-02-2017,34.33740,120503,Axis ELSS Tax Saver Fund - Direct Plan - Growth Option,Axis Mutual Fund
15-02-2017,33.95910,120503,Axis ELSS Tax Saver Fund - Direct Plan - Growth Option,Axis Mutual Fund
14-02-2017,34.29810,120503,Axis ELSS Tax Saver Fund - Direct Plan - Growth Option,Axis Mutual Fund
13-02-2017,34.30260,120503,Axis ELSS Tax Saver Fund - Direct Plan - Growth Option,Axis Mutual Fund
10-02-2017,34.26660,120503,Axis ELSS Tax Saver Fund - Direct Plan - Growth Option,Axis Mutual Fund
09-02-2017,34.16330,120503,Axis ELSS Tax Saver Fund - Direct Plan - Growth Option,Axis Mutual Fund
08-02-2017,34.24620,120503,Axis ELSS Tax Saver Fund - Direct Plan - Growth Option,Axis Mutual Fund
07-02-2017,34.28790,120503,Axis ELSS Tax Saver Fund - Direct Plan - Growth Option,Axis Mutual Fund
06-02-2017,34.25160,120503,Axis ELSS Tax Saver Fund - Direct Plan - Growth Option,Axis Mutual Fund
03-02-2017,34.05240,120503,Axis ELSS Tax Saver Fund - Direct Plan - Growth Option,Axis Mutual Fund
02-02-2017,33.97410,120503,Axis ELSS Tax Saver Fund - Direct Plan - Growth Option,Axis Mutual Fund
01-02-2017,33.98050,120503,Axis ELSS Tax Saver Fund - Direct Plan - Growth Option,Axis Mutual Fund
31-01-2017,33.40180,120503,Axis ELSS Tax Saver Fund - Direct Plan - Growth Option,Axis Mutual Fund
30-01-2017,33.68730,120503,Axis ELSS Tax Saver Fund - Direct Plan - Growth Option,Axis Mutual Fund
27-01-2017,33.69210,120503,Axis ELSS Tax Saver Fund - Direct Plan - Growth Option,Axis Mutual Fund
25-01-2017,33.47470,120503,Axis ELSS Tax Saver Fund - Direct Plan - Growth Option,Axis Mutual Fund
24-01-2017,32.90950,120503,Axis ELSS Tax Saver Fund - Direct Plan - Growth Option,Axis Mutual Fund
23-01-2017,32.50120,120503,Axis ELSS Tax Saver Fund - Direct Plan - Growth Option,Axis Mutual Fund
20-01-2017,32.41280,120503,Axis ELSS Tax Saver Fund - Direct Plan - Growth Option,Axis Mutual Fund
19-01-2017,32.68480,120503,Axis ELSS Tax Saver Fund - Direct Plan - Growth Option,Axis Mutual Fund
18-01-2017,32.61170,120503,Axis ELSS Tax Saver Fund - Direct Plan - Growth Option,Axis Mutual Fund
17-01-2017,32.43420,120503,Axis ELSS Tax Saver Fund - Direct Plan - Growth Option,Axis Mutual Fund
16-01-2017,32.43970,120503,Axis ELSS Tax Saver Fund - Direct Plan - Growth Option,Axis Mutual Fund
13-01-2017,32.42580,120503,Axis ELSS Tax Saver Fund - Direct Plan - Growth Option,Axis Mutual Fund
12-01-2017,32.46910,120503,Axis ELSS Tax Saver Fund - Direct Plan - Growth Option,Axis Mutual Fund
11-01-2017,32.41370,120503,Axis ELSS Tax Saver Fund - Direct Plan - Growth Option,Axis Mutual Fund
10-01-2017,32.14110,120503,Axis ELSS Tax Saver Fund - Direct Plan - Growth Option,Axis Mutual Fund
09-01-2017,31.99120,120503,Axis ELSS Tax Saver Fund - Direct Plan - Growth Option,Axis Mutual Fund
06-01-2017,32.06930,120503,Axis ELSS Tax Saver Fund - Direct Plan - Growth Option,Axis Mutual Fund
05-01-2017,32.03260,120503,Axis ELSS Tax Saver Fund - Direct Plan - Growth Option,Axis Mutual Fund
04-01-2017,31.82720,120503,Axis ELSS Tax Saver Fund - Direct Plan - Growth Option,Axis Mutual Fund
03-01-2017,31.95370,120503,Axis ELSS Tax Saver Fund - Direct Plan - Growth Option,Axis Mutual Fund
02-01-2017,31.94560,120503,Axis ELSS Tax Saver Fund - Direct Plan - Growth Option,Axis Mutual Fund
30-12-2016,31.87090,120503,Axis ELSS Tax Saver Fund - Direct Plan - Growth Option,Axis Mutual Fund
29-12-2016,31.73070,120503,Axis ELSS Tax Saver Fund - Direct Plan - Growth Option,Axis Mutual Fund
28-12-2016,31.38400,120503,Axis ELSS Tax Saver Fund - Direct Plan - Growth Option,Axis Mutual Fund
27-12-2016,31.13930,120503,Axis ELSS Tax Saver Fund - Direct Plan - Growth Option,Axis Mutual Fund
26-12-2016,30.82570,120503,Axis ELSS Tax Saver Fund - Direct Plan - Growth Option,Axis Mutual Fund
23-12-2016,31.18780,120503,Axis ELSS Tax Saver Fund - Direct Plan - Growth Option,Axis Mutual Fund
22-12-2016,31.26330,120503,Axis ELSS Tax Saver Fund - Direct Plan - Growth Option,Axis Mutual Fund
21-12-2016,31.57780,120503,Axis ELSS Tax Saver Fund - Direct Plan - Growth Option,Axis Mutual Fund
20-12-2016,31.61730,120503,Axis ELSS Tax Saver Fund - Direct Plan - Growth Option,Axis Mutual Fund
19-12-2016,31.80540,120503,Axis ELSS Tax Saver Fund - Direct Plan - Growth Option,Axis Mutual Fund
16-12-2016,32.09190,120503,Axis ELSS Tax Saver Fund - Direct Plan - Growth Option,Axis Mutual Fund
15-12-2016,32.07760,120503,Axis ELSS Tax Saver Fund - Direct Plan - Growth Option,Axis Mutual Fund
14-12-2016,32.15760,120503,Axis ELSS Tax Saver Fund - Direct Plan - Growth Option,Axis Mutual Fund
13-12-2016,32.36190,120503,Axis ELSS Tax Saver Fund - Direct Plan - Growth Option,Axis Mutual Fund
12-12-2016,32.25000,120503,Axis ELSS Tax Saver Fund - Direct Plan - Growth Option,Axis Mutual Fund
09-12-2016,32.50930,120503,Axis ELSS Tax Saver Fund - Direct Plan - Growth Option,Axis Mutual Fund
08-12-2016,32.63710,120503,Axis ELSS Tax Saver Fund - Direct Plan - Growth Option,Axis Mutual Fund
07-12-2016,32.09040,120503,Axis ELSS Tax Saver Fund - Direct Plan - Growth Option,Axis Mutual Fund
06-12-2016,32.27360,120503,Axis ELSS Tax Saver Fund - Direct Plan - Growth Option,Axis Mutual Fund
05-12-2016,32.22030,120503,Axis ELSS Tax Saver Fund - Direct Plan - Growth Option,Axis Mutual Fund
02-12-2016,32.17060,120503,Axis ELSS Tax Saver Fund - Direct Plan - Growth Option,Axis Mutual Fund
01-12-2016,32.64710,120503,Axis ELSS Tax Saver Fund - Direct Plan - Growth Option,Axis Mutual Fund
30-11-2016,32.79380,120503,Axis ELSS Tax Saver Fund - Direct Plan - Growth Option,Axis Mutual Fund
29-11-2016,32.38520,120503,Axis ELSS Tax Saver Fund - Direct Plan - Growth Option,Axis Mutual Fund
28-11-2016,32.29540,120503,Axis ELSS Tax Saver Fund - Direct Plan - Growth Option,Axis Mutual Fund
25-11-2016,32.26960,120503,Axis ELSS Tax Saver Fund - Direct Plan - Growth Option,Axis Mutual Fund
24-11-2016,31.65580,120503,Axis ELSS Tax Saver Fund - Direct Plan - Growth Option,Axis Mutual Fund
23-11-2016,31.89690,120503,Axis ELSS Tax Saver Fund - Direct Plan - Growth Option,Axis Mutual Fund
22-11-2016,31.79870,120503,Axis ELSS Tax Saver Fund - Direct Plan - Growth Option,Axis Mutual Fund
21-11-2016,31.46500,120503,Axis ELSS Tax Saver Fund - Direct Plan - Growth Option,Axis Mutual Fund
18-11-2016,32.03240,120503,Axis ELSS Tax Saver Fund - Direct Plan - Growth Option,Axis Mutual Fund
17-11-2016,31.97250,120503,Axis ELSS Tax Saver Fund - Direct Plan - Growth Option,Axis Mutual Fund
16-11-2016,32.09170,120503,Axis ELSS Tax Saver Fund - Direct Plan - Growth Option,Axis Mutual Fund
15-11-2016,31.92940,120503,Axis ELSS Tax Saver Fund - Direct Plan - Growth Option,Axis Mutual Fund
11-11-2016,33.04250,120503,Axis ELSS Tax Saver Fund - Direct Plan - Growth Option,Axis Mutual Fund
10-11-2016,33.91220,120503,Axis ELSS Tax Saver Fund - Direct Plan - Growth Option,Axis Mutual Fund
09-11-2016,33.70790,120503,Axis ELSS Tax Saver Fund - Direct Plan - Growth Option,Axis Mutual Fund
08-11-2016,34.17940,120503,Axis ELSS Tax Saver Fund - Direct Plan - Growth Option,Axis Mutual Fund
07-11-2016,34.19120,120503,Axis ELSS Tax Saver Fund - Direct Plan - Growth Option,Axis Mutual Fund
04-11-2016,34.11180,120503,Axis ELSS Tax Saver Fund - Direct Plan - Growth Option,Axis Mutual Fund
03-11-2016,34.68740,120503,Axis ELSS Tax Saver Fund - Direct Plan - Growth Option,Axis Mutual Fund
02-11-2016,34.87630,120503,Axis ELSS Tax Saver Fund - Direct Plan - Growth Option,Axis Mutual Fund
01-11-2016,35.36920,120503,Axis ELSS Tax Saver Fund - Direct Plan - Growth Option,Axis Mutual Fund
28-10-2016,35.27420,120503,Axis ELSS Tax Saver Fund - Direct Plan - Growth Option,Axis Mutual Fund
27-10-2016,35.10560,120503,Axis ELSS Tax Saver Fund - Direct Plan - Growth Option,Axis Mutual Fund
26-10-2016,35.19000,120503,Axis ELSS Tax Saver Fund - Direct Plan - Growth Option,Axis Mutual Fund
25-10-2016,35.06450,120503,Axis ELSS Tax Saver Fund - Direct Plan - Growth Option,Axis Mutual Fund
24-10-2016,35.00940,120503,Axis ELSS Tax Saver Fund - Direct Plan - Growth Option,Axis Mutual Fund
21-10-2016,35.02130,120503,Axis ELSS Tax Saver Fund - Direct Plan - Growth Option,Axis Mutual Fund
20-10-2016,34.81730,120503,Axis ELSS Tax Saver Fund - Direct Plan - Growth Option,Axis Mutual Fund
19-10-2016,34.76160,120503,Axis ELSS Tax Saver Fund - Direct Plan - Growth Option,Axis Mutual Fund
18-10-2016,34.83960,120503,Axis ELSS Tax Saver Fund - Direct Plan - Growth Option,Axis Mutual Fund
17-10-2016,34.34140,120503,Axis ELSS Tax Saver Fund - Direct Plan - Growth Option,Axis Mutual Fund
14-10-2016,34.76820,120503,Axis ELSS Tax Saver Fund - Direct Plan - Growth Option,Axis Mutual Fund
13-10-2016,34.70140,120503,Axis ELSS Tax Saver Fund - Direct Plan - Growth Option,Axis Mutual Fund
10-10-2016,35.19070,120503,Axis ELSS Tax Saver Fund - Direct Plan - Growth Option,Axis Mutual Fund
07-10-2016,35.18690,120503,Axis ELSS Tax Saver Fund - Direct Plan - Growth Option,Axis Mutual Fund
06-10-2016,35.29640,120503,Axis ELSS Tax Saver Fund - Direct Plan - Growth Option,Axis Mutual Fund
05-10-2016,35.32560,120503,Axis ELSS Tax Saver Fund - Direct Plan - Growth Option,Axis Mutual Fund
04-10-2016,35.35350,120503,Axis ELSS Tax Saver Fund - Direct Plan - Growth Option,Axis Mutual Fund
03-10-2016,35.27220,120503,Axis ELSS Tax Saver Fund - Direct Plan - Growth Option,Axis Mutual Fund
30-09-2016,34.57580,120503,Axis ELSS Tax Saver Fund - Direct Plan - Growth Option,Axis Mutual Fund
29-09-2016,34.32780,120503,Axis ELSS Tax Saver Fund - Direct Plan - Growth Option,Axis Mutual Fund
28-09-2016,34.86250,120503,Axis ELSS Tax Saver Fund - Direct Plan - Growth Option,Axis Mutual Fund
27-09-2016,34.74970,120503,Axis ELSS Tax Saver Fund - Direct Plan - Growth Option,Axis Mutual Fund
26-09-2016,34.75290,120503,Axis ELSS Tax Saver Fund - Direct Plan - Growth Option,Axis Mutual Fund
23-09-2016,34.99910,120503,Axis ELSS Tax Saver Fund - Direct Plan - Growth Option,Axis Mutual Fund
22-09-2016,35.02270,120503,Axis ELSS Tax Saver Fund - Direct Plan - Growth Option,Axis Mutual Fund
21-09-2016,34.68590,120503,Axis ELSS Tax Saver Fund - Direct Plan - Growth Option,Axis Mutual Fund
20-09-2016,34.68320,120503,Axis ELSS Tax Saver Fund - Direct Plan - Growth Option,Axis Mutual Fund
19-09-2016,34.75580,120503,Axis ELSS Tax Saver Fund - Direct Plan - Growth Option,Axis Mutual Fund
16-09-2016,34.82830,120503,Axis ELSS Tax Saver Fund - Direct Plan - Growth Option,Axis Mutual Fund
15-09-2016,34.63040,120503,Axis ELSS Tax Saver Fund - Direct Plan - Growth Option,Axis Mutual Fund
14-09-2016,34.52550,120503,Axis ELSS Tax Saver Fund - Direct Plan - Growth Option,Axis Mutual Fund
12-09-2016,34.58720,120503,Axis ELSS Tax Saver Fund - Direct Plan - Growth Option,Axis Mutual Fund
09-09-2016,35.15910,120503,Axis ELSS Tax Saver Fund - Direct Plan - Growth Option,Axis Mutual Fund
08-09-2016,35.38050,120503,Axis ELSS Tax Saver Fund - Direct Plan - Growth Option,Axis Mutual Fund
07-09-2016,35.16750,120503,Axis ELSS Tax Saver Fund - Direct Plan - Growth Option,Axis Mutual Fund
06-09-2016,35.29770,120503,Axis ELSS Tax Saver Fund - Direct Plan - Growth Option,Axis Mutual Fund
02-09-2016,34.96560,120503,Axis ELSS Tax Saver Fund - Direct Plan - Growth Option,Axis Mutual Fund
01-09-2016,34.87990,120503,Axis ELSS Tax Saver Fund - Direct Plan - Growth Option,Axis Mutual Fund
31-08-2016,34.86690,120503,Axis ELSS Tax Saver Fund - Direct Plan - Growth Option,Axis Mutual Fund
30-08-2016,34.72600,120503,Axis ELSS Tax Saver Fund - Direct Plan - Growth Option,Axis Mutual Fund
29-08-2016,34.30490,120503,Axis ELSS Tax Saver Fund - Direct Plan - Growth Option,Axis Mutual Fund
26-08-2016,34.39230,120503,Axis ELSS Tax Saver Fund - Direct Plan - Growth Option,Axis Mutual Fund
25-08-2016,34.37440,120503,Axis ELSS Tax Saver Fund - Direct Plan - Growth Option,Axis Mutual Fund
24-08-2016,34.46180,120503,Axis ELSS Tax Saver Fund - Direct Plan - Growth Option,Axis Mutual Fund
23-08-2016,34.30650,120503,Axis ELSS Tax Saver Fund - Direct Plan - Growth Option,Axis Mutual Fund
22-08-2016,34.28590,120503,Axis ELSS Tax Saver Fund - Direct Plan - Growth Option,Axis Mutual Fund
19-08-2016,34.42090,120503,Axis ELSS Tax Saver Fund - Direct Plan - Growth Option,Axis Mutual Fund
18-08-2016,34.49240,120503,Axis ELSS Tax Saver Fund - Direct Plan - Growth Option,Axis Mutual Fund
17-08-2016,34.35080,120503,Axis ELSS Tax Saver Fund - Direct Plan - Growth Option,Axis Mutual Fund
16-08-2016,34.34040,120503,Axis ELSS Tax Saver Fund - Direct Plan - Growth Option,Axis Mutual Fund
12-08-2016,34.45150,120503,Axis ELSS Tax Saver Fund - Direct Plan - Growth Option,Axis Mutual Fund
11-08-2016,34.31640,120503,Axis ELSS Tax Saver Fund - Direct Plan - Growth Option,Axis Mutual Fund
10-08-2016,34.29880,120503,Axis ELSS Tax Saver Fund - Direct Plan - Growth Option,Axis Mutual Fund
09-08-2016,34.73660,120503,Axis ELSS Tax Saver Fund - Direct Plan - Growth Option,Axis Mutual Fund
08-08-2016,34.82290,120503,Axis ELSS Tax Saver Fund - Direct Plan - Growth Option,Axis Mutual Fund
05-08-2016,34.65990,120503,Axis ELSS Tax Saver Fund - Direct Plan - Growth Option,Axis Mutual Fund
04-08-2016,34.31860,120503,Axis ELSS Tax Saver Fund - Direct Plan - Growth Option,Axis Mutual Fund
03-08-2016,34.26690,120503,Axis ELSS Tax Saver Fund - Direct Plan - Growth Option,Axis Mutual Fund
02-08-2016,34.72680,120503,Axis ELSS Tax Saver Fund - Direct Plan - Growth Option,Axis Mutual Fund
01-08-2016,34.79830,120503,Axis ELSS Tax Saver Fund - Direct Plan - Growth Option,Axis Mutual Fund
29-07-2016,34.77030,120503,Axis ELSS Tax Saver Fund - Direct Plan - Growth Option,Axis Mutual Fund
28-07-2016,34.74970,120503,Axis ELSS Tax Saver Fund - Direct Plan - Growth Option,Axis Mutual Fund
27-07-2016,34.26830,120503,Axis ELSS Tax Saver Fund - Direct Plan - Growth Option,Axis Mutual Fund
26-07-2016,34.04960,120503,Axis ELSS Tax Saver Fund - Direct Plan - Growth Option,Axis Mutual Fund
25-07-2016,34.22160,120503,Axis ELSS Tax Saver Fund - Direct Plan - Growth Option,Axis Mutual Fund
22-07-2016,33.87530,120503,Axis ELSS Tax Saver Fund - Direct Plan - Growth Option,Axis Mutual Fund
21-07-2016,33.68390,120503,Axis ELSS Tax Saver Fund - Direct Plan - Growth Option,Axis Mutual Fund
20-07-2016,33.79240,120503,Axis ELSS Tax Saver Fund - Direct Plan - Growth Option,Axis Mutual Fund
19-07-2016,33.48570,120503,Axis ELSS Tax Saver Fund - Direct Plan - Growth Option,Axis Mutual Fund
18-07-2016,33.46800,120503,Axis ELSS Tax Saver Fund - Direct Plan - Growth Option,Axis Mutual Fund
15-07-2016,33.56250,120503,Axis ELSS Tax Saver Fund - Direct Plan - Growth Option,Axis Mutual Fund
14-07-2016,33.47040,120503,Axis ELSS Tax Saver Fund - Direct Plan - Growth Option,Axis Mutual Fund
13-07-2016,33.30000,120503,Axis ELSS Tax Saver Fund - Direct Plan - Growth Option,Axis Mutual Fund
12-07-2016,33.34300,120503,Axis ELSS Tax Saver Fund - Direct Plan - Growth Option,Axis Mutual Fund
11-07-2016,33.19520,120503,Axis ELSS Tax Saver Fund - Direct Plan - Growth Option,Axis Mutual Fund
08-07-2016,32.72910,120503,Axis ELSS Tax Saver Fund - Direct Plan - Growth Option,Axis Mutual Fund
07-07-2016,32.79020,120503,Axis ELSS Tax Saver Fund - Direct Plan - Growth Option,Axis Mutual Fund
05-07-2016,32.80670,120503,Axis ELSS Tax Saver Fund - Direct Plan - Growth Option,Axis Mutual Fund
04-07-2016,32.92700,120503,Axis ELSS Tax Saver Fund - Direct Plan - Growth Option,Axis Mutual Fund
01-07-2016,32.83120,120503,Axis ELSS Tax Saver Fund - Direct Plan - Growth Option,Axis Mutual Fund
30-06-2016,32.83160,120503,Axis ELSS Tax Saver Fund - Direct Plan - Growth Option,Axis Mutual Fund
29-06-2016,32.57810,120503,Axis ELSS Tax Saver Fund - Direct Plan - Growth Option,Axis Mutual Fund
28-06-2016,32.25370,120503,Axis ELSS Tax Saver Fund - Direct Plan - Growth Option,Axis Mutual Fund
27-06-2016,32.03210,120503,Axis ELSS Tax Saver Fund - Direct Plan - Growth Option,Axis Mutual Fund
24-06-2016,31.85320,120503,Axis ELSS Tax Saver Fund - Direct Plan - Growth Option,Axis Mutual Fund
23-06-2016,32.41230,120503,Axis ELSS Tax Saver Fund - Direct Plan - Growth Option,Axis Mutual Fund
22-06-2016,32.32070,120503,Axis ELSS Tax Saver Fund - Direct Plan - Growth Option,Axis Mutual Fund
21-06-2016,32.40780,120503,Axis ELSS Tax Saver Fund - Direct Plan - Growth Option,Axis Mutual Fund
20-06-2016,32.41900,120503,Axis ELSS Tax Saver Fund - Direct Plan - Growth Option,Axis Mutual Fund
17-06-2016,32.27880,120503,Axis ELSS Tax Saver Fund - Direct Plan - Growth Option,Axis Mutual Fund
16-06-2016,32.22030,120503,Axis ELSS Tax Saver Fund - Direct Plan - Growth Option,Axis Mutual Fund
15-06-2016,32.38290,120503,Axis ELSS Tax Saver Fund - Direct Plan - Growth Option,Axis Mutual Fund
14-06-2016,32.12060,120503,Axis ELSS Tax Saver Fund - Direct Plan - Growth Option,Axis Mutual Fund
13-06-2016,32.05920,120503,Axis ELSS Tax Saver Fund - Direct Plan - Growth Option,Axis Mutual Fund
10-06-2016,32.24190,120503,Axis ELSS Tax Saver Fund - Direct Plan - Growth Option,Axis Mutual Fund
09-06-2016,32.33370,120503,Axis ELSS Tax Saver Fund - Direct Plan - Growth Option,Axis Mutual Fund
08-06-2016,32.50670,120503,Axis ELSS Tax Saver Fund - Direct Plan - Growth Option,Axis Mutual Fund
07-06-2016,32.50250,120503,Axis ELSS Tax Saver Fund - Direct Plan - Growth Option,Axis Mutual Fund
06-06-2016,32.36090,120503,Axis ELSS Tax Saver Fund - Direct Plan - Growth Option,Axis Mutual Fund
03-06-2016,32.35400,120503,Axis ELSS Tax Saver Fund - Direct Plan - Growth Option,Axis Mutual Fund
02-06-2016,32.44160,120503,Axis ELSS Tax Saver Fund - Direct Plan - Growth Option,Axis Mutual Fund
01-06-2016,32.40080,120503,Axis ELSS Tax Saver Fund - Direct Plan - Growth Option,Axis Mutual Fund
31-05-2016,32.24970,120503,Axis ELSS Tax Saver Fund - Direct Plan - Growth Option,Axis Mutual Fund
30-05-2016,32.35770,120503,Axis ELSS Tax Saver Fund - Direct Plan - Growth Option,Axis Mutual Fund
27-05-2016,32.22140,120503,Axis ELSS Tax Saver Fund - Direct Plan - Growth Option,Axis Mutual Fund
26-05-2016,31.84980,120503,Axis ELSS Tax Saver Fund - Direct Plan - Growth Option,Axis Mutual Fund
25-05-2016,31.34030,120503,Axis ELSS Tax Saver Fund - Direct Plan - Growth Option,Axis Mutual Fund
24-05-2016,30.78110,120503,Axis ELSS Tax Saver Fund - Direct Plan - Growth Option,Axis Mutual Fund
23-05-2016,30.93090,120503,Axis ELSS Tax Saver Fund - Direct Plan - Growth Option,Axis Mutual Fund
20-05-2016,31.00050,120503,Axis ELSS Tax Saver Fund - Direct Plan - Growth Option,Axis Mutual Fund
19-05-2016,31.06270,120503,Axis ELSS Tax Saver Fund - Direct Plan - Growth Option,Axis Mutual Fund
18-05-2016,31.37720,120503,Axis ELSS Tax Saver Fund - Direct Plan - Growth Option,Axis Mutual Fund
17-05-2016,31.47940,120503,Axis ELSS Tax Saver Fund - Direct Plan - Growth Option,Axis Mutual Fund
16-05-2016,31.34380,120503,Axis ELSS Tax Saver Fund - Direct Plan - Growth Option,Axis Mutual Fund
13-05-2016,31.16100,120503,Axis ELSS Tax Saver Fund - Direct Plan - Growth Option,Axis Mutual Fund
12-05-2016,31.39660,120503,Axis ELSS Tax Saver Fund - Direct Plan - Growth Option,Axis Mutual Fund
11-05-2016,31.20780,120503,Axis ELSS Tax Saver Fund - Direct Plan - Growth Option,Axis Mutual Fund
10-05-2016,31.21900,120503,Axis ELSS Tax Saver Fund - Direct Plan - Growth Option,Axis Mutual Fund
09-05-2016,31.12300,120503,Axis ELSS Tax Saver Fund - Direct Plan - Growth Option,Axis Mutual Fund
06-05-2016,30.75280,120503,Axis ELSS Tax Saver Fund - Direct Plan - Growth Option,Axis Mutual Fund
05-05-2016,30.81170,120503,Axis ELSS Tax Saver Fund - Direct Plan - Growth Option,Axis Mutual Fund
04-05-2016,30.69170,120503,Axis ELSS Tax Saver Fund - Direct Plan - Growth Option,Axis Mutual Fund
03-05-2016,30.79310,120503,Axis ELSS Tax Saver Fund - Direct Plan - Growth Option,Axis Mutual Fund
02-05-2016,30.99720,120503,Axis ELSS Tax Saver Fund - Direct Plan - Growth Option,Axis Mutual Fund
29-04-2016,30.95250,120503,Axis ELSS Tax Saver Fund - Direct Plan - Growth Option,Axis Mutual Fund
28-04-2016,30.82090,120503,Axis ELSS Tax Saver Fund - Direct Plan - Growth Option,Axis Mutual Fund
27-04-2016,31.20750,120503,Axis ELSS Tax Saver Fund - Direct Plan - Growth Option,Axis Mutual Fund
26-04-2016,31.15080,120503,Axis ELSS Tax Saver Fund - Direct Plan - Growth Option,Axis Mutual Fund
25-04-2016,30.73730,120503,Axis ELSS Tax Saver Fund - Direct Plan - Growth Option,Axis Mutual Fund
22-04-2016,30.96380,120503,Axis ELSS Tax Saver Fund - Direct Plan - Growth Option,Axis Mutual Fund
21-04-2016,31.05800,120503,Axis ELSS Tax Saver Fund - Direct Plan - Growth Option,Axis Mutual Fund
20-04-2016,31.16380,120503,Axis ELSS Tax Saver Fund - Direct Plan - Growth Option,Axis Mutual Fund
18-04-2016,31.11230,120503,Axis ELSS Tax Saver Fund - Direct Plan - Growth Option,Axis Mutual Fund
13-04-2016,30.94700,120503,Axis ELSS Tax Saver Fund - Direct Plan - Growth Option,Axis Mutual Fund
12-04-2016,30.46710,120503,Axis ELSS Tax Saver Fund - Direct Plan - Growth Option,Axis Mutual Fund
11-04-2016,30.20980,120503,Axis ELSS Tax Saver Fund - Direct Plan - Growth Option,Axis Mutual Fund
08-04-2016,29.94380,120503,Axis ELSS Tax Saver Fund - Direct Plan - Growth Option,Axis Mutual Fund
07-04-2016,29.87220,120503,Axis ELSS Tax Saver Fund - Direct Plan - Growth Option,Axis Mutual Fund
06-04-2016,30.05950,120503,Axis ELSS Tax Saver Fund - Direct Plan - Growth Option,Axis Mutual Fund
05-04-2016,29.96760,120503,Axis ELSS Tax Saver Fund - Direct Plan - Growth Option,Axis Mutual Fund
04-04-2016,30.35380,120503,Axis ELSS Tax Saver Fund - Direct Plan - Growth Option,Axis Mutual Fund
01-04-2016,30.31410,120503,Axis ELSS Tax Saver Fund - Direct Plan - Growth Option,Axis Mutual Fund
31-03-2016,30.34260,120503,Axis ELSS Tax Saver Fund - Direct Plan - Growth Option,Axis Mutual Fund
30-03-2016,30.20390,120503,Axis ELSS Tax Saver Fund - Direct Plan - Growth Option,Axis Mutual Fund
29-03-2016,29.85800,120503,Axis ELSS Tax Saver Fund - Direct Plan - Growth Option,Axis Mutual Fund
28-03-2016,29.90160,120503,Axis ELSS Tax Saver Fund - Direct Plan - Growth Option,Axis Mutual Fund
23-03-2016,30.26390,120503,Axis ELSS Tax Saver Fund - Direct Plan - Growth Option,Axis Mutual Fund
22-03-2016,30.25600,120503,Axis ELSS Tax Saver Fund - Direct Plan - Growth Option,Axis Mutual Fund
21-03-2016,30.19550,120503,Axis ELSS Tax Saver Fund - Direct Plan - Growth Option,Axis Mutual Fund
18-03-2016,29.67950,120503,Axis ELSS Tax Saver Fund - Direct Plan - Growth Option,Axis Mutual Fund
17-03-2016,29.45530,120503,Axis ELSS Tax Saver Fund - Direct Plan - Growth Option,Axis Mutual Fund
16-03-2016,29.37250,120503,Axis ELSS Tax Saver Fund - Direct Plan - Growth Option,Axis Mutual Fund
15-03-2016,29.37130,120503,Axis ELSS Tax Saver Fund - Direct Plan - Growth Option,Axis Mutual Fund
14-03-2016,29.73990,120503,Axis ELSS Tax Saver Fund - Direct Plan - Growth Option,Axis Mutual Fund
11-03-2016,29.64760,120503,Axis ELSS Tax Saver Fund - Direct Plan - Growth Option,Axis Mutual Fund
10-03-2016,29.58120,120503,Axis ELSS Tax Saver Fund - Direct Plan - Growth Option,Axis Mutual Fund
09-03-2016,29.57130,120503,Axis ELSS Tax Saver Fund - Direct Plan - Growth Option,Axis Mutual Fund
08-03-2016,29.53970,120503,Axis ELSS Tax Saver Fund - Direct Plan - Growth Option,Axis Mutual Fund
04-03-2016,29.56970,120503,Axis ELSS Tax Saver Fund - Direct Plan - Growth Option,Axis Mutual Fund
03-03-2016,29.56790,120503,Axis ELSS Tax Saver Fund - Direct Plan - Growth Option,Axis Mutual Fund
02-03-2016,29.20890,120503,Axis ELSS Tax Saver Fund - Direct Plan - Growth Option,Axis Mutual Fund
01-03-2016,28.77370,120503,Axis ELSS Tax Saver Fund - Direct Plan - Growth Option,Axis Mutual Fund
29-02-2016,28.13030,120503,Axis ELSS Tax Saver Fund - Direct Plan - Growth Option,Axis Mutual Fund
26-02-2016,28.07740,120503,Axis ELSS Tax Saver Fund - Direct Plan - Growth Option,Axis Mutual Fund
25-02-2016,28.05210,120503,Axis ELSS Tax Saver Fund - Direct Plan - Growth Option,Axis Mutual Fund
24-02-2016,28.24350,120503,Axis ELSS Tax Saver Fund - Direct Plan - Growth Option,Axis Mutual Fund
23-02-2016,28.63820,120503,Axis ELSS Tax Saver Fund - Direct Plan - Growth Option,Axis Mutual Fund
22-02-2016,29.00030,120503,Axis ELSS Tax Saver Fund - Direct Plan - Growth Option,Axis Mutual Fund
19-02-2016,28.89740,120503,Axis ELSS Tax Saver Fund - Direct Plan - Growth Option,Axis Mutual Fund
18-02-2016,28.89280,120503,Axis ELSS Tax Saver Fund - Direct Plan - Growth Option,Axis Mutual Fund
17-02-2016,28.69260,120503,Axis ELSS Tax Saver Fund - Direct Plan - Growth Option,Axis Mutual Fund
16-02-2016,28.51580,120503,Axis ELSS Tax Saver Fund - Direct Plan - Growth Option,Axis Mutual Fund
15-02-2016,29.01240,120503,Axis ELSS Tax Saver Fund - Direct Plan - Growth Option,Axis Mutual Fund
12-02-2016,28.54670,120503,Axis ELSS Tax Saver Fund - Direct Plan - Growth Option,Axis Mutual Fund
11-02-2016,28.67780,120503,Axis ELSS Tax Saver Fund - Direct Plan - Growth Option,Axis Mutual Fund
10-02-2016,29.63190,120503,Axis ELSS Tax Saver Fund - Direct Plan - Growth Option,Axis Mutual Fund
09-02-2016,29.87390,120503,Axis ELSS Tax Saver Fund - Direct Plan - Growth Option,Axis Mutual Fund
08-02-2016,30.29050,120503,Axis ELSS Tax Saver Fund - Direct Plan - Growth Option,Axis Mutual Fund
05-02-2016,30.51410,120503,Axis ELSS Tax Saver Fund - Direct Plan - Growth Option,Axis Mutual Fund
04-02-2016,30.15000,120503,Axis ELSS Tax Saver Fund - Direct Plan - Growth Option,Axis Mutual Fund
03-02-2016,29.96330,120503,Axis ELSS Tax Saver Fund - Direct Plan - Growth Option,Axis Mutual Fund
02-02-2016,30.22850,120503,Axis ELSS Tax Saver Fund - Direct Plan - Growth Option,Axis Mutual Fund
01-02-2016,30.66240,120503,Axis ELSS Tax Saver Fund - Direct Plan - Growth Option,Axis Mutual Fund
29-01-2016,30.62680,120503,Axis ELSS Tax Saver Fund - Direct Plan - Growth Option,Axis Mutual Fund
28-01-2016,29.98320,120503,Axis ELSS Tax Saver Fund - Direct Plan - Growth Option,Axis Mutual Fund
27-01-2016,30.10790,120503,Axis ELSS Tax Saver Fund - Direct Plan - Growth Option,Axis Mutual Fund
25-01-2016,29.98930,120503,Axis ELSS Tax Saver Fund - Direct Plan - Growth Option,Axis Mutual Fund
22-01-2016,29.75420,120503,Axis ELSS Tax Saver Fund - Direct Plan - Growth Option,Axis Mutual Fund
21-01-2016,29.21320,120503,Axis ELSS Tax Saver Fund - Direct Plan - Growth Option,Axis Mutual Fund
20-01-2016,29.32190,120503,Axis ELSS Tax Saver Fund - Direct Plan - Growth Option,Axis Mutual Fund
19-01-2016,29.61930,120503,Axis ELSS Tax Saver Fund - Direct Plan - Growth Option,Axis Mutual Fund
18-01-2016,29.35800,120503,Axis ELSS Tax Saver Fund - Direct Plan - Growth Option,Axis Mutual Fund
15-01-2016,30.00610,120503,Axis ELSS Tax Saver Fund - Direct Plan - Growth Option,Axis Mutual Fund
14-01-2016,30.41790,120503,Axis ELSS Tax Saver Fund - Direct Plan - Growth Option,Axis Mutual Fund
13-01-2016,30.65320,120503,Axis ELSS Tax Saver Fund - Direct Plan - Growth Option,Axis Mutual Fund
12-01-2016,30.66960,120503,Axis ELSS Tax Saver Fund - Direct Plan - Growth Option,Axis Mutual Fund
11-01-2016,30.89950,120503,Axis ELSS Tax Saver Fund - Direct Plan - Growth Option,Axis Mutual Fund
08-01-2016,31.11000,120503,Axis ELSS Tax Saver Fund - Direct Plan - Growth Option,Axis Mutual Fund
07-01-2016,30.93560,120503,Axis ELSS Tax Saver Fund - Direct Plan - Growth Option,Axis Mutual Fund
06-01-2016,31.43290,120503,Axis ELSS Tax Saver Fund - Direct Plan - Growth Option,Axis Mutual Fund
05-01-2016,31.42370,120503,Axis ELSS Tax Saver Fund - Direct Plan - Growth Option,Axis Mutual Fund
04-01-2016,31.48080,120503,Axis ELSS Tax Saver Fund - Direct Plan - Growth Option,Axis Mutual Fund
01-01-2016,31.91470,120503,Axis ELSS Tax Saver Fund - Direct Plan - Growth Option,Axis Mutual Fund
31-12-2015,31.74240,120503,Axis ELSS Tax Saver Fund - Direct Plan - Growth Option,Axis Mutual Fund
30-12-2015,31.56050,120503,Axis ELSS Tax Saver Fund - Direct Plan - Growth Option,Axis Mutual Fund
29-12-2015,31.64540,120503,Axis ELSS Tax Saver Fund - Direct Plan - Growth Option,Axis Mutual Fund
28-12-2015,31.52300,120503,Axis ELSS Tax Saver Fund - Direct Plan - Growth Option,Axis Mutual Fund
24-12-2015,31.32570,120503,Axis ELSS Tax Saver Fund - Direct Plan - Growth Option,Axis Mutual Fund
23-12-2015,31.29910,120503,Axis ELSS Tax Saver Fund - Direct Plan - Growth Option,Axis Mutual Fund
22-12-2015,31.05840,120503,Axis ELSS Tax Saver Fund - Direct Plan - Growth Option,Axis Mutual Fund
21-12-2015,31.06220,120503,Axis ELSS Tax Saver Fund - Direct Plan - Growth Option,Axis Mutual Fund
18-12-2015,31.08750,120503,Axis ELSS Tax Saver Fund - Direct Plan - Growth Option,Axis Mutual Fund
17-12-2015,31.26500,120503,Axis ELSS Tax Saver Fund - Direct Plan - Growth Option,Axis Mutual Fund
16-12-2015,30.80230,120503,Axis ELSS Tax Saver Fund - Direct Plan - Growth Option,Axis Mutual Fund
15-12-2015,30.64590,120503,Axis ELSS Tax Saver Fund - Direct Plan - Growth Option,Axis Mutual Fund
14-12-2015,30.40390,120503,Axis ELSS Tax Saver Fund - Direct Plan - Growth Option,Axis Mutual Fund
11-12-2015,30.28250,120503,Axis ELSS Tax Saver Fund - Direct Plan - Growth Option,Axis Mutual Fund
10-12-2015,30.54990,120503,Axis ELSS Tax Saver Fund - Direct Plan - Growth Option,Axis Mutual Fund
09-12-2015,30.37660,120503,Axis ELSS Tax Saver Fund - Direct Plan - Growth Option,Axis Mutual Fund
08-12-2015,30.67970,120503,Axis ELSS Tax Saver Fund - Direct Plan - Growth Option,Axis Mutual Fund
07-12-2015,30.86440,120503,Axis ELSS Tax Saver Fund - Direct Plan - Growth Option,Axis Mutual Fund
04-12-2015,30.78050,120503,Axis ELSS Tax Saver Fund - Direct Plan - Growth Option,Axis Mutual Fund
03-12-2015,30.98600,120503,Axis ELSS Tax Saver Fund - Direct Plan - Growth Option,Axis Mutual Fund
02-12-2015,31.14980,120503,Axis ELSS Tax Saver Fund - Direct Plan - Growth Option,Axis Mutual Fund
01-12-2015,31.27890,120503,Axis ELSS Tax Saver Fund - Direct Plan - Growth Option,Axis Mutual Fund
30-11-2015,31.19530,120503,Axis ELSS Tax Saver Fund - Direct Plan - Growth Option,Axis Mutual Fund
27-11-2015,31.23580,120503,Axis ELSS Tax Saver Fund - Direct Plan - Growth Option,Axis Mutual Fund
26-11-2015,31.01370,120503,Axis ELSS Tax Saver Fund - Direct Plan - Growth Option,Axis Mutual Fund
24-11-2015,31.01880,120503,Axis ELSS Tax Saver Fund - Direct Plan - Growth Option,Axis Mutual Fund
23-11-2015,31.15610,120503,Axis ELSS Tax Saver Fund - Direct Plan - Growth Option,Axis Mutual Fund
20-11-2015,31.26540,120503,Axis ELSS Tax Saver Fund - Direct Plan - Growth Option,Axis Mutual Fund
19-11-2015,31.15860,120503,Axis ELSS Tax Saver Fund - Direct Plan - Growth Option,Axis Mutual Fund
18-11-2015,30.68240,120503,Axis ELSS Tax Saver Fund - Direct Plan - Growth Option,Axis Mutual Fund
17-11-2015,30.78130,120503,Axis ELSS Tax Saver Fund - Direct Plan - Growth Option,Axis Mutual Fund
16-11-2015,30.56760,120503,Axis ELSS Tax Saver Fund - Direct Plan - Growth Option,Axis Mutual Fund
13-11-2015,30.59010,120503,Axis ELSS Tax Saver Fund - Direct Plan - Growth Option,Axis Mutual Fund
10-11-2015,30.58020,120503,Axis ELSS Tax Saver Fund - Direct Plan - Growth Option,Axis Mutual Fund
09-11-2015,30.95350,120503,Axis ELSS Tax Saver Fund - Direct Plan - Growth Option,Axis Mutual Fund
06-11-2015,31.06760,120503,Axis ELSS Tax Saver Fund - Direct Plan - Growth Option,Axis Mutual Fund
05-11-2015,31.22150,120503,Axis ELSS Tax Saver Fund - Direct Plan - Growth Option,Axis Mutual Fund
04-11-2015,31.71510,120503,Axis ELSS Tax Saver Fund - Direct Plan - Growth Option,Axis Mutual Fund
03-11-2015,31.87700,120503,Axis ELSS Tax Saver Fund - Direct Plan - Growth Option,Axis Mutual Fund
02-11-2015,31.86130,120503,Axis ELSS Tax Saver Fund - Direct Plan - Growth Option,Axis Mutual Fund
30-10-2015,32.01370,120503,Axis ELSS Tax Saver Fund - Direct Plan - Growth Option,Axis Mutual Fund
29-10-2015,31.93640,120503,Axis ELSS Tax Saver Fund - Direct Plan - Growth Option,Axis Mutual Fund
28-10-2015,32.11790,120503,Axis ELSS Tax Saver Fund - Direct Plan - Growth Option,Axis Mutual Fund
27-10-2015,32.20860,120503,Axis ELSS Tax Saver Fund - Direct Plan - Growth Option,Axis Mutual Fund
26-10-2015,32.19700,120503,Axis ELSS Tax Saver Fund - Direct Plan - Growth Option,Axis Mutual Fund
23-10-2015,32.30060,120503,Axis ELSS Tax Saver Fund - Direct Plan - Growth Option,Axis Mutual Fund
21-10-2015,32.28410,120503,Axis ELSS Tax Saver Fund - Direct Plan - Growth Option,Axis Mutual Fund
20-10-2015,32.39400,120503,Axis ELSS Tax Saver Fund - Direct Plan - Growth Option,Axis Mutual Fund
19-10-2015,32.20970,120503,Axis ELSS Tax Saver Fund - Direct Plan - Growth Option,Axis Mutual Fund
16-10-2015,32.16440,120503,Axis ELSS Tax Saver Fund - Direct Plan - Growth Option,Axis Mutual Fund
15-10-2015,32.01800,120503,Axis ELSS Tax Saver Fund - Direct Plan - Growth Option,Axis Mutual Fund
14-10-2015,31.95080,120503,Axis ELSS Tax Saver Fund - Direct Plan - Growth Option,Axis Mutual Fund
13-10-2015,31.91820,120503,Axis ELSS Tax Saver Fund - Direct Plan - Growth Option,Axis Mutual Fund
12-10-2015,32.00150,120503,Axis ELSS Tax Saver Fund - Direct Plan - Growth Option,Axis Mutual Fund
09-10-2015,32.06190,120503,Axis ELSS Tax Saver Fund - Direct Plan - Growth Option,Axis Mutual Fund
08-10-2015,32.01080,120503,Axis ELSS Tax Saver Fund - Direct Plan - Growth Option,Axis Mutual Fund
07-10-2015,32.13950,120503,Axis ELSS Tax Saver Fund - Direct Plan - Growth Option,Axis Mutual Fund
06-10-2015,32.07780,120503,Axis ELSS Tax Saver Fund - Direct Plan - Growth Option,Axis Mutual Fund
05-10-2015,32.08540,120503,Axis ELSS Tax Saver Fund - Direct Plan - Growth Option,Axis Mutual Fund
01-10-2015,31.67070,120503,Axis ELSS Tax Saver Fund - Direct Plan - Growth Option,Axis Mutual Fund
30-09-2015,31.66340,120503,Axis ELSS Tax Saver Fund - Direct Plan - Growth Option,Axis Mutual Fund
29-09-2015,31.50430,120503,Axis ELSS Tax Saver Fund - Direct Plan - Growth Option,Axis Mutual Fund
28-09-2015,31.41180,120503,Axis ELSS Tax Saver Fund - Direct Plan - Growth Option,Axis Mutual Fund
24-09-2015,31.64220,120503,Axis ELSS Tax Saver Fund - Direct Plan - Growth Option,Axis Mutual Fund
23-09-2015,31.46790,120503,Axis ELSS Tax Saver Fund - Direct Plan - Growth Option,Axis Mutual Fund
22-09-2015,31.33240,120503,Axis ELSS Tax Saver Fund - Direct Plan - Growth Option,Axis Mutual Fund
21-09-2015,31.85380,120503,Axis ELSS Tax Saver Fund - Direct Plan - Growth Option,Axis Mutual Fund
18-09-2015,31.77320,120503,Axis ELSS Tax Saver Fund - Direct Plan - Growth Option,Axis Mutual Fund
16-09-2015,31.32230,120503,Axis ELSS Tax Saver Fund - Direct Plan - Growth Option,Axis Mutual Fund
15-09-2015,31.27330,120503,Axis ELSS Tax Saver Fund - Direct Plan - Growth Option,Axis Mutual Fund
14-09-2015,31.35150,120503,Axis ELSS Tax Saver Fund - Direct Plan - Growth Option,Axis Mutual Fund
11-09-2015,31.14770,120503,Axis ELSS Tax Saver Fund - Direct Plan - Growth Option,Axis Mutual Fund
10-09-2015,31.15560,120503,Axis ELSS Tax Saver Fund - Direct Plan - Growth Option,Axis Mutual Fund
09-09-2015,31.16320,120503,Axis ELSS Tax Saver Fund - Direct Plan - Growth Option,Axis Mutual Fund
08-09-2015,30.68460,120503,Axis ELSS Tax Saver Fund - Direct Plan - Growth Option,Axis Mutual Fund
07-09-2015,30.50630,120503,Axis ELSS Tax Saver Fund - Direct Plan - Growth Option,Axis Mutual Fund
04-09-2015,30.91800,120503,Axis ELSS Tax Saver Fund - Direct Plan - Growth Option,Axis Mutual Fund
03-09-2015,31.53280,120503,Axis ELSS Tax Saver Fund - Direct Plan - Growth Option,Axis Mutual Fund
02-09-2015,31.19150,120503,Axis ELSS Tax Saver Fund - Direct Plan - Growth Option,Axis Mutual Fund
01-09-2015,31.17410,120503,Axis ELSS Tax Saver Fund - Direct Plan - Growth Option,Axis Mutual Fund
31-08-2015,31.79040,120503,Axis ELSS Tax Saver Fund - Direct Plan - Growth Option,Axis Mutual Fund
28-08-2015,31.88360,120503,Axis ELSS Tax Saver Fund - Direct Plan - Growth Option,Axis Mutual Fund
27-08-2015,31.82710,120503,Axis ELSS Tax Saver Fund - Direct Plan - Growth Option,Axis Mutual Fund
26-08-2015,31.02870,120503,Axis ELSS Tax Saver Fund - Direct Plan - Growth Option,Axis Mutual Fund
25-08-2015,31.32890,120503,Axis ELSS Tax Saver Fund - Direct Plan - Growth Option,Axis Mutual Fund
24-08-2015,31.22140,120503,Axis ELSS Tax Saver Fund - Direct Plan - Growth Option,Axis Mutual Fund
21-08-2015,33.25790,120503,Axis ELSS Tax Saver Fund - Direct Plan - Growth Option,Axis Mutual Fund
20-08-2015,33.49630,120503,Axis ELSS Tax Saver Fund - Direct Plan - Growth Option,Axis Mutual Fund
19-08-2015,33.91520,120503,Axis ELSS Tax Saver Fund - Direct Plan - Growth Option,Axis Mutual Fund
18-08-2015,33.64600,120503,Axis ELSS Tax Saver Fund - Direct Plan - Growth Option,Axis Mutual Fund
17-08-2015,33.55120,120503,Axis ELSS Tax Saver Fund - Direct Plan - Growth Option,Axis Mutual Fund
14-08-2015,33.50720,120503,Axis ELSS Tax Saver Fund - Direct Plan - Growth Option,Axis Mutual Fund
13-08-2015,32.88640,120503,Axis ELSS Tax Saver Fund - Direct Plan - Growth Option,Axis Mutual Fund
12-08-2015,32.84220,120503,Axis ELSS Tax Saver Fund - Direct Plan - Growth Option,Axis Mutual Fund
11-08-2015,33.23140,120503,Axis ELSS Tax Saver Fund - Direct Plan - Growth Option,Axis Mutual Fund
10-08-2015,33.32640,120503,Axis ELSS Tax Saver Fund - Direct Plan - Growth Option,Axis Mutual Fund
07-08-2015,33.41990,120503,Axis ELSS Tax Saver Fund - Direct Plan - Growth Option,Axis Mutual Fund
06-08-2015,33.37430,120503,Axis ELSS Tax Saver Fund - Direct Plan - Growth Option,Axis Mutual Fund
05-08-2015,33.25220,120503,Axis ELSS Tax Saver Fund - Direct Plan - Growth Option,Axis Mutual Fund
04-08-2015,32.81230,120503,Axis ELSS Tax Saver Fund - Direct Plan - Growth Option,Axis Mutual Fund
03-08-2015,32.46810,120503,Axis ELSS Tax Saver Fund - Direct Plan - Growth Option,Axis Mutual Fund
31-07-2015,32.46700,120503,Axis ELSS Tax Saver Fund - Direct Plan - Growth Option,Axis Mutual Fund
30-07-2015,32.34040,120503,Axis ELSS Tax Saver Fund - Direct Plan - Growth Option,Axis Mutual Fund
29-07-2015,32.21030,120503,Axis ELSS Tax Saver Fund - Direct Plan - Growth Option,Axis Mutual Fund
28-07-2015,31.92810,120503,Axis ELSS Tax Saver Fund - Direct Plan - Growth Option,Axis Mutual Fund
27-07-2015,31.92800,120503,Axis ELSS Tax Saver Fund - Direct Plan - Growth Option,Axis Mutual Fund
24-07-2015,32.32350,120503,Axis ELSS Tax Saver Fund - Direct Plan - Growth Option,Axis Mutual Fund
23-07-2015,32.33570,120503,Axis ELSS Tax Saver Fund - Direct Plan - Growth Option,Axis Mutual Fund
22-07-2015,32.49320,120503,Axis ELSS Tax Saver Fund - Direct Plan - Growth Option,Axis Mutual Fund
21-07-2015,32.30620,120503,Axis ELSS Tax Saver Fund - Direct Plan - Growth Option,Axis Mutual Fund
20-07-2015,32.80680,120503,Axis ELSS Tax Saver Fund - Direct Plan - Growth Option,Axis Mutual Fund
17-07-2015,32.77460,120503,Axis ELSS Tax Saver Fund - Direct Plan - Growth Option,Axis Mutual Fund
16-07-2015,32.75100,120503,Axis ELSS Tax Saver Fund - Direct Plan - Growth Option,Axis Mutual Fund
15-07-2015,32.38620,120503,Axis ELSS Tax Saver Fund - Direct Plan - Growth Option,Axis Mutual Fund
14-07-2015,32.13180,120503,Axis ELSS Tax Saver Fund - Direct Plan - Growth Option,Axis Mutual Fund
13-07-2015,32.18290,120503,Axis ELSS Tax Saver Fund - Direct Plan - Growth Option,Axis Mutual Fund
10-07-2015,31.81180,120503,Axis ELSS Tax Saver Fund - Direct Plan - Growth Option,Axis Mutual Fund
09-07-2015,31.66630,120503,Axis ELSS Tax Saver Fund - Direct Plan - Growth Option,Axis Mutual Fund
08-07-2015,31.78190,120503,Axis ELSS Tax Saver Fund - Direct Plan - Growth Option,Axis Mutual Fund
07-07-2015,32.19240,120503,Axis ELSS Tax Saver Fund - Direct Plan - Growth Option,Axis Mutual Fund
06-07-2015,32.10550,120503,Axis ELSS Tax Saver Fund - Direct Plan - Growth Option,Axis Mutual Fund
03-07-2015,32.01960,120503,Axis ELSS Tax Saver Fund - Direct Plan - Growth Option,Axis Mutual Fund
02-07-2015,32.01660,120503,Axis ELSS Tax Saver Fund - Direct Plan - Growth Option,Axis Mutual Fund
01-07-2015,31.93870,120503,Axis ELSS Tax Saver Fund - Direct Plan - Growth Option,Axis Mutual Fund
30-06-2015,31.65040,120503,Axis ELSS Tax Saver Fund - Direct Plan - Growth Option,Axis Mutual Fund
29-06-2015,31.42680,120503,Axis ELSS Tax Saver Fund - Direct Plan - Growth Option,Axis Mutual Fund
26-06-2015,31.79730,120503,Axis ELSS Tax Saver Fund - Direct Plan - Growth Option,Axis Mutual Fund
25-06-2015,31.79980,120503,Axis ELSS Tax Saver Fund - Direct Plan - Growth Option,Axis Mutual Fund
24-06-2015,31.61010,120503,Axis ELSS Tax Saver Fund - Direct Plan - Growth Option,Axis Mutual Fund
23-06-2015,31.66850,120503,Axis ELSS Tax Saver Fund - Direct Plan - Growth Option,Axis Mutual Fund
22-06-2015,31.54460,120503,Axis ELSS Tax Saver Fund - Direct Plan - Growth Option,Axis Mutual Fund
19-06-2015,31.14880,120503,Axis ELSS Tax Saver Fund - Direct Plan - Growth Option,Axis Mutual Fund
18-06-2015,31.00280,120503,Axis ELSS Tax Saver Fund - Direct Plan - Growth Option,Axis Mutual Fund
17-06-2015,30.58070,120503,Axis ELSS Tax Saver Fund - Direct Plan - Growth Option,Axis Mutual Fund
16-06-2015,30.28840,120503,Axis ELSS Tax Saver Fund - Direct Plan - Growth Option,Axis Mutual Fund
15-06-2015,30.20650,120503,Axis ELSS Tax Saver Fund - Direct Plan - Growth Option,Axis Mutual Fund
12-06-2015,30.09240,120503,Axis ELSS Tax Saver Fund - Direct Plan - Growth Option,Axis Mutual Fund
11-06-2015,30.22490,120503,Axis ELSS Tax Saver Fund - Direct Plan - Growth Option,Axis Mutual Fund
10-06-2015,30.68970,120503,Axis ELSS Tax Saver Fund - Direct Plan - Growth Option,Axis Mutual Fund
09-06-2015,30.29000,120503,Axis ELSS Tax Saver Fund - Direct Plan - Growth Option,Axis Mutual Fund
08-06-2015,30.42780,120503,Axis ELSS Tax Saver Fund - Direct Plan - Growth Option,Axis Mutual Fund
05-06-2015,30.77980,120503,Axis ELSS Tax Saver Fund - Direct Plan - Growth Option,Axis Mutual Fund
04-06-2015,30.81500,120503,Axis ELSS Tax Saver Fund - Direct Plan - Growth Option,Axis Mutual Fund
03-06-2015,30.75760,120503,Axis ELSS Tax Saver Fund - Direct Plan - Growth Option,Axis Mutual Fund
02-06-2015,31.11660,120503,Axis ELSS Tax Saver Fund - Direct Plan - Growth Option,Axis Mutual Fund
01-06-2015,31.65860,120503,Axis ELSS Tax Saver Fund - Direct Plan - Growth Option,Axis Mutual Fund
29-05-2015,31.84160,120503,Axis ELSS Tax Saver Fund - Direct Plan - Growth Option,Axis Mutual Fund
28-05-2015,31.36620,120503,Axis ELSS Tax Saver Fund - Direct Plan - Growth Option,Axis Mutual Fund
27-05-2015,31.47930,120503,Axis ELSS Tax Saver Fund - Direct Plan - Growth Option,Axis Mutual Fund
26-05-2015,31.71680,120503,Axis ELSS Tax Saver Fund - Direct Plan - Growth Option,Axis Mutual Fund
25-05-2015,31.92210,120503,Axis ELSS Tax Saver Fund - Direct Plan - Growth Option,Axis Mutual Fund
22-05-2015,32.09020,120503,Axis ELSS Tax Saver Fund - Direct Plan - Growth Option,Axis Mutual Fund
21-05-2015,31.91790,120503,Axis ELSS Tax Saver Fund - Direct Plan - Growth Option,Axis Mutual Fund
20-05-2015,31.86500,120503,Axis ELSS Tax Saver Fund - Direct Plan - Growth Option,Axis Mutual Fund
19-05-2015,31.69870,120503,Axis ELSS Tax Saver Fund - Direct Plan - Growth Option,Axis Mutual Fund
18-05-2015,31.71150,120503,Axis ELSS Tax Saver Fund - Direct Plan - Growth Option,Axis Mutual Fund
15-05-2015,31.47030,120503,Axis ELSS Tax Saver Fund - Direct Plan - Growth Option,Axis Mutual Fund
14-05-2015,31.19690,120503,Axis ELSS Tax Saver Fund - Direct Plan - Growth Option,Axis Mutual Fund
13-05-2015,31.12840,120503,Axis ELSS Tax Saver Fund - Direct Plan - Growth Option,Axis Mutual Fund
12-05-2015,30.73200,120503,Axis ELSS Tax Saver Fund - Direct Plan - Growth Option,Axis Mutual Fund
11-05-2015,31.22580,120503,Axis ELSS Tax Saver Fund - Direct Plan - Growth Option,Axis Mutual Fund
08-05-2015,30.70780,120503,Axis ELSS Tax Saver Fund - Direct Plan - Growth Option,Axis Mutual Fund
07-05-2015,30.17060,120503,Axis ELSS Tax Saver Fund - Direct Plan - Growth Option,Axis Mutual Fund
06-05-2015,30.49400,120503,Axis ELSS Tax Saver Fund - Direct Plan - Growth Option,Axis Mutual Fund
05-05-2015,31.32280,120503,Axis ELSS Tax Saver Fund - Direct Plan - Growth Option,Axis Mutual Fund
04-05-2015,31.23590,120503,Axis ELSS Tax Saver Fund - Direct Plan - Growth Option,Axis Mutual Fund
30-04-2015,30.89660,120503,Axis ELSS Tax Saver Fund - Direct Plan - Growth Option,Axis Mutual Fund
29-04-2015,30.82900,120503,Axis ELSS Tax Saver Fund - Direct Plan - Growth Option,Axis Mutual Fund
28-04-2015,30.63720,120503,Axis ELSS Tax Saver Fund - Direct Plan - Growth Option,Axis Mutual Fund
27-04-2015,30.38030,120503,Axis ELSS Tax Saver Fund - Direct Plan - Growth Option,Axis Mutual Fund
24-04-2015,30.86480,120503,Axis ELSS Tax Saver Fund - Direct Plan - Growth Option,Axis Mutual Fund
23-04-2015,31.47370,120503,Axis ELSS Tax Saver Fund - Direct Plan - Growth Option,Axis Mutual Fund
22-04-2015,31.51420,120503,Axis ELSS Tax Saver Fund - Direct Plan - Growth Option,Axis Mutual Fund
21-04-2015,31.50930,120503,Axis ELSS Tax Saver Fund - Direct Plan - Growth Option,Axis Mutual Fund
20-04-2015,31.87380,120503,Axis ELSS Tax Saver Fund - Direct Plan - Growth Option,Axis Mutual Fund
17-04-2015,32.30580,120503,Axis ELSS Tax Saver Fund - Direct Plan - Growth Option,Axis Mutual Fund
16-04-2015,32.82640,120503,Axis ELSS Tax Saver Fund - Direct Plan - Growth Option,Axis Mutual Fund
15-04-2015,33.05150,120503,Axis ELSS Tax Saver Fund - Direct Plan - Growth Option,Axis Mutual Fund
13-04-2015,33.28230,120503,Axis ELSS Tax Saver Fund - Direct Plan - Growth Option,Axis Mutual Fund
10-04-2015,33.13600,120503,Axis ELSS Tax Saver Fund - Direct Plan - Growth Option,Axis Mutual Fund
09-04-2015,33.19820,120503,Axis ELSS Tax Saver Fund - Direct Plan - Growth Option,Axis Mutual Fund
08-04-2015,32.92730,120503,Axis ELSS Tax Saver Fund - Direct Plan - Growth Option,Axis Mutual Fund
07-04-2015,32.68570,120503,Axis ELSS Tax Saver Fund - Direct Plan - Growth Option,Axis Mutual Fund
06-04-2015,32.68690,120503,Axis ELSS Tax Saver Fund - Direct Plan - Growth Option,Axis Mutual Fund
01-04-2015,32.33010,120503,Axis ELSS Tax Saver Fund - Direct Plan - Growth Option,Axis Mutual Fund
31-03-2015,31.94630,120503,Axis ELSS Tax Saver Fund - Direct Plan - Growth Option,Axis Mutual Fund
30-03-2015,31.90600,120503,Axis ELSS Tax Saver Fund - Direct Plan - Growth Option,Axis Mutual Fund
27-03-2015,31.41440,120503,Axis ELSS Tax Saver Fund - Direct Plan - Growth Option,Axis Mutual Fund
26-03-2015,31.38850,120503,Axis ELSS Tax Saver Fund - Direct Plan - Growth Option,Axis Mutual Fund
25-03-2015,31.88630,120503,Axis ELSS Tax Saver Fund - Direct Plan - Growth Option,Axis Mutual Fund
24-03-2015,32.16880,120503,Axis ELSS Tax Saver Fund - Direct Plan - Growth Option,Axis Mutual Fund
23-03-2015,32.22280,120503,Axis ELSS Tax Saver Fund - Direct Plan - Growth Option,Axis Mutual Fund
20-03-2015,32.36910,120503,Axis ELSS Tax Saver Fund - Direct Plan - Growth Option,Axis Mutual Fund
19-03-2015,32.48660,120503,Axis ELSS Tax Saver Fund - Direct Plan - Growth Option,Axis Mutual Fund
18-03-2015,32.55530,120503,Axis ELSS Tax Saver Fund - Direct Plan - Growth Option,Axis Mutual Fund
17-03-2015,32.58960,120503,Axis ELSS Tax Saver Fund - Direct Plan - Growth Option,Axis Mutual Fund
16-03-2015,32.20820,120503,Axis ELSS Tax Saver Fund - Direct Plan - Growth Option,Axis Mutual Fund
13-03-2015,32.30250,120503,Axis ELSS Tax Saver Fund - Direct Plan - Growth Option,Axis Mutual Fund
12-03-2015,32.69530,120503,Axis ELSS Tax Saver Fund - Direct Plan - Growth Option,Axis Mutual Fund
11-03-2015,32.42260,120503,Axis ELSS Tax Saver Fund - Direct Plan - Growth Option,Axis Mutual Fund
10-03-2015,32.43920,120503,Axis ELSS Tax Saver Fund - Direct Plan - Growth Option,Axis Mutual Fund
09-03-2015,32.65330,120503,Axis ELSS Tax Saver Fund - Direct Plan - Growth Option,Axis Mutual Fund
05-03-2015,33.09070,120503,Axis ELSS Tax Saver Fund - Direct Plan - Growth Option,Axis Mutual Fund
04-03-2015,32.68890,120503,Axis ELSS Tax Saver Fund - Direct Plan - Growth Option,Axis Mutual Fund
03-03-2015,32.75110,120503,Axis ELSS Tax Saver Fund - Direct Plan - Growth Option,Axis Mutual Fund
02-03-2015,32.33200,120503,Axis ELSS Tax Saver Fund - Direct Plan - Growth Option,Axis Mutual Fund
27-02-2015,31.61000,120503,Axis ELSS Tax Saver Fund - Direct Plan - Growth Option,Axis Mutual Fund
26-02-2015,31.14190,120503,Axis ELSS Tax Saver Fund - Direct Plan - Growth Option,Axis Mutual Fund
25-02-2015,31.52830,120503,Axis ELSS Tax Saver Fund - Direct Plan - Growth Option,Axis Mutual Fund
24-02-2015,31.67260,120503,Axis ELSS Tax Saver Fund - Direct Plan - Growth Option,Axis Mutual Fund
23-02-2015,31.64490,120503,Axis ELSS Tax Saver Fund - Direct Plan - Growth Option,Axis Mutual Fund
20-02-2015,31.78860,120503,Axis ELSS Tax Saver Fund - Direct Plan - Growth Option,Axis Mutual Fund
19-02-2015,31.95220,120503,Axis ELSS Tax Saver Fund - Direct Plan - Growth Option,Axis Mutual Fund
18-02-2015,31.89780,120503,Axis ELSS Tax Saver Fund - Direct Plan - Growth Option,Axis Mutual Fund
16-02-2015,31.44580,120503,Axis ELSS Tax Saver Fund - Direct Plan - Growth Option,Axis Mutual Fund
13-02-2015,31.41800,120503,Axis ELSS Tax Saver Fund - Direct Plan - Growth Option,Axis Mutual Fund
12-02-2015,31.10780,120503,Axis ELSS Tax Saver Fund - Direct Plan - Growth Option,Axis Mutual Fund
11-02-2015,30.77710,120503,Axis ELSS Tax Saver Fund - Direct Plan - Growth Option,Axis Mutual Fund
10-02-2015,30.33350,120503,Axis ELSS Tax Saver Fund - Direct Plan - Growth Option,Axis Mutual Fund
09-02-2015,30.23650,120503,Axis ELSS Tax Saver Fund - Direct Plan - Growth Option,Axis Mutual Fund
06-02-2015,30.57130,120503,Axis ELSS Tax Saver Fund - Direct Plan - Growth Option,Axis Mutual Fund
05-02-2015,30.88050,120503,Axis ELSS Tax Saver Fund - Direct Plan - Growth Option,Axis Mutual Fund
04-02-2015,30.88190,120503,Axis ELSS Tax Saver Fund - Direct Plan - Growth Option,Axis Mutual Fund
03-02-2015,31.12230,120503,Axis ELSS Tax Saver Fund - Direct Plan - Growth Option,Axis Mutual Fund
02-02-2015,31.32090,120503,Axis ELSS Tax Saver Fund - Direct Plan - Growth Option,Axis Mutual Fund
30-01-2015,31.25530,120503,Axis ELSS Tax Saver Fund - Direct Plan - Growth Option,Axis Mutual Fund
29-01-2015,31.56770,120503,Axis ELSS Tax Saver Fund - Direct Plan - Growth Option,Axis Mutual Fund
28-01-2015,31.67080,120503,Axis ELSS Tax Saver Fund - Direct Plan - Growth Option,Axis Mutual Fund
27-01-2015,31.70960,120503,Axis ELSS Tax Saver Fund - Direct Plan - Growth Option,Axis Mutual Fund
23-01-2015,31.29090,120503,Axis ELSS Tax Saver Fund - Direct Plan - Growth Option,Axis Mutual Fund
22-01-2015,31.15370,120503,Axis ELSS Tax Saver Fund - Direct Plan - Growth Option,Axis Mutual Fund
21-01-2015,31.12530,120503,Axis ELSS Tax Saver Fund - Direct Plan - Growth Option,Axis Mutual Fund
20-01-2015,31.08590,120503,Axis ELSS Tax Saver Fund - Direct Plan - Growth Option,Axis Mutual Fund
19-01-2015,30.95490,120503,Axis ELSS Tax Saver Fund - Direct Plan - Growth Option,Axis Mutual Fund
16-01-2015,30.81470,120503,Axis ELSS Tax Saver Fund - Direct Plan - Growth Option,Axis Mutual Fund
15-01-2015,30.61780,120503,Axis ELSS Tax Saver Fund - Direct Plan - Growth Option,Axis Mutual Fund
14-01-2015,30.18170,120503,Axis ELSS Tax Saver Fund - Direct Plan - Growth Option,Axis Mutual Fund
13-01-2015,30.05810,120503,Axis ELSS Tax Saver Fund - Direct Plan - Growth Option,Axis Mutual Fund
12-01-2015,30.03420,120503,Axis ELSS Tax Saver Fund - Direct Plan - Growth Option,Axis Mutual Fund
09-01-2015,29.82060,120503,Axis ELSS Tax Saver Fund - Direct Plan - Growth Option,Axis Mutual Fund
08-01-2015,29.70280,120503,Axis ELSS Tax Saver Fund - Direct Plan - Growth Option,Axis Mutual Fund
07-01-2015,29.27480,120503,Axis ELSS Tax Saver Fund - Direct Plan - Growth Option,Axis Mutual Fund
06-01-2015,29.26770,120503,Axis ELSS Tax Saver Fund - Direct Plan - Growth Option,Axis Mutual Fund
05-01-2015,29.98410,120503,Axis ELSS Tax Saver Fund - Direct Plan - Growth Option,Axis Mutual Fund
02-01-2015,29.98720,120503,Axis ELSS Tax Saver Fund - Direct Plan - Growth Option,Axis Mutual Fund
01-01-2015,29.57610,120503,Axis ELSS Tax Saver Fund - Direct Plan - Growth Option,Axis Mutual Fund
31-12-2014,29.42760,120503,Axis ELSS Tax Saver Fund - Direct Plan - Growth Option,Axis Mutual Fund
30-12-2014,29.19870,120503,Axis ELSS Tax Saver Fund - Direct Plan - Growth Option,Axis Mutual Fund
29-12-2014,29.08450,120503,Axis ELSS Tax Saver Fund - Direct Plan - Growth Option,Axis Mutual Fund
26-12-2014,28.83590,120503,Axis ELSS Tax Saver Fund - Direct Plan - Growth Option,Axis Mutual Fund
24-12-2014,28.70470,120503,Axis ELSS Tax Saver Fund - Direct Plan - Growth Option,Axis Mutual Fund
23-12-2014,28.92680,120503,Axis ELSS Tax Saver Fund - Direct Plan - Growth Option,Axis Mutual Fund
22-12-2014,29.01770,120503,Axis ELSS Tax Saver Fund - Direct Plan - Growth Option,Axis Mutual Fund
19-12-2014,28.79400,120503,Axis ELSS Tax Saver Fund - Direct Plan - Growth Option,Axis Mutual Fund
18-12-2014,28.65290,120503,Axis ELSS Tax Saver Fund - Direct Plan - Growth Option,Axis Mutual Fund
17-12-2014,27.99850,120503,Axis ELSS Tax Saver Fund - Direct Plan - Growth Option,Axis Mutual Fund
16-12-2014,28.15710,120503,Axis ELSS Tax Saver Fund - Direct Plan - Growth Option,Axis Mutual Fund
15-12-2014,28.66020,120503,Axis ELSS Tax Saver Fund - Direct Plan - Growth Option,Axis Mutual Fund
12-12-2014,28.69580,120503,Axis ELSS Tax Saver Fund - Direct Plan - Growth Option,Axis Mutual Fund
11-12-2014,28.90820,120503,Axis ELSS Tax Saver Fund - Direct Plan - Growth Option,Axis Mutual Fund
10-12-2014,28.88660,120503,Axis ELSS Tax Saver Fund - Direct Plan - Growth Option,Axis Mutual Fund
09-12-2014,28.88650,120503,Axis ELSS Tax Saver Fund - Direct Plan - Growth Option,Axis Mutual Fund
08-12-2014,29.18790,120503,Axis ELSS Tax Saver Fund - Direct Plan - Growth Option,Axis Mutual Fund
05-12-2014,29.33890,120503,Axis ELSS Tax Saver Fund - Direct Plan - Growth Option,Axis Mutual Fund
04-12-2014,29.39110,120503,Axis ELSS Tax Saver Fund - Direct Plan - Growth Option,Axis Mutual Fund
03-12-2014,29.24350,120503,Axis ELSS Tax Saver Fund - Direct Plan - Growth Option,Axis Mutual Fund
02-12-2014,29.03150,120503,Axis ELSS Tax Saver Fund - Direct Plan - Growth Option,Axis Mutual Fund
01-12-2014,28.98300,120503,Axis ELSS Tax Saver Fund - Direct Plan - Growth Option,Axis Mutual Fund
28-11-2014,29.03110,120503,Axis ELSS Tax Saver Fund - Direct Plan - Growth Option,Axis Mutual Fund
27-11-2014,28.70320,120503,Axis ELSS Tax Saver Fund - Direct Plan - Growth Option,Axis Mutual Fund
26-11-2014,28.71610,120503,Axis ELSS Tax Saver Fund - Direct Plan - Growth Option,Axis Mutual Fund
25-11-2014,28.70350,120503,Axis ELSS Tax Saver Fund - Direct Plan - Growth Option,Axis Mutual Fund
24-11-2014,29.02430,120503,Axis ELSS Tax Saver Fund - Direct Plan - Growth Option,Axis Mutual Fund
21-11-2014,28.98010,120503,Axis ELSS Tax Saver Fund - Direct Plan - Growth Option,Axis Mutual Fund
20-11-2014,28.81980,120503,Axis ELSS Tax Saver Fund - Direct Plan - Growth Option,Axis Mutual Fund
19-11-2014,28.73730,120503,Axis ELSS Tax Saver Fund - Direct Plan - Growth Option,Axis Mutual Fund
18-11-2014,28.71000,120503,Axis ELSS Tax Saver Fund - Direct Plan - Growth Option,Axis Mutual Fund
17-11-2014,28.61390,120503,Axis ELSS Tax Saver Fund - Direct Plan - Growth Option,Axis Mutual Fund
14-11-2014,28.49320,120503,Axis ELSS Tax Saver Fund - Direct Plan - Growth Option,Axis Mutual Fund
13-11-2014,28.34920,120503,Axis ELSS Tax Saver Fund - Direct Plan - Growth Option,Axis Mutual Fund
12-11-2014,28.31930,120503,Axis ELSS Tax Saver Fund - Direct Plan - Growth Option,Axis Mutual Fund
11-11-2014,28.23910,120503,Axis ELSS Tax Saver Fund - Direct Plan - Growth Option,Axis Mutual Fund
10-11-2014,28.00420,120503,Axis ELSS Tax Saver Fund - Direct Plan - Growth Option,Axis Mutual Fund
07-11-2014,28.00490,120503,Axis ELSS Tax Saver Fund - Direct Plan - Growth Option,Axis Mutual Fund
05-11-2014,27.88470,120503,Axis ELSS Tax Saver Fund - Direct Plan - Growth Option,Axis Mutual Fund
03-11-2014,27.77220,120503,Axis ELSS Tax Saver Fund - Direct Plan - Growth Option,Axis Mutual Fund
31-10-2014,27.70750,120503,Axis ELSS Tax Saver Fund - Direct Plan - Growth Option,Axis Mutual Fund
30-10-2014,27.29170,120503,Axis ELSS Tax Saver Fund - Direct Plan - Growth Option,Axis Mutual Fund
29-10-2014,27.05440,120503,Axis ELSS Tax Saver Fund - Direct Plan - Growth Option,Axis Mutual Fund
28-10-2014,26.97100,120503,Axis ELSS Tax Saver Fund - Direct Plan - Growth Option,Axis Mutual Fund
27-10-2014,26.80940,120503,Axis ELSS Tax Saver Fund - Direct Plan - Growth Option,Axis Mutual Fund
22-10-2014,26.56010,120503,Axis ELSS Tax Saver Fund - Direct Plan - Growth Option,Axis Mutual Fund
21-10-2014,26.20670,120503,Axis ELSS Tax Saver Fund - Direct Plan - Growth Option,Axis Mutual Fund
20-10-2014,25.90580,120503,Axis ELSS Tax Saver Fund - Direct Plan - Growth Option,Axis Mutual Fund
17-10-2014,25.54070,120503,Axis ELSS Tax Saver Fund - Direct Plan - Growth Option,Axis Mutual Fund
16-10-2014,25.54400,120503,Axis ELSS Tax Saver Fund - Direct Plan - Growth Option,Axis Mutual Fund
14-10-2014,26.02960,120503,Axis ELSS Tax Saver Fund - Direct Plan - Growth Option,Axis Mutual Fund
13-10-2014,26.13950,120503,Axis ELSS Tax Saver Fund - Direct Plan - Growth Option,Axis Mutual Fund
10-10-2014,25.93560,120503,Axis ELSS Tax Saver Fund - Direct Plan - Growth Option,Axis Mutual Fund
09-10-2014,26.36470,120503,Axis ELSS Tax Saver Fund - Direct Plan - Growth Option,Axis Mutual Fund
08-10-2014,26.01090,120503,Axis ELSS Tax Saver Fund - Direct Plan - Growth Option,Axis Mutual Fund
07-10-2014,26.13570,120503,Axis ELSS Tax Saver Fund - Direct Plan - Growth Option,Axis Mutual Fund
01-10-2014,26.42620,120503,Axis ELSS Tax Saver Fund - Direct Plan - Growth Option,Axis Mutual Fund
30-09-2014,26.50270,120503,Axis ELSS Tax Saver Fund - Direct Plan - Growth Option,Axis Mutual Fund
29-09-2014,26.35270,120503,Axis ELSS Tax Saver Fund - Direct Plan - Growth Option,Axis Mutual Fund
26-09-2014,26.19730,120503,Axis ELSS Tax Saver Fund - Direct Plan - Growth Option,Axis Mutual Fund
25-09-2014,26.04410,120503,Axis ELSS Tax Saver Fund - Direct Plan - Growth Option,Axis Mutual Fund
24-09-2014,26.32010,120503,Axis ELSS Tax Saver Fund - Direct Plan - Growth Option,Axis Mutual Fund
23-09-2014,26.48860,120503,Axis ELSS Tax Saver Fund - Direct Plan - Growth Option,Axis Mutual Fund
22-09-2014,26.85720,120503,Axis ELSS Tax Saver Fund - Direct Plan - Growth Option,Axis Mutual Fund
19-09-2014,26.94570,120503,Axis ELSS Tax Saver Fund - Direct Plan - Growth Option,Axis Mutual Fund
18-09-2014,26.74140,120503,Axis ELSS Tax Saver Fund - Direct Plan - Growth Option,Axis Mutual Fund
17-09-2014,26.30400,120503,Axis ELSS Tax Saver Fund - Direct Plan - Growth Option,Axis Mutual Fund
16-09-2014,26.28750,120503,Axis ELSS Tax Saver Fund - Direct Plan - Growth Option,Axis Mutual Fund
15-09-2014,26.93390,120503,Axis ELSS Tax Saver Fund - Direct Plan - Growth Option,Axis Mutual Fund
12-09-2014,27.02590,120503,Axis ELSS Tax Saver Fund - Direct Plan - Growth Option,Axis Mutual Fund
11-09-2014,26.95130,120503,Axis ELSS Tax Saver Fund - Direct Plan - Growth Option,Axis Mutual Fund
10-09-2014,26.69550,120503,Axis ELSS Tax Saver Fund - Direct Plan - Growth Option,Axis Mutual Fund
09-09-2014,26.71980,120503,Axis ELSS Tax Saver Fund - Direct Plan - Growth Option,Axis Mutual Fund
08-09-2014,26.67560,120503,Axis ELSS Tax Saver Fund - Direct Plan - Growth Option,Axis Mutual Fund
05-09-2014,26.36540,120503,Axis ELSS Tax Saver Fund - Direct Plan - Growth Option,Axis Mutual Fund
04-09-2014,26.32660,120503,Axis ELSS Tax Saver Fund - Direct Plan - Growth Option,Axis Mutual Fund
03-09-2014,26.29960,120503,Axis ELSS Tax Saver Fund - Direct Plan - Growth Option,Axis Mutual Fund
02-09-2014,26.11270,120503,Axis ELSS Tax Saver Fund - Direct Plan - Growth Option,Axis Mutual Fund
01-09-2014,25.85670,120503,Axis ELSS Tax Saver Fund - Direct Plan - Growth Option,Axis Mutual Fund
28-08-2014,25.64270,120503,Axis ELSS Tax Saver Fund - Direct Plan - Growth Option,Axis Mutual Fund
27-08-2014,25.64230,120503,Axis ELSS Tax Saver Fund - Direct Plan - Growth Option,Axis Mutual Fund
26-08-2014,25.48980,120503,Axis ELSS Tax Saver Fund - Direct Plan - Growth Option,Axis Mutual Fund
25-08-2014,25.50330,120503,Axis ELSS Tax Saver Fund - Direct Plan - Growth Option,Axis Mutual Fund
22-08-2014,25.36970,120503,Axis ELSS Tax Saver Fund - Direct Plan - Growth Option,Axis Mutual Fund
21-08-2014,25.26490,120503,Axis ELSS Tax Saver Fund - Direct Plan - Growth Option,Axis Mutual Fund
20-08-2014,25.11070,120503,Axis ELSS Tax Saver Fund - Direct Plan - Growth Option,Axis Mutual Fund
19-08-2014,25.03090,120503,Axis ELSS Tax Saver Fund - Direct Plan - Growth Option,Axis Mutual Fund
18-08-2014,24.75530,120503,Axis ELSS Tax Saver Fund - Direct Plan - Growth Option,Axis Mutual Fund
14-08-2014,24.51980,120503,Axis ELSS Tax Saver Fund - Direct Plan - Growth Option,Axis Mutual Fund
13-08-2014,24.38640,120503,Axis ELSS Tax Saver Fund - Direct Plan - Growth Option,Axis Mutual Fund
12-08-2014,24.33870,120503,Axis ELSS Tax Saver Fund - Direct Plan - Growth Option,Axis Mutual Fund
11-08-2014,24.08080,120503,Axis ELSS Tax Saver Fund - Direct Plan - Growth Option,Axis Mutual Fund
08-08-2014,23.88910,120503,Axis ELSS Tax Saver Fund - Direct Plan - Growth Option,Axis Mutual Fund
07-08-2014,24.17820,120503,Axis ELSS Tax Saver Fund - Direct Plan - Growth Option,Axis Mutual Fund
06-08-2014,24.24790,120503,Axis ELSS Tax Saver Fund - Direct Plan - Growth Option,Axis Mutual Fund
05-08-2014,24.30070,120503,Axis ELSS Tax Saver Fund - Direct Plan - Growth Option,Axis Mutual Fund
04-08-2014,24.11190,120503,Axis ELSS Tax Saver Fund - Direct Plan - Growth Option,Axis Mutual Fund
01-08-2014,23.93060,120503,Axis ELSS Tax Saver Fund - Direct Plan - Growth Option,Axis Mutual Fund
31-07-2014,24.34420,120503,Axis ELSS Tax Saver Fund - Direct Plan - Growth Option,Axis Mutual Fund
30-07-2014,24.49220,120503,Axis ELSS Tax Saver Fund - Direct Plan - Growth Option,Axis Mutual Fund
28-07-2014,24.37900,120503,Axis ELSS Tax Saver Fund - Direct Plan - Growth Option,Axis Mutual Fund
25-07-2014,24.40780,120503,Axis ELSS Tax Saver Fund - Direct Plan - Growth Option,Axis Mutual Fund
24-07-2014,24.39070,120503,Axis ELSS Tax Saver Fund - Direct Plan - Growth Option,Axis Mutual Fund
23-07-2014,24.33820,120503,Axis ELSS Tax Saver Fund - Direct Plan - Growth Option,Axis Mutual Fund
22-07-2014,24.41440,120503,Axis ELSS Tax Saver Fund - Direct Plan - Growth Option,Axis Mutual Fund
21-07-2014,24.32760,120503,Axis ELSS Tax Saver Fund - Direct Plan - Growth Option,Axis Mutual Fund
18-07-2014,24.26640,120503,Axis ELSS Tax Saver Fund - Direct Plan - Growth Option,Axis Mutual Fund
17-07-2014,24.22630,120503,Axis ELSS Tax Saver Fund - Direct Plan - Growth Option,Axis Mutual Fund
16-07-2014,23.90100,120503,Axis ELSS Tax Saver Fund - Direct Plan - Growth Option,Axis Mutual Fund
15-07-2014,23.60000,120503,Axis ELSS Tax Saver Fund - Direct Plan - Growth Option,Axis Mutual Fund
14-07-2014,23.20510,120503,Axis ELSS Tax Saver Fund - Direct Plan - Growth Option,Axis Mutual Fund
11-07-2014,23.23460,120503,Axis ELSS Tax Saver Fund - Direct Plan - Growth Option,Axis Mutual Fund
10-07-2014,23.51460,120503,Axis ELSS Tax Saver Fund - Direct Plan - Growth Option,Axis Mutual Fund
09-07-2014,23.43130,120503,Axis ELSS Tax Saver Fund - Direct Plan - Growth Option,Axis Mutual Fund
08-07-2014,23.71860,120503,Axis ELSS Tax Saver Fund - Direct Plan - Growth Option,Axis Mutual Fund
07-07-2014,24.27500,120503,Axis ELSS Tax Saver Fund - Direct Plan - Growth Option,Axis Mutual Fund
04-07-2014,24.29670,120503,Axis ELSS Tax Saver Fund - Direct Plan - Growth Option,Axis Mutual Fund
03-07-2014,24.19790,120503,Axis ELSS Tax Saver Fund - Direct Plan - Growth Option,Axis Mutual Fund
02-07-2014,24.01600,120503,Axis ELSS Tax Saver Fund - Direct Plan - Growth Option,Axis Mutual Fund
01-07-2014,23.65440,120503,Axis ELSS Tax Saver Fund - Direct Plan - Growth Option,Axis Mutual Fund
30-06-2014,23.40510,120503,Axis ELSS Tax Saver Fund - Direct Plan - Growth Option,Axis Mutual Fund
27-06-2014,23.05600,120503,Axis ELSS Tax Saver Fund - Direct Plan - Growth Option,Axis Mutual Fund
26-06-2014,22.85920,120503,Axis ELSS Tax Saver Fund - Direct Plan - Growth Option,Axis Mutual Fund
25-06-2014,22.86440,120503,Axis ELSS Tax Saver Fund - Direct Plan - Growth Option,Axis Mutual Fund
24-06-2014,22.86800,120503,Axis ELSS Tax Saver Fund - Direct Plan - Growth Option,Axis Mutual Fund
23-06-2014,22.73500,120503,Axis ELSS Tax Saver Fund - Direct Plan - Growth Option,Axis Mutual Fund
20-06-2014,22.71200,120503,Axis ELSS Tax Saver Fund - Direct Plan - Growth Option,Axis Mutual Fund
19-06-2014,22.84130,120503,Axis ELSS Tax Saver Fund - Direct Plan - Growth Option,Axis Mutual Fund
18-06-2014,22.95730,120503,Axis ELSS Tax Saver Fund - Direct Plan - Growth Option,Axis Mutual Fund
17-06-2014,22.96200,120503,Axis ELSS Tax Saver Fund - Direct Plan - Growth Option,Axis Mutual Fund
16-06-2014,22.65190,120503,Axis ELSS Tax Saver Fund - Direct Plan - Growth Option,Axis Mutual Fund
13-06-2014,22.65720,120503,Axis ELSS Tax Saver Fund - Direct Plan - Growth Option,Axis Mutual Fund
12-06-2014,22.91220,120503,Axis ELSS Tax Saver Fund - Direct Plan - Growth Option,Axis Mutual Fund
11-06-2014,22.75280,120503,Axis ELSS Tax Saver Fund - Direct Plan - Growth Option,Axis Mutual Fund
10-06-2014,22.93650,120503,Axis ELSS Tax Saver Fund - Direct Plan - Growth Option,Axis Mutual Fund
09-06-2014,22.74650,120503,Axis ELSS Tax Saver Fund - Direct Plan - Growth Option,Axis Mutual Fund
06-06-2014,22.53200,120503,Axis ELSS Tax Saver Fund - Direct Plan - Growth Option,Axis Mutual Fund
05-06-2014,22.31830,120503,Axis ELSS Tax Saver Fund - Direct Plan - Growth Option,Axis Mutual Fund
04-06-2014,22.20000,120503,Axis ELSS Tax Saver Fund - Direct Plan - Growth Option,Axis Mutual Fund
03-06-2014,22.10670,120503,Axis ELSS Tax Saver Fund - Direct Plan - Growth Option,Axis Mutual Fund
02-06-2014,21.93870,120503,Axis ELSS Tax Saver Fund - Direct Plan - Growth Option,Axis Mutual Fund
30-05-2014,21.58670,120503,Axis ELSS Tax Saver Fund - Direct Plan - Growth Option,Axis Mutual Fund
29-05-2014,21.44300,120503,Axis ELSS Tax Saver Fund - Direct Plan - Growth Option,Axis Mutual Fund
28-05-2014,21.56620,120503,Axis ELSS Tax Saver Fund - Direct Plan - Growth Option,Axis Mutual Fund
27-05-2014,21.58160,120503,Axis ELSS Tax Saver Fund - Direct Plan - Growth Option,Axis Mutual Fund
26-05-2014,21.52440,120503,Axis ELSS Tax Saver Fund - Direct Plan - Growth Option,Axis Mutual Fund
23-05-2014,21.63340,120503,Axis ELSS Tax Saver Fund - Direct Plan - Growth Option,Axis Mutual Fund
22-05-2014,21.47460,120503,Axis ELSS Tax Saver Fund - Direct Plan - Growth Option,Axis Mutual Fund
21-05-2014,21.24380,120503,Axis ELSS Tax Saver Fund - Direct Plan - Growth Option,Axis Mutual Fund
20-05-2014,21.13220,120503,Axis ELSS Tax Saver Fund - Direct Plan - Growth Option,Axis Mutual Fund
19-05-2014,20.99730,120503,Axis ELSS Tax Saver Fund - Direct Plan - Growth Option,Axis Mutual Fund
16-05-2014,20.68920,120503,Axis ELSS Tax Saver Fund - Direct Plan - Growth Option,Axis Mutual Fund
15-05-2014,20.49440,120503,Axis ELSS Tax Saver Fund - Direct Plan - Growth Option,Axis Mutual Fund
14-05-2014,20.47530,120503,Axis ELSS Tax Saver Fund - Direct Plan - Growth Option,Axis Mutual Fund
13-05-2014,20.55300,120503,Axis ELSS Tax Saver Fund - Direct Plan - Growth Option,Axis Mutual Fund
12-05-2014,20.42040,120503,Axis ELSS Tax Saver Fund - Direct Plan - Growth Option,Axis Mutual Fund
09-05-2014,20.09940,120503,Axis ELSS Tax Saver Fund - Direct Plan - Growth Option,Axis Mutual Fund
08-05-2014,19.70600,120503,Axis ELSS Tax Saver Fund - Direct Plan - Growth Option,Axis Mutual Fund
07-05-2014,19.63960,120503,Axis ELSS Tax Saver Fund - Direct Plan - Growth Option,Axis Mutual Fund
06-05-2014,19.66230,120503,Axis ELSS Tax Saver Fund - Direct Plan - Growth Option,Axis Mutual Fund
05-05-2014,19.61500,120503,Axis ELSS Tax Saver Fund - Direct Plan - Growth Option,Axis Mutual Fund
02-05-2014,19.60010,120503,Axis ELSS Tax Saver Fund - Direct Plan - Growth Option,Axis Mutual Fund
30-04-2014,19.57690,120503,Axis ELSS Tax Saver Fund - Direct Plan - Growth Option,Axis Mutual Fund
29-04-2014,19.65880,120503,Axis ELSS Tax Saver Fund - Direct Plan - Growth Option,Axis Mutual Fund
28-04-2014,19.75650,120503,Axis ELSS Tax Saver Fund - Direct Plan - Growth Option,Axis Mutual Fund
25-04-2014,19.68630,120503,Axis ELSS Tax Saver Fund - Direct Plan - Growth Option,Axis Mutual Fund
23-04-2014,19.85230,120503,Axis ELSS Tax Saver Fund - Direct Plan - Growth Option,Axis Mutual Fund
22-04-2014,19.67410,120503,Axis ELSS Tax Saver Fund - Direct Plan - Growth Option,Axis Mutual Fund
21-04-2014,19.58910,120503,Axis ELSS Tax Saver Fund - Direct Plan - Growth Option,Axis Mutual Fund
17-04-2014,19.43830,120503,Axis ELSS Tax Saver Fund - Direct Plan - Growth Option,Axis Mutual Fund
16-04-2014,19.22660,120503,Axis ELSS Tax Saver Fund - Direct Plan - Growth Option,Axis Mutual Fund
15-04-2014,19.43040,120503,Axis ELSS Tax Saver Fund - Direct Plan - Growth Option,Axis Mutual Fund
11-04-2014,19.46650,120503,Axis ELSS Tax Saver Fund - Direct Plan - Growth Option,Axis Mutual Fund
10-04-2014,19.50230,120503,Axis ELSS Tax Saver Fund - Direct Plan - Growth Option,Axis Mutual Fund
09-04-2014,19.47870,120503,Axis ELSS Tax Saver Fund - Direct Plan - Growth Option,Axis Mutual Fund
07-04-2014,19.22700,120503,Axis ELSS Tax Saver Fund - Direct Plan - Growth Option,Axis Mutual Fund
04-04-2014,19.22740,120503,Axis ELSS Tax Saver Fund - Direct Plan - Growth Option,Axis Mutual Fund
03-04-2014,19.33310,120503,Axis ELSS Tax Saver Fund - Direct Plan - Growth Option,Axis Mutual Fund
02-04-2014,19.35110,120503,Axis ELSS Tax Saver Fund - Direct Plan - Growth Option,Axis Mutual Fund
01-04-2014,19.28090,120503,Axis ELSS Tax Saver Fund - Direct Plan - Growth Option,Axis Mutual Fund
31-03-2014,19.41920,120503,Axis ELSS Tax Saver Fund - Direct Plan - Growth Option,Axis Mutual Fund
28-03-2014,19.30060,120503,Axis ELSS Tax Saver Fund - Direct Plan - Growth Option,Axis Mutual Fund
27-03-2014,19.17140,120503,Axis ELSS Tax Saver Fund - Direct Plan - Growth Option,Axis Mutual Fund
26-03-2014,19.13210,120503,Axis ELSS Tax Saver Fund - Direct Plan - Growth Option,Axis Mutual Fund
25-03-2014,19.15590,120503,Axis ELSS Tax Saver Fund - Direct Plan - Growth Option,Axis Mutual Fund
24-03-2014,19.05590,120503,Axis ELSS Tax Saver Fund - Direct Plan - Growth Option,Axis Mutual Fund
21-03-2014,18.82670,120503,Axis ELSS Tax Saver Fund - Direct Plan - Growth Option,Axis Mutual Fund
20-03-2014,18.80540,120503,Axis ELSS Tax Saver Fund - Direct Plan - Growth Option,Axis Mutual Fund
19-03-2014,18.84260,120503,Axis ELSS Tax Saver Fund - Direct Plan - Growth Option,Axis Mutual Fund
18-03-2014,18.79050,120503,Axis ELSS Tax Saver Fund - Direct Plan - Growth Option,Axis Mutual Fund
14-03-2014,18.66360,120503,Axis ELSS Tax Saver Fund - Direct Plan - Growth Option,Axis Mutual Fund
13-03-2014,18.63540,120503,Axis ELSS Tax Saver Fund - Direct Plan - Growth Option,Axis Mutual Fund
12-03-2014,18.65350,120503,Axis ELSS Tax Saver Fund - Direct Plan - Growth Option,Axis Mutual Fund
11-03-2014,18.54570,120503,Axis ELSS Tax Saver Fund - Direct Plan - Growth Option,Axis Mutual Fund
10-03-2014,18.54980,120503,Axis ELSS Tax Saver Fund - Direct Plan - Growth Option,Axis Mutual Fund
07-03-2014,18.49120,120503,Axis ELSS Tax Saver Fund - Direct Plan - Growth Option,Axis Mutual Fund
06-03-2014,18.33800,120503,Axis ELSS Tax Saver Fund - Direct Plan - Growth Option,Axis Mutual Fund
05-03-2014,18.17570,120503,Axis ELSS Tax Saver Fund - Direct Plan - Growth Option,Axis Mutual Fund
04-03-2014,18.06370,120503,Axis ELSS Tax Saver Fund - Direct Plan - Growth Option,Axis Mutual Fund
03-03-2014,17.92480,120503,Axis ELSS Tax Saver Fund - Direct Plan - Growth Option,Axis Mutual Fund
28-02-2014,17.99860,120503,Axis ELSS Tax Saver Fund - Direct Plan - Growth Option,Axis Mutual Fund
26-02-2014,17.84350,120503,Axis ELSS Tax Saver Fund - Direct Plan - Growth Option,Axis Mutual Fund
25-02-2014,17.75070,120503,Axis ELSS Tax Saver Fund - Direct Plan - Growth Option,Axis Mutual Fund
24-02-2014,17.68290,120503,Axis ELSS Tax Saver Fund - Direct Plan - Growth Option,Axis Mutual Fund
21-02-2014,17.53400,120503,Axis ELSS Tax Saver Fund - Direct Plan - Growth Option,Axis Mutual Fund
20-02-2014,17.36020,120503,Axis ELSS Tax Saver Fund - Direct Plan - Growth Option,Axis Mutual Fund
19-02-2014,17.45580,120503,Axis ELSS Tax Saver Fund - Direct Plan - Growth Option,Axis Mutual Fund
18-02-2014,17.34480,120503,Axis ELSS Tax Saver Fund - Direct Plan - Growth Option,Axis Mutual Fund
17-02-2014,17.12450,120503,Axis ELSS Tax Saver Fund - Direct Plan - Growth Option,Axis Mutual Fund
14-02-2014,17.09330,120503,Axis ELSS Tax Saver Fund - Direct Plan - Growth Option,Axis Mutual Fund
13-02-2014,16.96220,120503,Axis ELSS Tax Saver Fund - Direct Plan - Growth Option,Axis Mutual Fund
12-02-2014,17.15040,120503,Axis ELSS Tax Saver Fund - Direct Plan - Growth Option,Axis Mutual Fund
11-02-2014,17.08380,120503,Axis ELSS Tax Saver Fund - Direct Plan - Growth Option,Axis Mutual Fund
10-02-2014,17.00940,120503,Axis ELSS Tax Saver Fund - Direct Plan - Growth Option,Axis Mutual Fund
07-02-2014,17.03490,120503,Axis ELSS Tax Saver Fund - Direct Plan - Growth Option,Axis Mutual Fund
06-02-2014,16.97460,120503,Axis ELSS Tax Saver Fund - Direct Plan - Growth Option,Axis Mutual Fund
05-02-2014,16.96230,120503,Axis ELSS Tax Saver Fund - Direct Plan - Growth Option,Axis Mutual Fund
04-02-2014,16.88600,120503,Axis ELSS Tax Saver Fund - Direct Plan - Growth Option,Axis Mutual Fund
03-02-2014,16.86430,120503,Axis ELSS Tax Saver Fund - Direct Plan - Growth Option,Axis Mutual Fund
31-01-2014,16.96550,120503,Axis ELSS Tax Saver Fund - Direct Plan - Growth Option,Axis Mutual Fund
30-01-2014,16.83030,120503,Axis ELSS Tax Saver Fund - Direct Plan - Growth Option,Axis Mutual Fund
29-01-2014,16.93150,120503,Axis ELSS Tax Saver Fund - Direct Plan - Growth Option,Axis Mutual Fund
28-01-2014,16.90290,120503,Axis ELSS Tax Saver Fund - Direct Plan - Growth Option,Axis Mutual Fund
27-01-2014,16.94900,120503,Axis ELSS Tax Saver Fund - Direct Plan - Growth Option,Axis Mutual Fund
24-01-2014,17.22930,120503,Axis ELSS Tax Saver Fund - Direct Plan - Growth Option,Axis Mutual Fund
23-01-2014,17.45900,120503,Axis ELSS Tax Saver Fund - Direct Plan - Growth Option,Axis Mutual Fund
22-01-2014,17.42530,120503,Axis ELSS Tax Saver Fund - Direct Plan - Growth Option,Axis Mutual Fund
21-01-2014,17.41360,120503,Axis ELSS Tax Saver Fund - Direct Plan - Growth Option,Axis Mutual Fund
20-01-2014,17.43200,120503,Axis ELSS Tax Saver Fund - Direct Plan - Growth Option,Axis Mutual Fund
17-01-2014,17.29040,120503,Axis ELSS Tax Saver Fund - Direct Plan - Growth Option,Axis Mutual Fund
16-01-2014,17.55590,120503,Axis ELSS Tax Saver Fund - Direct Plan - Growth Option,Axis Mutual Fund
15-01-2014,17.61560,120503,Axis ELSS Tax Saver Fund - Direct Plan - Growth Option,Axis Mutual Fund
14-01-2014,17.45040,120503,Axis ELSS Tax Saver Fund - Direct Plan - Growth Option,Axis Mutual Fund
13-01-2014,17.49150,120503,Axis ELSS Tax Saver Fund - Direct Plan - Growth Option,Axis Mutual Fund
10-01-2014,17.34700,120503,Axis ELSS Tax Saver Fund - Direct Plan - Growth Option,Axis Mutual Fund
09-01-2014,17.39680,120503,Axis ELSS Tax Saver Fund - Direct Plan - Growth Option,Axis Mutual Fund
08-01-2014,17.44010,120503,Axis ELSS Tax Saver Fund - Direct Plan - Growth Option,Axis Mutual Fund
07-01-2014,17.34280,120503,Axis ELSS Tax Saver Fund - Direct Plan - Growth Option,Axis Mutual Fund
06-01-2014,17.37260,120503,Axis ELSS Tax Saver Fund - Direct Plan - Growth Option,Axis Mutual Fund
03-01-2014,17.30620,120503,Axis ELSS Tax Saver Fund - Direct Plan - Growth Option,Axis Mutual Fund
02-01-2014,17.24650,120503,Axis ELSS Tax Saver Fund - Direct Plan - Growth Option,Axis Mutual Fund
01-01-2014,17.46060,120503,Axis ELSS Tax Saver Fund - Direct Plan - Growth Option,Axis Mutual Fund
31-12-2013,17.42790,120503,Axis ELSS Tax Saver Fund - Direct Plan - Growth Option,Axis Mutual Fund
30-12-2013,17.39060,120503,Axis ELSS Tax Saver Fund - Direct Plan - Growth Option,Axis Mutual Fund
27-12-2013,17.42950,120503,Axis ELSS Tax Saver Fund - Direct Plan - Growth Option,Axis Mutual Fund
26-12-2013,17.29180,120503,Axis ELSS Tax Saver Fund - Direct Plan - Growth Option,Axis Mutual Fund
24-12-2013,17.28480,120503,Axis ELSS Tax Saver Fund - Direct Plan - Growth Option,Axis Mutual Fund
23-12-2013,17.32230,120503,Axis ELSS Tax Saver Fund - Direct Plan - Growth Option,Axis Mutual Fund
20-12-2013,17.34080,120503,Axis ELSS Tax Saver Fund - Direct Plan - Growth Option,Axis Mutual Fund
19-12-2013,17.10410,120503,Axis ELSS Tax Saver Fund - Direct Plan - Growth Option,Axis Mutual Fund
18-12-2013,17.14420,120503,Axis ELSS Tax Saver Fund - Direct Plan - Growth Option,Axis Mutual Fund
17-12-2013,16.95280,120503,Axis ELSS Tax Saver Fund - Direct Plan - Growth Option,Axis Mutual Fund
16-12-2013,16.96740,120503,Axis ELSS Tax Saver Fund - Direct Plan - Growth Option,Axis Mutual Fund
13-12-2013,16.97440,120503,Axis ELSS Tax Saver Fund - Direct Plan - Growth Option,Axis Mutual Fund
12-12-2013,17.12210,120503,Axis ELSS Tax Saver Fund - Direct Plan - Growth Option,Axis Mutual Fund
11-12-2013,17.16140,120503,Axis ELSS Tax Saver Fund - Direct Plan - Growth Option,Axis Mutual Fund
10-12-2013,17.13090,120503,Axis ELSS Tax Saver Fund - Direct Plan - Growth Option,Axis Mutual Fund
09-12-2013,17.14510,120503,Axis ELSS Tax Saver Fund - Direct Plan - Growth Option,Axis Mutual Fund
06-12-2013,17.00860,120503,Axis ELSS Tax Saver Fund - Direct Plan - Growth Option,Axis Mutual Fund
05-12-2013,16.97900,120503,Axis ELSS Tax Saver Fund - Direct Plan - Growth Option,Axis Mutual Fund
04-12-2013,16.86190,120503,Axis ELSS Tax Saver Fund - Direct Plan - Growth Option,Axis Mutual Fund
03-12-2013,17.01920,120503,Axis ELSS Tax Saver Fund - Direct Plan - Growth Option,Axis Mutual Fund
02-12-2013,17.01940,120503,Axis ELSS Tax Saver Fund - Direct Plan - Growth Option,Axis Mutual Fund
29-11-2013,16.87090,120503,Axis ELSS Tax Saver Fund - Direct Plan - Growth Option,Axis Mutual Fund
28-11-2013,16.76020,120503,Axis ELSS Tax Saver Fund - Direct Plan - Growth Option,Axis Mutual Fund
27-11-2013,16.69860,120503,Axis ELSS Tax Saver Fund - Direct Plan - Growth Option,Axis Mutual Fund
26-11-2013,16.60840,120503,Axis ELSS Tax Saver Fund - Direct Plan - Growth Option,Axis Mutual Fund
25-11-2013,16.57180,120503,Axis ELSS Tax Saver Fund - Direct Plan - Growth Option,Axis Mutual Fund
22-11-2013,16.28970,120503,Axis ELSS Tax Saver Fund - Direct Plan - Growth Option,Axis Mutual Fund
21-11-2013,16.19330,120503,Axis ELSS Tax Saver Fund - Direct Plan - Growth Option,Axis Mutual Fund
20-11-2013,16.44400,120503,Axis ELSS Tax Saver Fund - Direct Plan - Growth Option,Axis Mutual Fund
19-11-2013,16.53340,120503,Axis ELSS Tax Saver Fund - Direct Plan - Growth Option,Axis Mutual Fund
18-11-2013,16.52260,120503,Axis ELSS Tax Saver Fund - Direct Plan - Growth Option,Axis Mutual Fund
14-11-2013,16.26130,120503,Axis ELSS Tax Saver Fund - Direct Plan - Growth Option,Axis Mutual Fund
13-11-2013,16.17000,120503,Axis ELSS Tax Saver Fund - Direct Plan - Growth Option,Axis Mutual Fund
12-11-2013,16.23700,120503,Axis ELSS Tax Saver Fund - Direct Plan - Growth Option,Axis Mutual Fund
11-11-2013,16.24000,120503,Axis ELSS Tax Saver Fund - Direct Plan - Growth Option,Axis Mutual Fund
08-11-2013,16.27050,120503,Axis ELSS Tax Saver Fund - Direct Plan - Growth Option,Axis Mutual Fund
07-11-2013,16.31040,120503,Axis ELSS Tax Saver Fund - Direct Plan - Growth Option,Axis Mutual Fund
06-11-2013,16.34850,120503,Axis ELSS Tax Saver Fund - Direct Plan - Growth Option,Axis Mutual Fund
05-11-2013,16.28530,120503,Axis ELSS Tax Saver Fund - Direct Plan - Growth Option,Axis Mutual Fund
01-11-2013,16.29550,120503,Axis ELSS Tax Saver Fund - Direct Plan - Growth Option,Axis Mutual Fund
31-10-2013,16.27360,120503,Axis ELSS Tax Saver Fund - Direct Plan - Growth Option,Axis Mutual Fund
30-10-2013,16.18020,120503,Axis ELSS Tax Saver Fund - Direct Plan - Growth Option,Axis Mutual Fund
29-10-2013,16.15850,120503,Axis ELSS Tax Saver Fund - Direct Plan - Growth Option,Axis Mutual Fund
28-10-2013,15.81940,120503,Axis ELSS Tax Saver Fund - Direct Plan - Growth Option,Axis Mutual Fund
25-10-2013,15.86750,120503,Axis ELSS Tax Saver Fund - Direct Plan - Growth Option,Axis Mutual Fund
24-10-2013,15.94150,120503,Axis ELSS Tax Saver Fund - Direct Plan - Growth Option,Axis Mutual Fund
23-10-2013,15.86770,120503,Axis ELSS Tax Saver Fund - Direct Plan - Growth Option,Axis Mutual Fund
22-10-2013,15.87700,120503,Axis ELSS Tax Saver Fund - Direct Plan - Growth Option,Axis Mutual Fund
21-10-2013,15.88940,120503,Axis ELSS Tax Saver Fund - Direct Plan - Growth Option,Axis Mutual Fund
18-10-2013,15.78090,120503,Axis ELSS Tax Saver Fund - Direct Plan - Growth Option,Axis Mutual Fund
17-10-2013,15.54530,120503,Axis ELSS Tax Saver Fund - Direct Plan - Growth Option,Axis Mutual Fund
15-10-2013,15.67900,120503,Axis ELSS Tax Saver Fund - Direct Plan - Growth Option,Axis Mutual Fund
14-10-2013,15.73240,120503,Axis ELSS Tax Saver Fund - Direct Plan - Growth Option,Axis Mutual Fund
11-10-2013,15.74150,120503,Axis ELSS Tax Saver Fund - Direct Plan - Growth Option,Axis Mutual Fund
10-10-2013,15.64470,120503,Axis ELSS Tax Saver Fund - Direct Plan - Growth Option,Axis Mutual Fund
09-10-2013,15.60880,120503,Axis ELSS Tax Saver Fund - Direct Plan - Growth Option,Axis Mutual Fund
08-10-2013,15.38690,120503,Axis ELSS Tax Saver Fund - Direct Plan - Growth Option,Axis Mutual Fund
07-10-2013,15.34390,120503,Axis ELSS Tax Saver Fund - Direct Plan - Growth Option,Axis Mutual Fund
04-10-2013,15.26720,120503,Axis ELSS Tax Saver Fund - Direct Plan - Growth Option,Axis Mutual Fund
03-10-2013,15.19160,120503,Axis ELSS Tax Saver Fund - Direct Plan - Growth Option,Axis Mutual Fund
01-10-2013,14.95750,120503,Axis ELSS Tax Saver Fund - Direct Plan - Growth Option,Axis Mutual Fund
30-09-2013,14.83430,120503,Axis ELSS Tax Saver Fund - Direct Plan - Growth Option,Axis Mutual Fund
27-09-2013,14.93890,120503,Axis ELSS Tax Saver Fund - Direct Plan - Growth Option,Axis Mutual Fund
26-09-2013,14.98040,120503,Axis ELSS Tax Saver Fund - Direct Plan - Growth Option,Axis Mutual Fund
25-09-2013,14.99670,120503,Axis ELSS Tax Saver Fund - Direct Plan - Growth Option,Axis Mutual Fund
24-09-2013,15.06450,120503,Axis ELSS Tax Saver Fund - Direct Plan - Growth Option,Axis Mutual Fund
23-09-2013,14.99490,120503,Axis ELSS Tax Saver Fund - Direct Plan - Growth Option,Axis Mutual Fund
20-09-2013,15.20640,120503,Axis ELSS Tax Saver Fund - Direct Plan - Growth Option,Axis Mutual Fund
19-09-2013,15.39620,120503,Axis ELSS Tax Saver Fund - Direct Plan - Growth Option,Axis Mutual Fund
18-09-2013,14.99350,120503,Axis ELSS Tax Saver Fund - Direct Plan - Growth Option,Axis Mutual Fund
17-09-2013,14.90420,120503,Axis ELSS Tax Saver Fund - Direct Plan - Growth Option,Axis Mutual Fund
16-09-2013,14.87830,120503,Axis ELSS Tax Saver Fund - Direct Plan - Growth Option,Axis Mutual Fund
13-09-2013,14.89140,120503,Axis ELSS Tax Saver Fund - Direct Plan - Growth Option,Axis Mutual Fund
12-09-2013,14.88350,120503,Axis ELSS Tax Saver Fund - Direct Plan - Growth Option,Axis Mutual Fund
11-09-2013,14.94580,120503,Axis ELSS Tax Saver Fund - Direct Plan - Growth Option,Axis Mutual Fund
10-09-2013,14.86130,120503,Axis ELSS Tax Saver Fund - Direct Plan - Growth Option,Axis Mutual Fund
06-09-2013,14.42840,120503,Axis ELSS Tax Saver Fund - Direct Plan - Growth Option,Axis Mutual Fund
05-09-2013,14.31290,120503,Axis ELSS Tax Saver Fund - Direct Plan - Growth Option,Axis Mutual Fund
04-09-2013,14.01060,120503,Axis ELSS Tax Saver Fund - Direct Plan - Growth Option,Axis Mutual Fund
03-09-2013,13.90140,120503,Axis ELSS Tax Saver Fund - Direct Plan - Growth Option,Axis Mutual Fund
02-09-2013,14.23650,120503,Axis ELSS Tax Saver Fund - Direct Plan - Growth Option,Axis Mutual Fund
30-08-2013,14.14970,120503,Axis ELSS Tax Saver Fund - Direct Plan - Growth Option,Axis Mutual Fund
29-08-2013,13.89910,120503,Axis ELSS Tax Saver Fund - Direct Plan - Growth Option,Axis Mutual Fund
28-08-2013,13.63180,120503,Axis ELSS Tax Saver Fund - Direct Plan - Growth Option,Axis Mutual Fund
27-08-2013,13.76140,120503,Axis ELSS Tax Saver Fund - Direct Plan - Growth Option,Axis Mutual Fund
26-08-2013,14.16950,120503,Axis ELSS Tax Saver Fund - Direct Plan - Growth Option,Axis Mutual Fund
23-08-2013,14.06600,120503,Axis ELSS Tax Saver Fund - Direct Plan - Growth Option,Axis Mutual Fund
22-08-2013,13.89440,120503,Axis ELSS Tax Saver Fund - Direct Plan - Growth Option,Axis Mutual Fund
21-08-2013,13.82490,120503,Axis ELSS Tax Saver Fund - Direct Plan - Growth Option,Axis Mutual Fund
20-08-2013,13.99560,120503,Axis ELSS Tax Saver Fund - Direct Plan - Growth Option,Axis Mutual Fund
19-08-2013,14.10200,120503,Axis ELSS Tax Saver Fund - Direct Plan - Growth Option,Axis Mutual Fund
16-08-2013,14.38180,120503,Axis ELSS Tax Saver Fund - Direct Plan - Growth Option,Axis Mutual Fund
14-08-2013,14.80300,120503,Axis ELSS Tax Saver Fund - Direct Plan - Growth Option,Axis Mutual Fund
13-08-2013,14.76770,120503,Axis ELSS Tax Saver Fund - Direct Plan - Growth Option,Axis Mutual Fund
12-08-2013,14.58060,120503,Axis ELSS Tax Saver Fund - Direct Plan - Growth Option,Axis Mutual Fund
08-08-2013,14.38940,120503,Axis ELSS Tax Saver Fund - Direct Plan - Growth Option,Axis Mutual Fund
07-08-2013,14.23450,120503,Axis ELSS Tax Saver Fund - Direct Plan - Growth Option,Axis Mutual Fund
06-08-2013,14.36330,120503,Axis ELSS Tax Saver Fund - Direct Plan - Growth Option,Axis Mutual Fund
05-08-2013,14.67530,120503,Axis ELSS Tax Saver Fund - Direct Plan - Growth Option,Axis Mutual Fund
02-08-2013,14.66390,120503,Axis ELSS Tax Saver Fund - Direct Plan - Growth Option,Axis Mutual Fund
01-08-2013,14.75150,120503,Axis ELSS Tax Saver Fund - Direct Plan - Growth Option,Axis Mutual Fund
31-07-2013,14.75670,120503,Axis ELSS Tax Saver Fund - Direct Plan - Growth Option,Axis Mutual Fund
30-07-2013,14.80600,120503,Axis ELSS Tax Saver Fund - Direct Plan - Growth Option,Axis Mutual Fund
29-07-2013,14.93060,120503,Axis ELSS Tax Saver Fund - Direct Plan - Growth Option,Axis Mutual Fund
26-07-2013,15.02500,120503,Axis ELSS Tax Saver Fund - Direct Plan - Growth Option,Axis Mutual Fund
25-07-2013,15.02590,120503,Axis ELSS Tax Saver Fund - Direct Plan - Growth Option,Axis Mutual Fund
24-07-2013,15.18370,120503,Axis ELSS Tax Saver Fund - Direct Plan - Growth Option,Axis Mutual Fund
23-07-2013,15.35020,120503,Axis ELSS Tax Saver Fund - Direct Plan - Growth Option,Axis Mutual Fund
22-07-2013,15.31720,120503,Axis ELSS Tax Saver Fund - Direct Plan - Growth Option,Axis Mutual Fund
19-07-2013,15.34250,120503,Axis ELSS Tax Saver Fund - Direct Plan - Growth Option,Axis Mutual Fund
18-07-2013,15.45580,120503,Axis ELSS Tax Saver Fund - Direct Plan - Growth Option,Axis Mutual Fund
17-07-2013,15.35510,120503,Axis ELSS Tax Saver Fund - Direct Plan - Growth Option,Axis Mutual Fund
16-07-2013,15.41070,120503,Axis ELSS Tax Saver Fund - Direct Plan - Growth Option,Axis Mutual Fund
15-07-2013,15.66100,120503,Axis ELSS Tax Saver Fund - Direct Plan - Growth Option,Axis Mutual Fund
12-07-2013,15.60220,120503,Axis ELSS Tax Saver Fund - Direct Plan - Growth Option,Axis Mutual Fund
11-07-2013,15.47090,120503,Axis ELSS Tax Saver Fund - Direct Plan - Growth Option,Axis Mutual Fund
10-07-2013,15.27300,120503,Axis ELSS Tax Saver Fund - Direct Plan - Growth Option,Axis Mutual Fund
09-07-2013,15.27410,120503,Axis ELSS Tax Saver Fund - Direct Plan - Growth Option,Axis Mutual Fund
08-07-2013,15.06390,120503,Axis ELSS Tax Saver Fund - Direct Plan - Growth Option,Axis Mutual Fund
05-07-2013,15.14720,120503,Axis ELSS Tax Saver Fund - Direct Plan - Growth Option,Axis Mutual Fund
04-07-2013,15.08430,120503,Axis ELSS Tax Saver Fund - Direct Plan - Growth Option,Axis Mutual Fund
03-07-2013,14.88740,120503,Axis ELSS Tax Saver Fund - Direct Plan - Growth Option,Axis Mutual Fund
02-07-2013,15.04050,120503,Axis ELSS Tax Saver Fund - Direct Plan - Growth Option,Axis Mutual Fund
01-07-2013,15.06430,120503,Axis ELSS Tax Saver Fund - Direct Plan - Growth Option,Axis Mutual Fund
28-06-2013,14.93220,120503,Axis ELSS Tax Saver Fund - Direct Plan - Growth Option,Axis Mutual Fund
27-06-2013,14.58560,120503,Axis ELSS Tax Saver Fund - Direct Plan - Growth Option,Axis Mutual Fund
26-06-2013,14.46610,120503,Axis ELSS Tax Saver Fund - Direct Plan - Growth Option,Axis Mutual Fund
25-06-2013,14.49390,120503,Axis ELSS Tax Saver Fund - Direct Plan - Growth Option,Axis Mutual Fund
24-06-2013,14.47070,120503,Axis ELSS Tax Saver Fund - Direct Plan - Growth Option,Axis Mutual Fund
21-06-2013,14.73060,120503,Axis ELSS Tax Saver Fund - Direct Plan - Growth Option,Axis Mutual Fund
20-06-2013,14.72840,120503,Axis ELSS Tax Saver Fund - Direct Plan - Growth Option,Axis Mutual Fund
19-06-2013,15.02090,120503,Axis ELSS Tax Saver Fund - Direct Plan - Growth Option,Axis Mutual Fund
18-06-2013,14.95320,120503,Axis ELSS Tax Saver Fund - Direct Plan - Growth Option,Axis Mutual Fund
17-06-2013,14.96130,120503,Axis ELSS Tax Saver Fund - Direct Plan - Growth Option,Axis Mutual Fund
14-06-2013,14.88520,120503,Axis ELSS Tax Saver Fund - Direct Plan - Growth Option,Axis Mutual Fund
13-06-2013,14.69360,120503,Axis ELSS Tax Saver Fund - Direct Plan - Growth Option,Axis Mutual Fund
12-06-2013,14.85270,120503,Axis ELSS Tax Saver Fund - Direct Plan - Growth Option,Axis Mutual Fund
11-06-2013,14.90650,120503,Axis ELSS Tax Saver Fund - Direct Plan - Growth Option,Axis Mutual Fund
10-06-2013,15.13680,120503,Axis ELSS Tax Saver Fund - Direct Plan - Growth Option,Axis Mutual Fund
07-06-2013,15.20150,120503,Axis ELSS Tax Saver Fund - Direct Plan - Growth Option,Axis Mutual Fund
06-06-2013,15.23910,120503,Axis ELSS Tax Saver Fund - Direct Plan - Growth Option,Axis Mutual Fund
05-06-2013,15.24560,120503,Axis ELSS Tax Saver Fund - Direct Plan - Growth Option,Axis Mutual Fund
04-06-2013,15.21420,120503,Axis ELSS Tax Saver Fund - Direct Plan - Growth Option,Axis Mutual Fund
03-06-2013,15.25780,120503,Axis ELSS Tax Saver Fund - Direct Plan - Growth Option,Axis Mutual Fund
31-05-2013,15.43350,120503,Axis ELSS Tax Saver Fund - Direct Plan - Growth Option,Axis Mutual Fund
30-05-2013,15.66040,120503,Axis ELSS Tax Saver Fund - Direct Plan - Growth Option,Axis Mutual Fund
29-05-2013,15.59960,120503,Axis ELSS Tax Saver Fund - Direct Plan - Growth Option,Axis Mutual Fund
28-05-2013,15.56320,120503,Axis ELSS Tax Saver Fund - Direct Plan - Growth Option,Axis Mutual Fund
27-05-2013,15.50800,120503,Axis ELSS Tax Saver Fund - Direct Plan - Growth Option,Axis Mutual Fund
24-05-2013,15.35940,120503,Axis ELSS Tax Saver Fund - Direct Plan - Growth Option,Axis Mutual Fund
23-05-2013,15.21940,120503,Axis ELSS Tax Saver Fund - Direct Plan - Growth Option,Axis Mutual Fund
22-05-2013,15.40890,120503,Axis ELSS Tax Saver Fund - Direct Plan - Growth Option,Axis Mutual Fund
21-05-2013,15.47530,120503,Axis ELSS Tax Saver Fund - Direct Plan - Growth Option,Axis Mutual Fund
20-05-2013,15.59630,120503,Axis ELSS Tax Saver Fund - Direct Plan - Growth Option,Axis Mutual Fund
17-05-2013,15.68110,120503,Axis ELSS Tax Saver Fund - Direct Plan - Growth Option,Axis Mutual Fund
16-05-2013,15.59170,120503,Axis ELSS Tax Saver Fund - Direct Plan - Growth Option,Axis Mutual Fund
15-05-2013,15.56170,120503,Axis ELSS Tax Saver Fund - Direct Plan - Growth Option,Axis Mutual Fund
14-05-2013,15.23360,120503,Axis ELSS Tax Saver Fund - Direct Plan - Growth Option,Axis Mutual Fund
13-05-2013,15.12840,120503,Axis ELSS Tax Saver Fund - Direct Plan - Growth Option,Axis Mutual Fund
10-05-2013,15.33580,120503,Axis ELSS Tax Saver Fund - Direct Plan - Growth Option,Axis Mutual Fund
09-05-2013,15.26340,120503,Axis ELSS Tax Saver Fund - Direct Plan - Growth Option,Axis Mutual Fund
08-05-2013,15.35970,120503,Axis ELSS Tax Saver Fund - Direct Plan - Growth Option,Axis Mutual Fund
07-05-2013,15.27040,120503,Axis ELSS Tax Saver Fund - Direct Plan - Growth Option,Axis Mutual Fund
06-05-2013,15.14970,120503,Axis ELSS Tax Saver Fund - Direct Plan - Growth Option,Axis Mutual Fund
03-05-2013,15.05180,120503,Axis ELSS Tax Saver Fund - Direct Plan - Growth Option,Axis Mutual Fund
02-05-2013,15.10320,120503,Axis ELSS Tax Saver Fund - Direct Plan - Growth Option,Axis Mutual Fund
30-04-2013,14.89450,120503,Axis ELSS Tax Saver Fund - Direct Plan - Growth Option,Axis Mutual Fund
29-04-2013,14.82890,120503,Axis ELSS Tax Saver Fund - Direct Plan - Growth Option,Axis Mutual Fund
26-04-2013,14.70580,120503,Axis ELSS Tax Saver Fund - Direct Plan - Growth Option,Axis Mutual Fund
25-04-2013,14.75860,120503,Axis ELSS Tax Saver Fund - Direct Plan - Growth Option,Axis Mutual Fund
23-04-2013,14.58010,120503,Axis ELSS Tax Saver Fund - Direct Plan - Growth Option,Axis Mutual Fund
22-04-2013,14.62590,120503,Axis ELSS Tax Saver Fund - Direct Plan - Growth Option,Axis Mutual Fund
18-04-2013,14.44010,120503,Axis ELSS Tax Saver Fund - Direct Plan - Growth Option,Axis Mutual Fund
17-04-2013,14.26700,120503,Axis ELSS Tax Saver Fund - Direct Plan - Growth Option,Axis Mutual Fund
16-04-2013,14.24360,120503,Axis ELSS Tax Saver Fund - Direct Plan - Growth Option,Axis Mutual Fund
15-04-2013,13.98500,120503,Axis ELSS Tax Saver Fund - Direct Plan - Growth Option,Axis Mutual Fund
12-04-2013,14.04260,120503,Axis ELSS Tax Saver Fund - Direct Plan - Growth Option,Axis Mutual Fund
11-04-2013,14.09940,120503,Axis ELSS Tax Saver Fund - Direct Plan - Growth Option,Axis Mutual Fund
10-04-2013,13.98260,120503,Axis ELSS Tax Saver Fund - Direct Plan - Growth Option,Axis Mutual Fund
09-04-2013,13.93890,120503,Axis ELSS Tax Saver Fund - Direct Plan - Growth Option,Axis Mutual Fund
08-04-2013,14.02240,120503,Axis ELSS Tax Saver Fund - Direct Plan - Growth Option,Axis Mutual Fund
07-04-2013,0.00000,120503,Axis ELSS Tax Saver Fund - Direct Plan - Growth Option,Axis Mutual Fund
05-04-2013,14.04790,120503,Axis ELSS Tax Saver Fund - Direct Plan - Growth Option,Axis Mutual Fund
04-04-2013,14.06010,120503,Axis ELSS Tax Saver Fund - Direct Plan - Growth Option,Axis Mutual Fund
03-04-2013,14.29290,120503,Axis ELSS Tax Saver Fund - Direct Plan - Growth Option,Axis Mutual Fund
02-04-2013,14.37680,120503,Axis ELSS Tax Saver Fund - Direct Plan - Growth Option,Axis Mutual Fund
01-04-2013,14.23100,120503,Axis ELSS Tax Saver Fund - Direct Plan - Growth Option,Axis Mutual Fund
28-03-2013,14.19910,120503,Axis ELSS Tax Saver Fund - Direct Plan - Growth Option,Axis Mutual Fund
26-03-2013,14.09450,120503,Axis ELSS Tax Saver Fund - Direct Plan - Growth Option,Axis Mutual Fund
25-03-2013,14.02110,120503,Axis ELSS Tax Saver Fund - Direct Plan - Growth Option,Axis Mutual Fund
22-03-2013,14.06380,120503,Axis ELSS Tax Saver Fund - Direct Plan - Growth Option,Axis Mutual Fund
21-03-2013,14.12870,120503,Axis ELSS Tax Saver Fund - Direct Plan - Growth Option,Axis Mutual Fund
20-03-2013,14.19180,120503,Axis ELSS Tax Saver Fund - Direct Plan - Growth Option,Axis Mutual Fund
19-03-2013,14.37560,120503,Axis ELSS Tax Saver Fund - Direct Plan - Growth Option,Axis Mutual Fund
18-03-2013,14.57160,120503,Axis ELSS Tax Saver Fund - Direct Plan - Growth Option,Axis Mutual Fund
15-03-2013,14.65030,120503,Axis ELSS Tax Saver Fund - Direct Plan - Growth Option,Axis Mutual Fund
14-03-2013,14.66880,120503,Axis ELSS Tax Saver Fund - Direct Plan - Growth Option,Axis Mutual Fund
13-03-2013,14.53840,120503,Axis ELSS Tax Saver Fund - Direct Plan - Growth Option,Axis Mutual Fund
12-03-2013,14.69000,120503,Axis ELSS Tax Saver Fund - Direct Plan - Growth Option,Axis Mutual Fund
11-03-2013,14.73090,120503,Axis ELSS Tax Saver Fund - Direct Plan - Growth Option,Axis Mutual Fund
08-03-2013,14.69710,120503,Axis ELSS Tax Saver Fund - Direct Plan - Growth Option,Axis Mutual Fund
07-03-2013,14.49210,120503,Axis ELSS Tax Saver Fund - Direct Plan - Growth Option,Axis Mutual Fund
06-03-2013,14.36690,120503,Axis ELSS Tax Saver Fund - Direct Plan - Growth Option,Axis Mutual Fund
05-03-2013,14.30510,120503,Axis ELSS Tax Saver Fund - Direct Plan - Growth Option,Axis Mutual Fund
04-03-2013,14.15350,120503,Axis ELSS Tax Saver Fund - Direct Plan - Growth Option,Axis Mutual Fund
01-03-2013,14.23800,120503,Axis ELSS Tax Saver Fund - Direct Plan - Growth Option,Axis Mutual Fund
28-02-2013,14.10920,120503,Axis ELSS Tax Saver Fund - Direct Plan - Growth Option,Axis Mutual Fund
27-02-2013,14.28790,120503,Axis ELSS Tax Saver Fund - Direct Plan - Growth Option,Axis Mutual Fund
26-02-2013,14.20490,120503,Axis ELSS Tax Saver Fund - Direct Plan - Growth Option,Axis Mutual Fund
25-02-2013,14.40100,120503,Axis ELSS Tax Saver Fund - Direct Plan - Growth Option,Axis Mutual Fund
22-02-2013,14.44230,120503,Axis ELSS Tax Saver Fund - Direct Plan - Growth Option,Axis Mutual Fund
21-02-2013,14.41630,120503,Axis ELSS Tax Saver Fund - Direct Plan - Growth Option,Axis Mutual Fund
20-02-2013,14.61590,120503,Axis ELSS Tax Saver Fund - Direct Plan - Growth Option,Axis Mutual Fund
19-02-2013,14.61140,120503,Axis ELSS Tax Saver Fund - Direct Plan - Growth Option,Axis Mutual Fund
18-02-2013,14.49150,120503,Axis ELSS Tax Saver Fund - Direct Plan - Growth Option,Axis Mutual Fund
15-02-2013,14.46660,120503,Axis ELSS Tax Saver Fund - Direct Plan - Growth Option,Axis Mutual Fund
14-02-2013,14.50470,120503,Axis ELSS Tax Saver Fund - Direct Plan - Growth Option,Axis Mutual Fund
13-02-2013,14.61060,120503,Axis ELSS Tax Saver Fund - Direct Plan - Growth Option,Axis Mutual Fund
12-02-2013,14.55460,120503,Axis ELSS Tax Saver Fund - Direct Plan - Growth Option,Axis Mutual Fund
11-02-2013,14.54890,120503,Axis ELSS Tax Saver Fund - Direct Plan - Growth Option,Axis Mutual Fund
08-02-2013,14.61450,120503,Axis ELSS Tax Saver Fund - Direct Plan - Growth Option,Axis Mutual Fund
07-02-2013,14.68220,120503,Axis ELSS Tax Saver Fund - Direct Plan - Growth Option,Axis Mutual Fund
06-02-2013,14.70260,120503,Axis ELSS Tax Saver Fund - Direct Plan - Growth Option,Axis Mutual Fund
05-02-2013,14.64350,120503,Axis ELSS Tax Saver Fund - Direct Plan - Growth Option,Axis Mutual Fund
04-02-2013,14.70650,120503,Axis ELSS Tax Saver Fund - Direct Plan - Growth Option,Axis Mutual Fund
01-02-2013,14.69610,120503,Axis ELSS Tax Saver Fund - Direct Plan - Growth Option,Axis Mutual Fund
31-01-2013,14.73260,120503,Axis ELSS Tax Saver Fund - Direct Plan - Growth Option,Axis Mutual Fund
30-01-2013,14.77060,120503,Axis ELSS Tax Saver Fund - Direct Plan - Growth Option,Axis Mutual Fund
29-01-2013,14.79460,120503,Axis ELSS Tax Saver Fund - Direct Plan - Growth Option,Axis Mutual Fund
28-01-2013,14.77690,120503,Axis ELSS Tax Saver Fund - Direct Plan - Growth Option,Axis Mutual Fund
25-01-2013,14.76950,120503,Axis ELSS Tax Saver Fund - Direct Plan - Growth Option,Axis Mutual Fund
24-01-2013,14.61240,120503,Axis ELSS Tax Saver Fund - Direct Plan - Growth Option,Axis Mutual Fund
23-01-2013,14.69610,120503,Axis ELSS Tax Saver Fund - Direct Plan - Growth Option,Axis Mutual Fund
22-01-2013,14.70720,120503,Axis ELSS Tax Saver Fund - Direct Plan - Growth Option,Axis Mutual Fund
21-01-2013,14.75380,120503,Axis ELSS Tax Saver Fund - Direct Plan - Growth Option,Axis Mutual Fund
18-01-2013,14.79540,120503,Axis ELSS Tax Saver Fund - Direct Plan - Growth Option,Axis Mutual Fund
17-01-2013,14.82140,120503,Axis ELSS Tax Saver Fund - Direct Plan - Growth Option,Axis Mutual Fund
16-01-2013,14.87520,120503,Axis ELSS Tax Saver Fund - Direct Plan - Growth Option,Axis Mutual Fund
15-01-2013,14.98130,120503,Axis ELSS Tax Saver Fund - Direct Plan - Growth Option,Axis Mutual Fund
14-01-2013,14.97670,120503,Axis ELSS Tax Saver Fund - Direct Plan - Growth Option,Axis Mutual Fund
11-01-2013,14.88860,120503,Axis ELSS Tax Saver Fund - Direct Plan - Growth Option,Axis Mutual Fund
10-01-2013,15.06190,120503,Axis ELSS Tax Saver Fund - Direct Plan - Growth Option,Axis Mutual Fund
09-01-2013,15.05170,120503,Axis ELSS Tax Saver Fund - Direct Plan - Growth Option,Axis Mutual Fund
08-01-2013,15.11460,120503,Axis ELSS Tax Saver Fund - Direct Plan - Growth Option,Axis Mutual Fund
07-01-2013,15.09130,120503,Axis ELSS Tax Saver Fund - Direct Plan - Growth Option,Axis Mutual Fund
04-01-2013,15.07020,120503,Axis ELSS Tax Saver Fund - Direct Plan - Growth Option,Axis Mutual Fund
03-01-2013,15.07370,120503,Axis ELSS Tax Saver Fund - Direct Plan - Growth Option,Axis Mutual Fund
02-01-2013,15.02530,120503,Axis ELSS Tax Saver Fund - Direct Plan - Growth Option,Axis Mutual Fund
01-06-2026,6156.75320,119092,HDFC Money Market Fund - Growth Option - Direct Plan,HDFC Mutual Fund
29-05-2026,6151.11390,119092,HDFC Money Market Fund - Growth Option - Direct Plan,HDFC Mutual Fund
27-05-2026,6146.61180,119092,HDFC Money Market Fund - Growth Option - Direct Plan,HDFC Mutual Fund
26-05-2026,6144.00040,119092,HDFC Money Market Fund - Growth Option - Direct Plan,HDFC Mutual Fund
25-05-2026,6144.84780,119092,HDFC Money Market Fund - Growth Option - Direct Plan,HDFC Mutual Fund
22-05-2026,6142.63800,119092,HDFC Money Market Fund - Growth Option - Direct Plan,HDFC Mutual Fund
21-05-2026,6142.88080,119092,HDFC Money Market Fund - Growth Option - Direct Plan,HDFC Mutual Fund
20-05-2026,6147.58560,119092,HDFC Money Market Fund - Growth Option - Direct Plan,HDFC Mutual Fund
19-05-2026,6149.75980,119092,HDFC Money Market Fund - Growth Option - Direct Plan,HDFC Mutual Fund
18-05-2026,6148.48470,119092,HDFC Money Market Fund - Growth Option - Direct Plan,HDFC Mutual Fund
15-05-2026,6148.30160,119092,HDFC Money Market Fund - Growth Option - Direct Plan,HDFC Mutual Fund
14-05-2026,6148.93610,119092,HDFC Money Market Fund - Growth Option - Direct Plan,HDFC Mutual Fund
13-05-2026,6150.12570,119092,HDFC Money Market Fund - Growth Option - Direct Plan,HDFC Mutual Fund
12-05-2026,6150.50760,119092,HDFC Money Market Fund - Growth Option - Direct Plan,HDFC Mutual Fund
11-05-2026,6151.86710,119092,HDFC Money Market Fund - Growth Option - Direct Plan,HDFC Mutual Fund
08-05-2026,6151.37070,119092,HDFC Money Market Fund - Growth Option - Direct Plan,HDFC Mutual Fund
07-05-2026,6149.90980,119092,HDFC Money Market Fund - Growth Option - Direct Plan,HDFC Mutual Fund
06-05-2026,6149.03070,119092,HDFC Money Market Fund - Growth Option - Direct Plan,HDFC Mutual Fund
05-05-2026,6146.00010,119092,HDFC Money Market Fund - Growth Option - Direct Plan,HDFC Mutual Fund
04-05-2026,6145.70490,119092,HDFC Money Market Fund - Growth Option - Direct Plan,HDFC Mutual Fund
30-04-2026,6140.16140,119092,HDFC Money Market Fund - Growth Option - Direct Plan,HDFC Mutual Fund
29-04-2026,6141.87990,119092,HDFC Money Market Fund - Growth Option - Direct Plan,HDFC Mutual Fund
28-04-2026,6143.00100,119092,HDFC Money Market Fund - Growth Option - Direct Plan,HDFC Mutual Fund
27-04-2026,6142.59020,119092,HDFC Money Market Fund - Growth Option - Direct Plan,HDFC Mutual Fund
24-04-2026,6142.20180,119092,HDFC Money Market Fund - Growth Option - Direct Plan,HDFC Mutual Fund
23-04-2026,6141.96030,119092,HDFC Money Market Fund - Growth Option - Direct Plan,HDFC Mutual Fund
22-04-2026,6143.36630,119092,HDFC Money Market Fund - Growth Option - Direct Plan,HDFC Mutual Fund
21-04-2026,6142.96010,119092,HDFC Money Market Fund - Growth Option - Direct Plan,HDFC Mutual Fund
20-04-2026,6142.25370,119092,HDFC Money Market Fund - Growth Option - Direct Plan,HDFC Mutual Fund
17-04-2026,6139.23510,119092,HDFC Money Market Fund - Growth Option - Direct Plan,HDFC Mutual Fund
16-04-2026,6139.70040,119092,HDFC Money Market Fund - Growth Option - Direct Plan,HDFC Mutual Fund
15-04-2026,6137.69620,119092,HDFC Money Market Fund - Growth Option - Direct Plan,HDFC Mutual Fund
13-04-2026,6133.40710,119092,HDFC Money Market Fund - Growth Option - Direct Plan,HDFC Mutual Fund
10-04-2026,6129.76740,119092,HDFC Money Market Fund - Growth Option - Direct Plan,HDFC Mutual Fund
09-04-2026,6126.15440,119092,HDFC Money Market Fund - Growth Option - Direct Plan,HDFC Mutual Fund
08-04-2026,6119.12430,119092,HDFC Money Market Fund - Growth Option - Direct Plan,HDFC Mutual Fund
07-04-2026,6110.18340,119092,HDFC Money Market Fund - Growth Option - Direct Plan,HDFC Mutual Fund
06-04-2026,6107.33460,119092,HDFC Money Market Fund - Growth Option - Direct Plan,HDFC Mutual Fund
02-04-2026,6104.72640,119092,HDFC Money Market Fund - Growth Option - Direct Plan,HDFC Mutual Fund
31-03-2026,6102.51310,119092,HDFC Money Market Fund - Growth Option - Direct Plan,HDFC Mutual Fund
30-03-2026,6101.38580,119092,HDFC Money Market Fund - Growth Option - Direct Plan,HDFC Mutual Fund
27-03-2026,6095.18590,119092,HDFC Money Market Fund - Growth Option - Direct Plan,HDFC Mutual Fund
25-03-2026,6090.54100,119092,HDFC Money Market Fund - Growth Option - Direct Plan,HDFC Mutual Fund
24-03-2026,6089.20450,119092,HDFC Money Market Fund - Growth Option - Direct Plan,HDFC Mutual Fund
23-03-2026,6090.16010,119092,HDFC Money Market Fund - Growth Option - Direct Plan,HDFC Mutual Fund
20-03-2026,6093.52610,119092,HDFC Money Market Fund - Growth Option - Direct Plan,HDFC Mutual Fund
18-03-2026,6093.85860,119092,HDFC Money Market Fund - Growth Option - Direct Plan,HDFC Mutual Fund
17-03-2026,6089.09930,119092,HDFC Money Market Fund - Growth Option - Direct Plan,HDFC Mutual Fund
16-03-2026,6086.34340,119092,HDFC Money Market Fund - Growth Option - Direct Plan,HDFC Mutual Fund
13-03-2026,6083.61970,119092,HDFC Money Market Fund - Growth Option - Direct Plan,HDFC Mutual Fund
12-03-2026,6087.11200,119092,HDFC Money Market Fund - Growth Option - Direct Plan,HDFC Mutual Fund
11-03-2026,6088.34040,119092,HDFC Money Market Fund - Growth Option - Direct Plan,HDFC Mutual Fund
10-03-2026,6086.65160,119092,HDFC Money Market Fund - Growth Option - Direct Plan,HDFC Mutual Fund
09-03-2026,6085.22880,119092,HDFC Money Market Fund - Growth Option - Direct Plan,HDFC Mutual Fund
06-03-2026,6084.29620,119092,HDFC Money Market Fund - Growth Option - Direct Plan,HDFC Mutual Fund
05-03-2026,6082.39270,119092,HDFC Money Market Fund - Growth Option - Direct Plan,HDFC Mutual Fund
04-03-2026,6081.05890,119092,HDFC Money Market Fund - Growth Option - Direct Plan,HDFC Mutual Fund
02-03-2026,6081.76400,119092,HDFC Money Market Fund - Growth Option - Direct Plan,HDFC Mutual Fund
27-02-2026,6079.91950,119092,HDFC Money Market Fund - Growth Option - Direct Plan,HDFC Mutual Fund
26-02-2026,6078.81230,119092,HDFC Money Market Fund - Growth Option - Direct Plan,HDFC Mutual Fund
25-02-2026,6077.58860,119092,HDFC Money Market Fund - Growth Option - Direct Plan,HDFC Mutual Fund
24-02-2026,6076.17580,119092,HDFC Money Market Fund - Growth Option - Direct Plan,HDFC Mutual Fund
23-02-2026,6074.63880,119092,HDFC Money Market Fund - Growth Option - Direct Plan,HDFC Mutual Fund
20-02-2026,6071.65710,119092,HDFC Money Market Fund - Growth Option - Direct Plan,HDFC Mutual Fund
18-02-2026,6069.76700,119092,HDFC Money Market Fund - Growth Option - Direct Plan,HDFC Mutual Fund
17-02-2026,6069.70630,119092,HDFC Money Market Fund - Growth Option - Direct Plan,HDFC Mutual Fund
16-02-2026,6069.37830,119092,HDFC Money Market Fund - Growth Option - Direct Plan,HDFC Mutual Fund
13-02-2026,6066.86400,119092,HDFC Money Market Fund - Growth Option - Direct Plan,HDFC Mutual Fund
12-02-2026,6063.70500,119092,HDFC Money Market Fund - Growth Option - Direct Plan,HDFC Mutual Fund
11-02-2026,6061.12040,119092,HDFC Money Market Fund - Growth Option - Direct Plan,HDFC Mutual Fund
10-02-2026,6058.86430,119092,HDFC Money Market Fund - Growth Option - Direct Plan,HDFC Mutual Fund
09-02-2026,6057.50320,119092,HDFC Money Market Fund - Growth Option - Direct Plan,HDFC Mutual Fund
06-02-2026,6054.96860,119092,HDFC Money Market Fund - Growth Option - Direct Plan,HDFC Mutual Fund
05-02-2026,6055.74490,119092,HDFC Money Market Fund - Growth Option - Direct Plan,HDFC Mutual Fund
04-02-2026,6053.33130,119092,HDFC Money Market Fund - Growth Option - Direct Plan,HDFC Mutual Fund
03-02-2026,6050.77330,119092,HDFC Money Market Fund - Growth Option - Direct Plan,HDFC Mutual Fund
02-02-2026,6047.21590,119092,HDFC Money Market Fund - Growth Option - Direct Plan,HDFC Mutual Fund
30-01-2026,6043.78380,119092,HDFC Money Market Fund - Growth Option - Direct Plan,HDFC Mutual Fund
29-01-2026,6041.31730,119092,HDFC Money Market Fund - Growth Option - Direct Plan,HDFC Mutual Fund
28-01-2026,6040.78420,119092,HDFC Money Market Fund - Growth Option - Direct Plan,HDFC Mutual Fund
27-01-2026,6041.49770,119092,HDFC Money Market Fund - Growth Option - Direct Plan,HDFC Mutual Fund
23-01-2026,6037.64530,119092,HDFC Money Market Fund - Growth Option - Direct Plan,HDFC Mutual Fund
22-01-2026,6037.50600,119092,HDFC Money Market Fund - Growth Option - Direct Plan,HDFC Mutual Fund
21-01-2026,6034.62460,119092,HDFC Money Market Fund - Growth Option - Direct Plan,HDFC Mutual Fund
20-01-2026,6033.43290,119092,HDFC Money Market Fund - Growth Option - Direct Plan,HDFC Mutual Fund
19-01-2026,6033.56390,119092,HDFC Money Market Fund - Growth Option - Direct Plan,HDFC Mutual Fund
16-01-2026,6031.76390,119092,HDFC Money Market Fund - Growth Option - Direct Plan,HDFC Mutual Fund
14-01-2026,6031.49900,119092,HDFC Money Market Fund - Growth Option - Direct Plan,HDFC Mutual Fund
13-01-2026,6030.99530,119092,HDFC Money Market Fund - Growth Option - Direct Plan,HDFC Mutual Fund
12-01-2026,6031.23290,119092,HDFC Money Market Fund - Growth Option - Direct Plan,HDFC Mutual Fund
09-01-2026,6028.45910,119092,HDFC Money Market Fund - Growth Option - Direct Plan,HDFC Mutual Fund
08-01-2026,6028.08600,119092,HDFC Money Market Fund - Growth Option - Direct Plan,HDFC Mutual Fund
07-01-2026,6028.38460,119092,HDFC Money Market Fund - Growth Option - Direct Plan,HDFC Mutual Fund
06-01-2026,6028.72710,119092,HDFC Money Market Fund - Growth Option - Direct Plan,HDFC Mutual Fund
05-01-2026,6027.69050,119092,HDFC Money Market Fund - Growth Option - Direct Plan,HDFC Mutual Fund
02-01-2026,6025.26800,119092,HDFC Money Market Fund - Growth Option - Direct Plan,HDFC Mutual Fund
01-01-2026,6024.71870,119092,HDFC Money Market Fund - Growth Option - Direct Plan,HDFC Mutual Fund
31-12-2025,6023.54540,119092,HDFC Money Market Fund - Growth Option - Direct Plan,HDFC Mutual Fund
30-12-2025,6020.39880,119092,HDFC Money Market Fund - Growth Option - Direct Plan,HDFC Mutual Fund
29-12-2025,6020.51720,119092,HDFC Money Market Fund - Growth Option - Direct Plan,HDFC Mutual Fund
26-12-2025,6017.72270,119092,HDFC Money Market Fund - Growth Option - Direct Plan,HDFC Mutual Fund
24-12-2025,6015.99440,119092,HDFC Money Market Fund - Growth Option - Direct Plan,HDFC Mutual Fund
23-12-2025,6013.82670,119092,HDFC Money Market Fund - Growth Option - Direct Plan,HDFC Mutual Fund
22-12-2025,6012.96350,119092,HDFC Money Market Fund - Growth Option - Direct Plan,HDFC Mutual Fund
19-12-2025,6009.93470,119092,HDFC Money Market Fund - Growth Option - Direct Plan,HDFC Mutual Fund
18-12-2025,6008.95020,119092,HDFC Money Market Fund - Growth Option - Direct Plan,HDFC Mutual Fund
17-12-2025,6007.89020,119092,HDFC Money Market Fund - Growth Option - Direct Plan,HDFC Mutual Fund
16-12-2025,6007.20350,119092,HDFC Money Market Fund - Growth Option - Direct Plan,HDFC Mutual Fund
15-12-2025,6006.30400,119092,HDFC Money Market Fund - Growth Option - Direct Plan,HDFC Mutual Fund
12-12-2025,6004.00680,119092,HDFC Money Market Fund - Growth Option - Direct Plan,HDFC Mutual Fund
11-12-2025,6003.05960,119092,HDFC Money Market Fund - Growth Option - Direct Plan,HDFC Mutual Fund
10-12-2025,6002.27800,119092,HDFC Money Market Fund - Growth Option - Direct Plan,HDFC Mutual Fund
09-12-2025,6002.30200,119092,HDFC Money Market Fund - Growth Option - Direct Plan,HDFC Mutual Fund
08-12-2025,6002.03880,119092,HDFC Money Market Fund - Growth Option - Direct Plan,HDFC Mutual Fund
05-12-2025,5999.09530,119092,HDFC Money Market Fund - Growth Option - Direct Plan,HDFC Mutual Fund
04-12-2025,5996.93910,119092,HDFC Money Market Fund - Growth Option - Direct Plan,HDFC Mutual Fund
03-12-2025,5996.35110,119092,HDFC Money Market Fund - Growth Option - Direct Plan,HDFC Mutual Fund
02-12-2025,5995.77980,119092,HDFC Money Market Fund - Growth Option - Direct Plan,HDFC Mutual Fund
01-12-2025,5994.99360,119092,HDFC Money Market Fund - Growth Option - Direct Plan,HDFC Mutual Fund
28-11-2025,5992.53750,119092,HDFC Money Market Fund - Growth Option - Direct Plan,HDFC Mutual Fund
27-11-2025,5991.56950,119092,HDFC Money Market Fund - Growth Option - Direct Plan,HDFC Mutual Fund
26-11-2025,5990.45540,119092,HDFC Money Market Fund - Growth Option - Direct Plan,HDFC Mutual Fund
25-11-2025,5989.34880,119092,HDFC Money Market Fund - Growth Option - Direct Plan,HDFC Mutual Fund
24-11-2025,5988.07990,119092,HDFC Money Market Fund - Growth Option - Direct Plan,HDFC Mutual Fund
21-11-2025,5985.17890,119092,HDFC Money Market Fund - Growth Option - Direct Plan,HDFC Mutual Fund
20-11-2025,5984.26630,119092,HDFC Money Market Fund - Growth Option - Direct Plan,HDFC Mutual Fund
19-11-2025,5983.40160,119092,HDFC Money Market Fund - Growth Option - Direct Plan,HDFC Mutual Fund
18-11-2025,5982.38080,119092,HDFC Money Market Fund - Growth Option - Direct Plan,HDFC Mutual Fund
17-11-2025,5981.20660,119092,HDFC Money Market Fund - Growth Option - Direct Plan,HDFC Mutual Fund
14-11-2025,5978.35180,119092,HDFC Money Market Fund - Growth Option - Direct Plan,HDFC Mutual Fund
13-11-2025,5977.41710,119092,HDFC Money Market Fund - Growth Option - Direct Plan,HDFC Mutual Fund
12-11-2025,5976.36880,119092,HDFC Money Market Fund - Growth Option - Direct Plan,HDFC Mutual Fund
11-11-2025,5975.03740,119092,HDFC Money Market Fund - Growth Option - Direct Plan,HDFC Mutual Fund
10-11-2025,5973.97340,119092,HDFC Money Market Fund - Growth Option - Direct Plan,HDFC Mutual Fund
07-11-2025,5971.02470,119092,HDFC Money Market Fund - Growth Option - Direct Plan,HDFC Mutual Fund
06-11-2025,5969.92560,119092,HDFC Money Market Fund - Growth Option - Direct Plan,HDFC Mutual Fund
04-11-2025,5967.95870,119092,HDFC Money Market Fund - Growth Option - Direct Plan,HDFC Mutual Fund
03-11-2025,5966.96460,119092,HDFC Money Market Fund - Growth Option - Direct Plan,HDFC Mutual Fund
31-10-2025,5963.94250,119092,HDFC Money Market Fund - Growth Option - Direct Plan,HDFC Mutual Fund
30-10-2025,5962.91050,119092,HDFC Money Market Fund - Growth Option - Direct Plan,HDFC Mutual Fund
29-10-2025,5962.24360,119092,HDFC Money Market Fund - Growth Option - Direct Plan,HDFC Mutual Fund
28-10-2025,5961.28160,119092,HDFC Money Market Fund - Growth Option - Direct Plan,HDFC Mutual Fund
27-10-2025,5959.95940,119092,HDFC Money Market Fund - Growth Option - Direct Plan,HDFC Mutual Fund
24-10-2025,5957.01330,119092,HDFC Money Market Fund - Growth Option - Direct Plan,HDFC Mutual Fund
23-10-2025,5956.26610,119092,HDFC Money Market Fund - Growth Option - Direct Plan,HDFC Mutual Fund
20-10-2025,5953.55420,119092,HDFC Money Market Fund - Growth Option - Direct Plan,HDFC Mutual Fund
17-10-2025,5950.67900,119092,HDFC Money Market Fund - Growth Option - Direct Plan,HDFC Mutual Fund
16-10-2025,5949.99410,119092,HDFC Money Market Fund - Growth Option - Direct Plan,HDFC Mutual Fund
15-10-2025,5949.61580,119092,HDFC Money Market Fund - Growth Option - Direct Plan,HDFC Mutual Fund
14-10-2025,5948.72500,119092,HDFC Money Market Fund - Growth Option - Direct Plan,HDFC Mutual Fund
13-10-2025,5947.79550,119092,HDFC Money Market Fund - Growth Option - Direct Plan,HDFC Mutual Fund
10-10-2025,5944.84950,119092,HDFC Money Market Fund - Growth Option - Direct Plan,HDFC Mutual Fund
09-10-2025,5943.98080,119092,HDFC Money Market Fund - Growth Option - Direct Plan,HDFC Mutual Fund
08-10-2025,5943.16990,119092,HDFC Money Market Fund - Growth Option - Direct Plan,HDFC Mutual Fund
07-10-2025,5942.44460,119092,HDFC Money Market Fund - Growth Option - Direct Plan,HDFC Mutual Fund
06-10-2025,5941.79360,119092,HDFC Money Market Fund - Growth Option - Direct Plan,HDFC Mutual Fund
03-10-2025,5938.47480,119092,HDFC Money Market Fund - Growth Option - Direct Plan,HDFC Mutual Fund
01-10-2025,5935.60000,119092,HDFC Money Market Fund - Growth Option - Direct Plan,HDFC Mutual Fund
30-09-2025,5933.53730,119092,HDFC Money Market Fund - Growth Option - Direct Plan,HDFC Mutual Fund
26-09-2025,5928.04740,119092,HDFC Money Market Fund - Growth Option - Direct Plan,HDFC Mutual Fund
25-09-2025,5927.31080,119092,HDFC Money Market Fund - Growth Option - Direct Plan,HDFC Mutual Fund
24-09-2025,5926.67410,119092,HDFC Money Market Fund - Growth Option - Direct Plan,HDFC Mutual Fund
23-09-2025,5925.95310,119092,HDFC Money Market Fund - Growth Option - Direct Plan,HDFC Mutual Fund
22-09-2025,5924.97230,119092,HDFC Money Market Fund - Growth Option - Direct Plan,HDFC Mutual Fund
19-09-2025,5922.13570,119092,HDFC Money Market Fund - Growth Option - Direct Plan,HDFC Mutual Fund
18-09-2025,5921.22440,119092,HDFC Money Market Fund - Growth Option - Direct Plan,HDFC Mutual Fund
17-09-2025,5919.70480,119092,HDFC Money Market Fund - Growth Option - Direct Plan,HDFC Mutual Fund
16-09-2025,5918.11800,119092,HDFC Money Market Fund - Growth Option - Direct Plan,HDFC Mutual Fund
15-09-2025,5916.61100,119092,HDFC Money Market Fund - Growth Option - Direct Plan,HDFC Mutual Fund
12-09-2025,5913.83650,119092,HDFC Money Market Fund - Growth Option - Direct Plan,HDFC Mutual Fund
11-09-2025,5913.29380,119092,HDFC Money Market Fund - Growth Option - Direct Plan,HDFC Mutual Fund
10-09-2025,5912.00410,119092,HDFC Money Market Fund - Growth Option - Direct Plan,HDFC Mutual Fund
09-09-2025,5911.39240,119092,HDFC Money Market Fund - Growth Option - Direct Plan,HDFC Mutual Fund
05-09-2025,5908.56830,119092,HDFC Money Market Fund - Growth Option - Direct Plan,HDFC Mutual Fund
04-09-2025,5907.61230,119092,HDFC Money Market Fund - Growth Option - Direct Plan,HDFC Mutual Fund
03-09-2025,5906.76440,119092,HDFC Money Market Fund - Growth Option - Direct Plan,HDFC Mutual Fund
02-09-2025,5905.98680,119092,HDFC Money Market Fund - Growth Option - Direct Plan,HDFC Mutual Fund
01-09-2025,5905.57180,119092,HDFC Money Market Fund - Growth Option - Direct Plan,HDFC Mutual Fund
29-08-2025,5902.98760,119092,HDFC Money Market Fund - Growth Option - Direct Plan,HDFC Mutual Fund
28-08-2025,5902.40990,119092,HDFC Money Market Fund - Growth Option - Direct Plan,HDFC Mutual Fund
26-08-2025,5900.71070,119092,HDFC Money Market Fund - Growth Option - Direct Plan,HDFC Mutual Fund
25-08-2025,5899.98880,119092,HDFC Money Market Fund - Growth Option - Direct Plan,HDFC Mutual Fund
22-08-2025,5897.23740,119092,HDFC Money Market Fund - Growth Option - Direct Plan,HDFC Mutual Fund
21-08-2025,5896.21470,119092,HDFC Money Market Fund - Growth Option - Direct Plan,HDFC Mutual Fund
20-08-2025,5895.21640,119092,HDFC Money Market Fund - Growth Option - Direct Plan,HDFC Mutual Fund
19-08-2025,5894.27420,119092,HDFC Money Market Fund - Growth Option - Direct Plan,HDFC Mutual Fund
18-08-2025,5892.98960,119092,HDFC Money Market Fund - Growth Option - Direct Plan,HDFC Mutual Fund
14-08-2025,5889.26360,119092,HDFC Money Market Fund - Growth Option - Direct Plan,HDFC Mutual Fund
13-08-2025,5888.12470,119092,HDFC Money Market Fund - Growth Option - Direct Plan,HDFC Mutual Fund
12-08-2025,5887.39080,119092,HDFC Money Market Fund - Growth Option - Direct Plan,HDFC Mutual Fund
11-08-2025,5887.22860,119092,HDFC Money Market Fund - Growth Option - Direct Plan,HDFC Mutual Fund
08-08-2025,5884.84840,119092,HDFC Money Market Fund - Growth Option - Direct Plan,HDFC Mutual Fund
07-08-2025,5884.08370,119092,HDFC Money Market Fund - Growth Option - Direct Plan,HDFC Mutual Fund
06-08-2025,5883.30450,119092,HDFC Money Market Fund - Growth Option - Direct Plan,HDFC Mutual Fund
05-08-2025,5883.44820,119092,HDFC Money Market Fund - Growth Option - Direct Plan,HDFC Mutual Fund
04-08-2025,5882.15890,119092,HDFC Money Market Fund - Growth Option - Direct Plan,HDFC Mutual Fund
01-08-2025,5878.79320,119092,HDFC Money Market Fund - Growth Option - Direct Plan,HDFC Mutual Fund
31-07-2025,5877.51090,119092,HDFC Money Market Fund - Growth Option - Direct Plan,HDFC Mutual Fund
30-07-2025,5876.50920,119092,HDFC Money Market Fund - Growth Option - Direct Plan,HDFC Mutual Fund
29-07-2025,5875.66260,119092,HDFC Money Market Fund - Growth Option - Direct Plan,HDFC Mutual Fund
28-07-2025,5875.10430,119092,HDFC Money Market Fund - Growth Option - Direct Plan,HDFC Mutual Fund
25-07-2025,5872.80520,119092,HDFC Money Market Fund - Growth Option - Direct Plan,HDFC Mutual Fund
24-07-2025,5872.03660,119092,HDFC Money Market Fund - Growth Option - Direct Plan,HDFC Mutual Fund
23-07-2025,5871.18280,119092,HDFC Money Market Fund - Growth Option - Direct Plan,HDFC Mutual Fund
22-07-2025,5869.84170,119092,HDFC Money Market Fund - Growth Option - Direct Plan,HDFC Mutual Fund
21-07-2025,5869.11710,119092,HDFC Money Market Fund - Growth Option - Direct Plan,HDFC Mutual Fund
18-07-2025,5866.49510,119092,HDFC Money Market Fund - Growth Option - Direct Plan,HDFC Mutual Fund
17-07-2025,5865.38530,119092,HDFC Money Market Fund - Growth Option - Direct Plan,HDFC Mutual Fund
16-07-2025,5864.37530,119092,HDFC Money Market Fund - Growth Option - Direct Plan,HDFC Mutual Fund
15-07-2025,5863.62010,119092,HDFC Money Market Fund - Growth Option - Direct Plan,HDFC Mutual Fund
14-07-2025,5862.59080,119092,HDFC Money Market Fund - Growth Option - Direct Plan,HDFC Mutual Fund
11-07-2025,5858.92960,119092,HDFC Money Market Fund - Growth Option - Direct Plan,HDFC Mutual Fund
10-07-2025,5858.47660,119092,HDFC Money Market Fund - Growth Option - Direct Plan,HDFC Mutual Fund
09-07-2025,5857.21640,119092,HDFC Money Market Fund - Growth Option - Direct Plan,HDFC Mutual Fund
08-07-2025,5856.93320,119092,HDFC Money Market Fund - Growth Option - Direct Plan,HDFC Mutual Fund
07-07-2025,5856.29770,119092,HDFC Money Market Fund - Growth Option - Direct Plan,HDFC Mutual Fund
04-07-2025,5853.36060,119092,HDFC Money Market Fund - Growth Option - Direct Plan,HDFC Mutual Fund
03-07-2025,5852.48450,119092,HDFC Money Market Fund - Growth Option - Direct Plan,HDFC Mutual Fund
02-07-2025,5851.09810,119092,HDFC Money Market Fund - Growth Option - Direct Plan,HDFC Mutual Fund
01-07-2025,5847.48100,119092,HDFC Money Market Fund - Growth Option - Direct Plan,HDFC Mutual Fund
30-06-2025,5843.79290,119092,HDFC Money Market Fund - Growth Option - Direct Plan,HDFC Mutual Fund
27-06-2025,5840.55960,119092,HDFC Money Market Fund - Growth Option - Direct Plan,HDFC Mutual Fund
26-06-2025,5839.24530,119092,HDFC Money Market Fund - Growth Option - Direct Plan,HDFC Mutual Fund
25-06-2025,5838.09250,119092,HDFC Money Market Fund - Growth Option - Direct Plan,HDFC Mutual Fund
24-06-2025,5838.48600,119092,HDFC Money Market Fund - Growth Option - Direct Plan,HDFC Mutual Fund
23-06-2025,5837.22670,119092,HDFC Money Market Fund - Growth Option - Direct Plan,HDFC Mutual Fund
20-06-2025,5833.93860,119092,HDFC Money Market Fund - Growth Option - Direct Plan,HDFC Mutual Fund
19-06-2025,5832.83130,119092,HDFC Money Market Fund - Growth Option - Direct Plan,HDFC Mutual Fund
18-06-2025,5831.63210,119092,HDFC Money Market Fund - Growth Option - Direct Plan,HDFC Mutual Fund
17-06-2025,5830.13830,119092,HDFC Money Market Fund - Growth Option - Direct Plan,HDFC Mutual Fund
16-06-2025,5829.32420,119092,HDFC Money Market Fund - Growth Option - Direct Plan,HDFC Mutual Fund
13-06-2025,5826.49690,119092,HDFC Money Market Fund - Growth Option - Direct Plan,HDFC Mutual Fund
12-06-2025,5826.05070,119092,HDFC Money Market Fund - Growth Option - Direct Plan,HDFC Mutual Fund
11-06-2025,5825.44780,119092,HDFC Money Market Fund - Growth Option - Direct Plan,HDFC Mutual Fund
10-06-2025,5827.18910,119092,HDFC Money Market Fund - Growth Option - Direct Plan,HDFC Mutual Fund
09-06-2025,5829.16140,119092,HDFC Money Market Fund - Growth Option - Direct Plan,HDFC Mutual Fund
06-06-2025,5825.19450,119092,HDFC Money Market Fund - Growth Option - Direct Plan,HDFC Mutual Fund
05-06-2025,5816.43010,119092,HDFC Money Market Fund - Growth Option - Direct Plan,HDFC Mutual Fund
04-06-2025,5814.43590,119092,HDFC Money Market Fund - Growth Option - Direct Plan,HDFC Mutual Fund
03-06-2025,5812.57650,119092,HDFC Money Market Fund - Growth Option - Direct Plan,HDFC Mutual Fund
02-06-2025,5810.05600,119092,HDFC Money Market Fund - Growth Option - Direct Plan,HDFC Mutual Fund
30-05-2025,5806.61690,119092,HDFC Money Market Fund - Growth Option - Direct Plan,HDFC Mutual Fund
29-05-2025,5805.63260,119092,HDFC Money Market Fund - Growth Option - Direct Plan,HDFC Mutual Fund
28-05-2025,5803.87990,119092,HDFC Money Market Fund - Growth Option - Direct Plan,HDFC Mutual Fund
27-05-2025,5801.76660,119092,HDFC Money Market Fund - Growth Option - Direct Plan,HDFC Mutual Fund
26-05-2025,5800.45840,119092,HDFC Money Market Fund - Growth Option - Direct Plan,HDFC Mutual Fund
23-05-2025,5797.57830,119092,HDFC Money Market Fund - Growth Option - Direct Plan,HDFC Mutual Fund
22-05-2025,5795.80730,119092,HDFC Money Market Fund - Growth Option - Direct Plan,HDFC Mutual Fund
21-05-2025,5795.40480,119092,HDFC Money Market Fund - Growth Option - Direct Plan,HDFC Mutual Fund
20-05-2025,5793.68940,119092,HDFC Money Market Fund - Growth Option - Direct Plan,HDFC Mutual Fund
19-05-2025,5791.24210,119092,HDFC Money Market Fund - Growth Option - Direct Plan,HDFC Mutual Fund
16-05-2025,5787.48160,119092,HDFC Money Market Fund - Growth Option - Direct Plan,HDFC Mutual Fund
15-05-2025,5784.83170,119092,HDFC Money Market Fund - Growth Option - Direct Plan,HDFC Mutual Fund
14-05-2025,5783.74660,119092,HDFC Money Market Fund - Growth Option - Direct Plan,HDFC Mutual Fund
13-05-2025,5780.04910,119092,HDFC Money Market Fund - Growth Option - Direct Plan,HDFC Mutual Fund
09-05-2025,5773.31560,119092,HDFC Money Market Fund - Growth Option - Direct Plan,HDFC Mutual Fund
08-05-2025,5774.83420,119092,HDFC Money Market Fund - Growth Option - Direct Plan,HDFC Mutual Fund
07-05-2025,5776.01550,119092,HDFC Money Market Fund - Growth Option - Direct Plan,HDFC Mutual Fund
06-05-2025,5774.99720,119092,HDFC Money Market Fund - Growth Option - Direct Plan,HDFC Mutual Fund
05-05-2025,5773.12110,119092,HDFC Money Market Fund - Growth Option - Direct Plan,HDFC Mutual Fund
02-05-2025,5769.73620,119092,HDFC Money Market Fund - Growth Option - Direct Plan,HDFC Mutual Fund
30-04-2025,5767.17520,119092,HDFC Money Market Fund - Growth Option - Direct Plan,HDFC Mutual Fund
29-04-2025,5766.65460,119092,HDFC Money Market Fund - Growth Option - Direct Plan,HDFC Mutual Fund
28-04-2025,5765.50120,119092,HDFC Money Market Fund - Growth Option - Direct Plan,HDFC Mutual Fund
25-04-2025,5762.43560,119092,HDFC Money Market Fund - Growth Option - Direct Plan,HDFC Mutual Fund
24-04-2025,5762.46550,119092,HDFC Money Market Fund - Growth Option - Direct Plan,HDFC Mutual Fund
23-04-2025,5760.65990,119092,HDFC Money Market Fund - Growth Option - Direct Plan,HDFC Mutual Fund
22-04-2025,5759.38880,119092,HDFC Money Market Fund - Growth Option - Direct Plan,HDFC Mutual Fund
21-04-2025,5758.00830,119092,HDFC Money Market Fund - Growth Option - Direct Plan,HDFC Mutual Fund
17-04-2025,5751.95980,119092,HDFC Money Market Fund - Growth Option - Direct Plan,HDFC Mutual Fund
16-04-2025,5750.25120,119092,HDFC Money Market Fund - Growth Option - Direct Plan,HDFC Mutual Fund
15-04-2025,5749.07050,119092,HDFC Money Market Fund - Growth Option - Direct Plan,HDFC Mutual Fund
11-04-2025,5744.56950,119092,HDFC Money Market Fund - Growth Option - Direct Plan,HDFC Mutual Fund
09-04-2025,5740.70710,119092,HDFC Money Market Fund - Growth Option - Direct Plan,HDFC Mutual Fund
08-04-2025,5736.68820,119092,HDFC Money Market Fund - Growth Option - Direct Plan,HDFC Mutual Fund
07-04-2025,5735.19370,119092,HDFC Money Market Fund - Growth Option - Direct Plan,HDFC Mutual Fund
04-04-2025,5732.12200,119092,HDFC Money Market Fund - Growth Option - Direct Plan,HDFC Mutual Fund
03-04-2025,5730.54440,119092,HDFC Money Market Fund - Growth Option - Direct Plan,HDFC Mutual Fund
02-04-2025,5726.32440,119092,HDFC Money Market Fund - Growth Option - Direct Plan,HDFC Mutual Fund
31-03-2025,5716.82400,119092,HDFC Money Market Fund - Growth Option - Direct Plan,HDFC Mutual Fund
28-03-2025,5713.76970,119092,HDFC Money Market Fund - Growth Option - Direct Plan,HDFC Mutual Fund
27-03-2025,5705.15330,119092,HDFC Money Market Fund - Growth Option - Direct Plan,HDFC Mutual Fund
26-03-2025,5704.23650,119092,HDFC Money Market Fund - Growth Option - Direct Plan,HDFC Mutual Fund
25-03-2025,5701.16310,119092,HDFC Money Market Fund - Growth Option - Direct Plan,HDFC Mutual Fund
24-03-2025,5700.18570,119092,HDFC Money Market Fund - Growth Option - Direct Plan,HDFC Mutual Fund
21-03-2025,5693.88510,119092,HDFC Money Market Fund - Growth Option - Direct Plan,HDFC Mutual Fund
20-03-2025,5689.69400,119092,HDFC Money Market Fund - Growth Option - Direct Plan,HDFC Mutual Fund
19-03-2025,5687.35310,119092,HDFC Money Market Fund - Growth Option - Direct Plan,HDFC Mutual Fund
18-03-2025,5685.30430,119092,HDFC Money Market Fund - Growth Option - Direct Plan,HDFC Mutual Fund
17-03-2025,5683.81450,119092,HDFC Money Market Fund - Growth Option - Direct Plan,HDFC Mutual Fund
13-03-2025,5679.10860,119092,HDFC Money Market Fund - Growth Option - Direct Plan,HDFC Mutual Fund
12-03-2025,5677.26150,119092,HDFC Money Market Fund - Growth Option - Direct Plan,HDFC Mutual Fund
11-03-2025,5676.14320,119092,HDFC Money Market Fund - Growth Option - Direct Plan,HDFC Mutual Fund
10-03-2025,5675.26140,119092,HDFC Money Market Fund - Growth Option - Direct Plan,HDFC Mutual Fund
07-03-2025,5671.50000,119092,HDFC Money Market Fund - Growth Option - Direct Plan,HDFC Mutual Fund
06-03-2025,5670.70570,119092,HDFC Money Market Fund - Growth Option - Direct Plan,HDFC Mutual Fund
05-03-2025,5669.84210,119092,HDFC Money Market Fund - Growth Option - Direct Plan,HDFC Mutual Fund
04-03-2025,5669.51530,119092,HDFC Money Market Fund - Growth Option - Direct Plan,HDFC Mutual Fund
03-03-2025,5668.83600,119092,HDFC Money Market Fund - Growth Option - Direct Plan,HDFC Mutual Fund
28-02-2025,5666.30390,119092,HDFC Money Market Fund - Growth Option - Direct Plan,HDFC Mutual Fund
27-02-2025,5665.50350,119092,HDFC Money Market Fund - Growth Option - Direct Plan,HDFC Mutual Fund
25-02-2025,5663.40850,119092,HDFC Money Market Fund - Growth Option - Direct Plan,HDFC Mutual Fund
24-02-2025,5662.80360,119092,HDFC Money Market Fund - Growth Option - Direct Plan,HDFC Mutual Fund
21-02-2025,5658.52600,119092,HDFC Money Market Fund - Growth Option - Direct Plan,HDFC Mutual Fund
20-02-2025,5657.28670,119092,HDFC Money Market Fund - Growth Option - Direct Plan,HDFC Mutual Fund
18-02-2025,5655.06070,119092,HDFC Money Market Fund - Growth Option - Direct Plan,HDFC Mutual Fund
17-02-2025,5654.11890,119092,HDFC Money Market Fund - Growth Option - Direct Plan,HDFC Mutual Fund
14-02-2025,5651.07460,119092,HDFC Money Market Fund - Growth Option - Direct Plan,HDFC Mutual Fund
13-02-2025,5650.16590,119092,HDFC Money Market Fund - Growth Option - Direct Plan,HDFC Mutual Fund
12-02-2025,5648.48140,119092,HDFC Money Market Fund - Growth Option - Direct Plan,HDFC Mutual Fund
11-02-2025,5647.27140,119092,HDFC Money Market Fund - Growth Option - Direct Plan,HDFC Mutual Fund
10-02-2025,5646.02200,119092,HDFC Money Market Fund - Growth Option - Direct Plan,HDFC Mutual Fund
07-02-2025,5644.18500,119092,HDFC Money Market Fund - Growth Option - Direct Plan,HDFC Mutual Fund
06-02-2025,5644.14490,119092,HDFC Money Market Fund - Growth Option - Direct Plan,HDFC Mutual Fund
05-02-2025,5641.29290,119092,HDFC Money Market Fund - Growth Option - Direct Plan,HDFC Mutual Fund
04-02-2025,5639.54930,119092,HDFC Money Market Fund - Growth Option - Direct Plan,HDFC Mutual Fund
03-02-2025,5638.03740,119092,HDFC Money Market Fund - Growth Option - Direct Plan,HDFC Mutual Fund
31-01-2025,5634.87330,119092,HDFC Money Market Fund - Growth Option - Direct Plan,HDFC Mutual Fund
30-01-2025,5633.66020,119092,HDFC Money Market Fund - Growth Option - Direct Plan,HDFC Mutual Fund
29-01-2025,5632.26320,119092,HDFC Money Market Fund - Growth Option - Direct Plan,HDFC Mutual Fund
28-01-2025,5630.41840,119092,HDFC Money Market Fund - Growth Option - Direct Plan,HDFC Mutual Fund
27-01-2025,5629.01010,119092,HDFC Money Market Fund - Growth Option - Direct Plan,HDFC Mutual Fund
24-01-2025,5625.52810,119092,HDFC Money Market Fund - Growth Option - Direct Plan,HDFC Mutual Fund
23-01-2025,5624.52550,119092,HDFC Money Market Fund - Growth Option - Direct Plan,HDFC Mutual Fund
22-01-2025,5623.65680,119092,HDFC Money Market Fund - Growth Option - Direct Plan,HDFC Mutual Fund
21-01-2025,5622.95410,119092,HDFC Money Market Fund - Growth Option - Direct Plan,HDFC Mutual Fund
20-01-2025,5621.84680,119092,HDFC Money Market Fund - Growth Option - Direct Plan,HDFC Mutual Fund
17-01-2025,5618.58400,119092,HDFC Money Market Fund - Growth Option - Direct Plan,HDFC Mutual Fund
16-01-2025,5617.32900,119092,HDFC Money Market Fund - Growth Option - Direct Plan,HDFC Mutual Fund
15-01-2025,5615.65090,119092,HDFC Money Market Fund - Growth Option - Direct Plan,HDFC Mutual Fund
14-01-2025,5613.98760,119092,HDFC Money Market Fund - Growth Option - Direct Plan,HDFC Mutual Fund
13-01-2025,5613.12640,119092,HDFC Money Market Fund - Growth Option - Direct Plan,HDFC Mutual Fund
10-01-2025,5610.30630,119092,HDFC Money Market Fund - Growth Option - Direct Plan,HDFC Mutual Fund
09-01-2025,5608.91310,119092,HDFC Money Market Fund - Growth Option - Direct Plan,HDFC Mutual Fund
08-01-2025,5608.67130,119092,HDFC Money Market Fund - Growth Option - Direct Plan,HDFC Mutual Fund
07-01-2025,5608.33640,119092,HDFC Money Market Fund - Growth Option - Direct Plan,HDFC Mutual Fund
06-01-2025,5607.51870,119092,HDFC Money Market Fund - Growth Option - Direct Plan,HDFC Mutual Fund
03-01-2025,5604.37240,119092,HDFC Money Market Fund - Growth Option - Direct Plan,HDFC Mutual Fund
02-01-2025,5603.54530,119092,HDFC Money Market Fund - Growth Option - Direct Plan,HDFC Mutual Fund
01-01-2025,5602.05940,119092,HDFC Money Market Fund - Growth Option - Direct Plan,HDFC Mutual Fund
31-12-2024,5600.57710,119092,HDFC Money Market Fund - Growth Option - Direct Plan,HDFC Mutual Fund
30-12-2024,5597.33840,119092,HDFC Money Market Fund - Growth Option - Direct Plan,HDFC Mutual Fund
27-12-2024,5594.09510,119092,HDFC Money Market Fund - Growth Option - Direct Plan,HDFC Mutual Fund
26-12-2024,5592.92440,119092,HDFC Money Market Fund - Growth Option - Direct Plan,HDFC Mutual Fund
24-12-2024,5590.94350,119092,HDFC Money Market Fund - Growth Option - Direct Plan,HDFC Mutual Fund
23-12-2024,5590.44710,119092,HDFC Money Market Fund - Growth Option - Direct Plan,HDFC Mutual Fund
20-12-2024,5588.07200,119092,HDFC Money Market Fund - Growth Option - Direct Plan,HDFC Mutual Fund
19-12-2024,5587.01000,119092,HDFC Money Market Fund - Growth Option - Direct Plan,HDFC Mutual Fund
18-12-2024,5586.41790,119092,HDFC Money Market Fund - Growth Option - Direct Plan,HDFC Mutual Fund
17-12-2024,5585.57200,119092,HDFC Money Market Fund - Growth Option - Direct Plan,HDFC Mutual Fund
16-12-2024,5584.46710,119092,HDFC Money Market Fund - Growth Option - Direct Plan,HDFC Mutual Fund
13-12-2024,5580.92320,119092,HDFC Money Market Fund - Growth Option - Direct Plan,HDFC Mutual Fund
12-12-2024,5580.66960,119092,HDFC Money Market Fund - Growth Option - Direct Plan,HDFC Mutual Fund
11-12-2024,5580.14190,119092,HDFC Money Market Fund - Growth Option - Direct Plan,HDFC Mutual Fund
10-12-2024,5579.16510,119092,HDFC Money Market Fund - Growth Option - Direct Plan,HDFC Mutual Fund
09-12-2024,5578.25000,119092,HDFC Money Market Fund - Growth Option - Direct Plan,HDFC Mutual Fund
06-12-2024,5575.00970,119092,HDFC Money Market Fund - Growth Option - Direct Plan,HDFC Mutual Fund
05-12-2024,5573.60120,119092,HDFC Money Market Fund - Growth Option - Direct Plan,HDFC Mutual Fund
04-12-2024,5572.09270,119092,HDFC Money Market Fund - Growth Option - Direct Plan,HDFC Mutual Fund
03-12-2024,5570.89600,119092,HDFC Money Market Fund - Growth Option - Direct Plan,HDFC Mutual Fund
02-12-2024,5569.93050,119092,HDFC Money Market Fund - Growth Option - Direct Plan,HDFC Mutual Fund
29-11-2024,5566.48740,119092,HDFC Money Market Fund - Growth Option - Direct Plan,HDFC Mutual Fund
28-11-2024,5565.34310,119092,HDFC Money Market Fund - Growth Option - Direct Plan,HDFC Mutual Fund
27-11-2024,5564.36520,119092,HDFC Money Market Fund - Growth Option - Direct Plan,HDFC Mutual Fund
26-11-2024,5563.32510,119092,HDFC Money Market Fund - Growth Option - Direct Plan,HDFC Mutual Fund
25-11-2024,5562.25630,119092,HDFC Money Market Fund - Growth Option - Direct Plan,HDFC Mutual Fund
22-11-2024,5559.02820,119092,HDFC Money Market Fund - Growth Option - Direct Plan,HDFC Mutual Fund
21-11-2024,5557.98430,119092,HDFC Money Market Fund - Growth Option - Direct Plan,HDFC Mutual Fund
19-11-2024,5556.13050,119092,HDFC Money Market Fund - Growth Option - Direct Plan,HDFC Mutual Fund
18-11-2024,5555.06350,119092,HDFC Money Market Fund - Growth Option - Direct Plan,HDFC Mutual Fund
14-11-2024,5550.90970,119092,HDFC Money Market Fund - Growth Option - Direct Plan,HDFC Mutual Fund
13-11-2024,5549.76430,119092,HDFC Money Market Fund - Growth Option - Direct Plan,HDFC Mutual Fund
12-11-2024,5548.56220,119092,HDFC Money Market Fund - Growth Option - Direct Plan,HDFC Mutual Fund
11-11-2024,5547.53410,119092,HDFC Money Market Fund - Growth Option - Direct Plan,HDFC Mutual Fund
08-11-2024,5544.30480,119092,HDFC Money Market Fund - Growth Option - Direct Plan,HDFC Mutual Fund
07-11-2024,5543.23160,119092,HDFC Money Market Fund - Growth Option - Direct Plan,HDFC Mutual Fund
06-11-2024,5541.99000,119092,HDFC Money Market Fund - Growth Option - Direct Plan,HDFC Mutual Fund
05-11-2024,5540.87950,119092,HDFC Money Market Fund - Growth Option - Direct Plan,HDFC Mutual Fund
04-11-2024,5539.52140,119092,HDFC Money Market Fund - Growth Option - Direct Plan,HDFC Mutual Fund
31-10-2024,5535.04900,119092,HDFC Money Market Fund - Growth Option - Direct Plan,HDFC Mutual Fund
30-10-2024,5533.65490,119092,HDFC Money Market Fund - Growth Option - Direct Plan,HDFC Mutual Fund
29-10-2024,5532.59720,119092,HDFC Money Market Fund - Growth Option - Direct Plan,HDFC Mutual Fund
28-10-2024,5531.48540,119092,HDFC Money Market Fund - Growth Option - Direct Plan,HDFC Mutual Fund
25-10-2024,5528.42340,119092,HDFC Money Market Fund - Growth Option - Direct Plan,HDFC Mutual Fund
24-10-2024,5527.38840,119092,HDFC Money Market Fund - Growth Option - Direct Plan,HDFC Mutual Fund
23-10-2024,5526.20090,119092,HDFC Money Market Fund - Growth Option - Direct Plan,HDFC Mutual Fund
22-10-2024,5525.17760,119092,HDFC Money Market Fund - Growth Option - Direct Plan,HDFC Mutual Fund
21-10-2024,5524.16310,119092,HDFC Money Market Fund - Growth Option - Direct Plan,HDFC Mutual Fund
18-10-2024,5521.33300,119092,HDFC Money Market Fund - Growth Option - Direct Plan,HDFC Mutual Fund
17-10-2024,5520.25220,119092,HDFC Money Market Fund - Growth Option - Direct Plan,HDFC Mutual Fund
16-10-2024,5519.23750,119092,HDFC Money Market Fund - Growth Option - Direct Plan,HDFC Mutual Fund
15-10-2024,5518.17590,119092,HDFC Money Market Fund - Growth Option - Direct Plan,HDFC Mutual Fund
14-10-2024,5517.36120,119092,HDFC Money Market Fund - Growth Option - Direct Plan,HDFC Mutual Fund
11-10-2024,5514.39070,119092,HDFC Money Market Fund - Growth Option - Direct Plan,HDFC Mutual Fund
10-10-2024,5512.94680,119092,HDFC Money Market Fund - Growth Option - Direct Plan,HDFC Mutual Fund
09-10-2024,5511.84310,119092,HDFC Money Market Fund - Growth Option - Direct Plan,HDFC Mutual Fund
08-10-2024,5510.32080,119092,HDFC Money Market Fund - Growth Option - Direct Plan,HDFC Mutual Fund
07-10-2024,5509.29900,119092,HDFC Money Market Fund - Growth Option - Direct Plan,HDFC Mutual Fund
04-10-2024,5506.02510,119092,HDFC Money Market Fund - Growth Option - Direct Plan,HDFC Mutual Fund
03-10-2024,5504.52990,119092,HDFC Money Market Fund - Growth Option - Direct Plan,HDFC Mutual Fund
01-10-2024,5501.99060,119092,HDFC Money Market Fund - Growth Option - Direct Plan,HDFC Mutual Fund
30-09-2024,5500.70130,119092,HDFC Money Market Fund - Growth Option - Direct Plan,HDFC Mutual Fund
27-09-2024,5495.29360,119092,HDFC Money Market Fund - Growth Option - Direct Plan,HDFC Mutual Fund
26-09-2024,5493.85710,119092,HDFC Money Market Fund - Growth Option - Direct Plan,HDFC Mutual Fund
25-09-2024,5492.65500,119092,HDFC Money Market Fund - Growth Option - Direct Plan,HDFC Mutual Fund
24-09-2024,5491.70990,119092,HDFC Money Market Fund - Growth Option - Direct Plan,HDFC Mutual Fund
23-09-2024,5490.58920,119092,HDFC Money Market Fund - Growth Option - Direct Plan,HDFC Mutual Fund
20-09-2024,5487.33470,119092,HDFC Money Market Fund - Growth Option - Direct Plan,HDFC Mutual Fund
19-09-2024,5486.10190,119092,HDFC Money Market Fund - Growth Option - Direct Plan,HDFC Mutual Fund
17-09-2024,5483.79260,119092,HDFC Money Market Fund - Growth Option - Direct Plan,HDFC Mutual Fund
16-09-2024,5482.47360,119092,HDFC Money Market Fund - Growth Option - Direct Plan,HDFC Mutual Fund
13-09-2024,5479.34400,119092,HDFC Money Market Fund - Growth Option - Direct Plan,HDFC Mutual Fund
12-09-2024,5477.92220,119092,HDFC Money Market Fund - Growth Option - Direct Plan,HDFC Mutual Fund
11-09-2024,5477.03980,119092,HDFC Money Market Fund - Growth Option - Direct Plan,HDFC Mutual Fund
10-09-2024,5475.97560,119092,HDFC Money Market Fund - Growth Option - Direct Plan,HDFC Mutual Fund
09-09-2024,5475.05750,119092,HDFC Money Market Fund - Growth Option - Direct Plan,HDFC Mutual Fund
06-09-2024,5471.74310,119092,HDFC Money Market Fund - Growth Option - Direct Plan,HDFC Mutual Fund
05-09-2024,5470.91940,119092,HDFC Money Market Fund - Growth Option - Direct Plan,HDFC Mutual Fund
04-09-2024,5469.78710,119092,HDFC Money Market Fund - Growth Option - Direct Plan,HDFC Mutual Fund
03-09-2024,5468.81730,119092,HDFC Money Market Fund - Growth Option - Direct Plan,HDFC Mutual Fund
02-09-2024,5467.63460,119092,HDFC Money Market Fund - Growth Option - Direct Plan,HDFC Mutual Fund
30-08-2024,5464.44710,119092,HDFC Money Market Fund - Growth Option - Direct Plan,HDFC Mutual Fund
29-08-2024,5463.53240,119092,HDFC Money Market Fund - Growth Option - Direct Plan,HDFC Mutual Fund
28-08-2024,5462.76890,119092,HDFC Money Market Fund - Growth Option - Direct Plan,HDFC Mutual Fund
27-08-2024,5461.72920,119092,HDFC Money Market Fund - Growth Option - Direct Plan,HDFC Mutual Fund
26-08-2024,5461.09590,119092,HDFC Money Market Fund - Growth Option - Direct Plan,HDFC Mutual Fund
23-08-2024,5458.18000,119092,HDFC Money Market Fund - Growth Option - Direct Plan,HDFC Mutual Fund
22-08-2024,5457.10120,119092,HDFC Money Market Fund - Growth Option - Direct Plan,HDFC Mutual Fund
21-08-2024,5455.86250,119092,HDFC Money Market Fund - Growth Option - Direct Plan,HDFC Mutual Fund
20-08-2024,5454.35080,119092,HDFC Money Market Fund - Growth Option - Direct Plan,HDFC Mutual Fund
19-08-2024,5452.87820,119092,HDFC Money Market Fund - Growth Option - Direct Plan,HDFC Mutual Fund
16-08-2024,5449.58620,119092,HDFC Money Market Fund - Growth Option - Direct Plan,HDFC Mutual Fund
14-08-2024,5447.35700,119092,HDFC Money Market Fund - Growth Option - Direct Plan,HDFC Mutual Fund
13-08-2024,5446.29400,119092,HDFC Money Market Fund - Growth Option - Direct Plan,HDFC Mutual Fund
12-08-2024,5445.87830,119092,HDFC Money Market Fund - Growth Option - Direct Plan,HDFC Mutual Fund
09-08-2024,5442.93150,119092,HDFC Money Market Fund - Growth Option - Direct Plan,HDFC Mutual Fund
08-08-2024,5441.96410,119092,HDFC Money Market Fund - Growth Option - Direct Plan,HDFC Mutual Fund
07-08-2024,5441.03450,119092,HDFC Money Market Fund - Growth Option - Direct Plan,HDFC Mutual Fund
06-08-2024,5439.93490,119092,HDFC Money Market Fund - Growth Option - Direct Plan,HDFC Mutual Fund
05-08-2024,5439.06510,119092,HDFC Money Market Fund - Growth Option - Direct Plan,HDFC Mutual Fund
02-08-2024,5435.86840,119092,HDFC Money Market Fund - Growth Option - Direct Plan,HDFC Mutual Fund
01-08-2024,5434.85890,119092,HDFC Money Market Fund - Growth Option - Direct Plan,HDFC Mutual Fund
31-07-2024,5433.69330,119092,HDFC Money Market Fund - Growth Option - Direct Plan,HDFC Mutual Fund
30-07-2024,5432.77200,119092,HDFC Money Market Fund - Growth Option - Direct Plan,HDFC Mutual Fund
29-07-2024,5431.79040,119092,HDFC Money Market Fund - Growth Option - Direct Plan,HDFC Mutual Fund
26-07-2024,5428.59560,119092,HDFC Money Market Fund - Growth Option - Direct Plan,HDFC Mutual Fund
25-07-2024,5427.58730,119092,HDFC Money Market Fund - Growth Option - Direct Plan,HDFC Mutual Fund
24-07-2024,5426.63700,119092,HDFC Money Market Fund - Growth Option - Direct Plan,HDFC Mutual Fund
23-07-2024,5425.47580,119092,HDFC Money Market Fund - Growth Option - Direct Plan,HDFC Mutual Fund
22-07-2024,5424.17280,119092,HDFC Money Market Fund - Growth Option - Direct Plan,HDFC Mutual Fund
19-07-2024,5421.00410,119092,HDFC Money Market Fund - Growth Option - Direct Plan,HDFC Mutual Fund
18-07-2024,5419.90470,119092,HDFC Money Market Fund - Growth Option - Direct Plan,HDFC Mutual Fund
16-07-2024,5417.67510,119092,HDFC Money Market Fund - Growth Option - Direct Plan,HDFC Mutual Fund
15-07-2024,5416.67180,119092,HDFC Money Market Fund - Growth Option - Direct Plan,HDFC Mutual Fund
12-07-2024,5413.33530,119092,HDFC Money Market Fund - Growth Option - Direct Plan,HDFC Mutual Fund
11-07-2024,5412.40140,119092,HDFC Money Market Fund - Growth Option - Direct Plan,HDFC Mutual Fund
10-07-2024,5411.10360,119092,HDFC Money Market Fund - Growth Option - Direct Plan,HDFC Mutual Fund
09-07-2024,5410.04770,119092,HDFC Money Market Fund - Growth Option - Direct Plan,HDFC Mutual Fund
08-07-2024,5408.99720,119092,HDFC Money Market Fund - Growth Option - Direct Plan,HDFC Mutual Fund
05-07-2024,5405.99330,119092,HDFC Money Market Fund - Growth Option - Direct Plan,HDFC Mutual Fund
04-07-2024,5404.88620,119092,HDFC Money Market Fund - Growth Option - Direct Plan,HDFC Mutual Fund
03-07-2024,5403.68930,119092,HDFC Money Market Fund - Growth Option - Direct Plan,HDFC Mutual Fund
02-07-2024,5402.09650,119092,HDFC Money Market Fund - Growth Option - Direct Plan,HDFC Mutual Fund
01-07-2024,5399.84310,119092,HDFC Money Market Fund - Growth Option - Direct Plan,HDFC Mutual Fund
28-06-2024,5395.86310,119092,HDFC Money Market Fund - Growth Option - Direct Plan,HDFC Mutual Fund
27-06-2024,5393.74700,119092,HDFC Money Market Fund - Growth Option - Direct Plan,HDFC Mutual Fund
26-06-2024,5392.87020,119092,HDFC Money Market Fund - Growth Option - Direct Plan,HDFC Mutual Fund
25-06-2024,5392.28840,119092,HDFC Money Market Fund - Growth Option - Direct Plan,HDFC Mutual Fund
24-06-2024,5391.54510,119092,HDFC Money Market Fund - Growth Option - Direct Plan,HDFC Mutual Fund
21-06-2024,5388.54370,119092,HDFC Money Market Fund - Growth Option - Direct Plan,HDFC Mutual Fund
20-06-2024,5387.36670,119092,HDFC Money Market Fund - Growth Option - Direct Plan,HDFC Mutual Fund
19-06-2024,5386.00540,119092,HDFC Money Market Fund - Growth Option - Direct Plan,HDFC Mutual Fund
18-06-2024,5384.83410,119092,HDFC Money Market Fund - Growth Option - Direct Plan,HDFC Mutual Fund
14-06-2024,5380.55670,119092,HDFC Money Market Fund - Growth Option - Direct Plan,HDFC Mutual Fund
13-06-2024,5379.53880,119092,HDFC Money Market Fund - Growth Option - Direct Plan,HDFC Mutual Fund
12-06-2024,5378.42320,119092,HDFC Money Market Fund - Growth Option - Direct Plan,HDFC Mutual Fund
11-06-2024,5377.10070,119092,HDFC Money Market Fund - Growth Option - Direct Plan,HDFC Mutual Fund
10-06-2024,5375.53070,119092,HDFC Money Market Fund - Growth Option - Direct Plan,HDFC Mutual Fund
07-06-2024,5372.22910,119092,HDFC Money Market Fund - Growth Option - Direct Plan,HDFC Mutual Fund
06-06-2024,5371.21120,119092,HDFC Money Market Fund - Growth Option - Direct Plan,HDFC Mutual Fund
05-06-2024,5369.95550,119092,HDFC Money Market Fund - Growth Option - Direct Plan,HDFC Mutual Fund
04-06-2024,5369.03790,119092,HDFC Money Market Fund - Growth Option - Direct Plan,HDFC Mutual Fund
03-06-2024,5369.12090,119092,HDFC Money Market Fund - Growth Option - Direct Plan,HDFC Mutual Fund
31-05-2024,5365.80970,119092,HDFC Money Market Fund - Growth Option - Direct Plan,HDFC Mutual Fund
30-05-2024,5364.71370,119092,HDFC Money Market Fund - Growth Option - Direct Plan,HDFC Mutual Fund
29-05-2024,5363.29020,119092,HDFC Money Market Fund - Growth Option - Direct Plan,HDFC Mutual Fund
28-05-2024,5362.10420,119092,HDFC Money Market Fund - Growth Option - Direct Plan,HDFC Mutual Fund
27-05-2024,5361.43160,119092,HDFC Money Market Fund - Growth Option - Direct Plan,HDFC Mutual Fund
24-05-2024,5358.51470,119092,HDFC Money Market Fund - Growth Option - Direct Plan,HDFC Mutual Fund
22-05-2024,5356.36080,119092,HDFC Money Market Fund - Growth Option - Direct Plan,HDFC Mutual Fund
21-05-2024,5355.25020,119092,HDFC Money Market Fund - Growth Option - Direct Plan,HDFC Mutual Fund
17-05-2024,5350.41530,119092,HDFC Money Market Fund - Growth Option - Direct Plan,HDFC Mutual Fund
16-05-2024,5349.50380,119092,HDFC Money Market Fund - Growth Option - Direct Plan,HDFC Mutual Fund
15-05-2024,5348.71060,119092,HDFC Money Market Fund - Growth Option - Direct Plan,HDFC Mutual Fund
14-05-2024,5347.52200,119092,HDFC Money Market Fund - Growth Option - Direct Plan,HDFC Mutual Fund
13-05-2024,5346.02120,119092,HDFC Money Market Fund - Growth Option - Direct Plan,HDFC Mutual Fund
10-05-2024,5342.77240,119092,HDFC Money Market Fund - Growth Option - Direct Plan,HDFC Mutual Fund
09-05-2024,5342.34280,119092,HDFC Money Market Fund - Growth Option - Direct Plan,HDFC Mutual Fund
08-05-2024,5341.90870,119092,HDFC Money Market Fund - Growth Option - Direct Plan,HDFC Mutual Fund
07-05-2024,5341.04150,119092,HDFC Money Market Fund - Growth Option - Direct Plan,HDFC Mutual Fund
06-05-2024,5339.65400,119092,HDFC Money Market Fund - Growth Option - Direct Plan,HDFC Mutual Fund
03-05-2024,5336.15670,119092,HDFC Money Market Fund - Growth Option - Direct Plan,HDFC Mutual Fund
02-05-2024,5334.90280,119092,HDFC Money Market Fund - Growth Option - Direct Plan,HDFC Mutual Fund
30-04-2024,5332.53760,119092,HDFC Money Market Fund - Growth Option - Direct Plan,HDFC Mutual Fund
29-04-2024,5331.64990,119092,HDFC Money Market Fund - Growth Option - Direct Plan,HDFC Mutual Fund
26-04-2024,5329.71890,119092,HDFC Money Market Fund - Growth Option - Direct Plan,HDFC Mutual Fund
25-04-2024,5328.73840,119092,HDFC Money Market Fund - Growth Option - Direct Plan,HDFC Mutual Fund
24-04-2024,5328.15880,119092,HDFC Money Market Fund - Growth Option - Direct Plan,HDFC Mutual Fund
23-04-2024,5327.98600,119092,HDFC Money Market Fund - Growth Option - Direct Plan,HDFC Mutual Fund
22-04-2024,5326.30750,119092,HDFC Money Market Fund - Growth Option - Direct Plan,HDFC Mutual Fund
19-04-2024,5323.48800,119092,HDFC Money Market Fund - Growth Option - Direct Plan,HDFC Mutual Fund
18-04-2024,5322.95490,119092,HDFC Money Market Fund - Growth Option - Direct Plan,HDFC Mutual Fund
16-04-2024,5321.35840,119092,HDFC Money Market Fund - Growth Option - Direct Plan,HDFC Mutual Fund
15-04-2024,5320.24380,119092,HDFC Money Market Fund - Growth Option - Direct Plan,HDFC Mutual Fund
12-04-2024,5317.42470,119092,HDFC Money Market Fund - Growth Option - Direct Plan,HDFC Mutual Fund
10-04-2024,5315.00840,119092,HDFC Money Market Fund - Growth Option - Direct Plan,HDFC Mutual Fund
08-04-2024,5311.38560,119092,HDFC Money Market Fund - Growth Option - Direct Plan,HDFC Mutual Fund
05-04-2024,5308.56450,119092,HDFC Money Market Fund - Growth Option - Direct Plan,HDFC Mutual Fund
04-04-2024,5306.75550,119092,HDFC Money Market Fund - Growth Option - Direct Plan,HDFC Mutual Fund
03-04-2024,5304.78410,119092,HDFC Money Market Fund - Growth Option - Direct Plan,HDFC Mutual Fund
02-04-2024,5304.01120,119092,HDFC Money Market Fund - Growth Option - Direct Plan,HDFC Mutual Fund
31-03-2024,5300.03710,119092,HDFC Money Market Fund - Growth Option - Direct Plan,HDFC Mutual Fund
28-03-2024,5297.00870,119092,HDFC Money Market Fund - Growth Option - Direct Plan,HDFC Mutual Fund
27-03-2024,5290.47670,119092,HDFC Money Market Fund - Growth Option - Direct Plan,HDFC Mutual Fund
26-03-2024,5289.85110,119092,HDFC Money Market Fund - Growth Option - Direct Plan,HDFC Mutual Fund
22-03-2024,5286.46820,119092,HDFC Money Market Fund - Growth Option - Direct Plan,HDFC Mutual Fund
21-03-2024,5285.85350,119092,HDFC Money Market Fund - Growth Option - Direct Plan,HDFC Mutual Fund
20-03-2024,5284.60480,119092,HDFC Money Market Fund - Growth Option - Direct Plan,HDFC Mutual Fund
19-03-2024,5283.29860,119092,HDFC Money Market Fund - Growth Option - Direct Plan,HDFC Mutual Fund
18-03-2024,5282.18910,119092,HDFC Money Market Fund - Growth Option - Direct Plan,HDFC Mutual Fund
15-03-2024,5278.46090,119092,HDFC Money Market Fund - Growth Option - Direct Plan,HDFC Mutual Fund
14-03-2024,5277.49850,119092,HDFC Money Market Fund - Growth Option - Direct Plan,HDFC Mutual Fund
13-03-2024,5276.92950,119092,HDFC Money Market Fund - Growth Option - Direct Plan,HDFC Mutual Fund
12-03-2024,5275.54390,119092,HDFC Money Market Fund - Growth Option - Direct Plan,HDFC Mutual Fund
11-03-2024,5274.14980,119092,HDFC Money Market Fund - Growth Option - Direct Plan,HDFC Mutual Fund
07-03-2024,5269.81280,119092,HDFC Money Market Fund - Growth Option - Direct Plan,HDFC Mutual Fund
06-03-2024,5268.49470,119092,HDFC Money Market Fund - Growth Option - Direct Plan,HDFC Mutual Fund
05-03-2024,5266.87760,119092,HDFC Money Market Fund - Growth Option - Direct Plan,HDFC Mutual Fund
04-03-2024,5265.36380,119092,HDFC Money Market Fund - Growth Option - Direct Plan,HDFC Mutual Fund
01-03-2024,5261.59190,119092,HDFC Money Market Fund - Growth Option - Direct Plan,HDFC Mutual Fund
29-02-2024,5260.25100,119092,HDFC Money Market Fund - Growth Option - Direct Plan,HDFC Mutual Fund
28-02-2024,5259.10810,119092,HDFC Money Market Fund - Growth Option - Direct Plan,HDFC Mutual Fund
27-02-2024,5257.50080,119092,HDFC Money Market Fund - Growth Option - Direct Plan,HDFC Mutual Fund
26-02-2024,5256.60000,119092,HDFC Money Market Fund - Growth Option - Direct Plan,HDFC Mutual Fund
23-02-2024,5253.47120,119092,HDFC Money Market Fund - Growth Option - Direct Plan,HDFC Mutual Fund
22-02-2024,5252.41380,119092,HDFC Money Market Fund - Growth Option - Direct Plan,HDFC Mutual Fund
21-02-2024,5250.08550,119092,HDFC Money Market Fund - Growth Option - Direct Plan,HDFC Mutual Fund
20-02-2024,5248.63770,119092,HDFC Money Market Fund - Growth Option - Direct Plan,HDFC Mutual Fund
16-02-2024,5244.07610,119092,HDFC Money Market Fund - Growth Option - Direct Plan,HDFC Mutual Fund
15-02-2024,5242.62890,119092,HDFC Money Market Fund - Growth Option - Direct Plan,HDFC Mutual Fund
14-02-2024,5241.25550,119092,HDFC Money Market Fund - Growth Option - Direct Plan,HDFC Mutual Fund
13-02-2024,5240.03320,119092,HDFC Money Market Fund - Growth Option - Direct Plan,HDFC Mutual Fund
12-02-2024,5239.07240,119092,HDFC Money Market Fund - Growth Option - Direct Plan,HDFC Mutual Fund
09-02-2024,5236.11590,119092,HDFC Money Market Fund - Growth Option - Direct Plan,HDFC Mutual Fund
08-02-2024,5235.51750,119092,HDFC Money Market Fund - Growth Option - Direct Plan,HDFC Mutual Fund
07-02-2024,5234.39760,119092,HDFC Money Market Fund - Growth Option - Direct Plan,HDFC Mutual Fund
06-02-2024,5233.07020,119092,HDFC Money Market Fund - Growth Option - Direct Plan,HDFC Mutual Fund
05-02-2024,5232.05890,119092,HDFC Money Market Fund - Growth Option - Direct Plan,HDFC Mutual Fund
02-02-2024,5228.98700,119092,HDFC Money Market Fund - Growth Option - Direct Plan,HDFC Mutual Fund
01-02-2024,5227.84260,119092,HDFC Money Market Fund - Growth Option - Direct Plan,HDFC Mutual Fund
31-01-2024,5226.69580,119092,HDFC Money Market Fund - Growth Option - Direct Plan,HDFC Mutual Fund
30-01-2024,5225.64730,119092,HDFC Money Market Fund - Growth Option - Direct Plan,HDFC Mutual Fund
29-01-2024,5224.72270,119092,HDFC Money Market Fund - Growth Option - Direct Plan,HDFC Mutual Fund
25-01-2024,5220.48060,119092,HDFC Money Market Fund - Growth Option - Direct Plan,HDFC Mutual Fund
24-01-2024,5219.44930,119092,HDFC Money Market Fund - Growth Option - Direct Plan,HDFC Mutual Fund
23-01-2024,5218.89640,119092,HDFC Money Market Fund - Growth Option - Direct Plan,HDFC Mutual Fund
19-01-2024,5215.48280,119092,HDFC Money Market Fund - Growth Option - Direct Plan,HDFC Mutual Fund
18-01-2024,5214.48320,119092,HDFC Money Market Fund - Growth Option - Direct Plan,HDFC Mutual Fund
17-01-2024,5213.67680,119092,HDFC Money Market Fund - Growth Option - Direct Plan,HDFC Mutual Fund
16-01-2024,5212.64480,119092,HDFC Money Market Fund - Growth Option - Direct Plan,HDFC Mutual Fund
15-01-2024,5211.89960,119092,HDFC Money Market Fund - Growth Option - Direct Plan,HDFC Mutual Fund
12-01-2024,5208.73350,119092,HDFC Money Market Fund - Growth Option - Direct Plan,HDFC Mutual Fund
11-01-2024,5207.60810,119092,HDFC Money Market Fund - Growth Option - Direct Plan,HDFC Mutual Fund
10-01-2024,5206.63080,119092,HDFC Money Market Fund - Growth Option - Direct Plan,HDFC Mutual Fund
09-01-2024,5205.59330,119092,HDFC Money Market Fund - Growth Option - Direct Plan,HDFC Mutual Fund
08-01-2024,5204.44000,119092,HDFC Money Market Fund - Growth Option - Direct Plan,HDFC Mutual Fund
05-01-2024,5201.39860,119092,HDFC Money Market Fund - Growth Option - Direct Plan,HDFC Mutual Fund
04-01-2024,5200.31980,119092,HDFC Money Market Fund - Growth Option - Direct Plan,HDFC Mutual Fund
03-01-2024,5199.34730,119092,HDFC Money Market Fund - Growth Option - Direct Plan,HDFC Mutual Fund
02-01-2024,5198.23700,119092,HDFC Money Market Fund - Growth Option - Direct Plan,HDFC Mutual Fund
01-01-2024,5197.21060,119092,HDFC Money Market Fund - Growth Option - Direct Plan,HDFC Mutual Fund
29-12-2023,5193.57660,119092,HDFC Money Market Fund - Growth Option - Direct Plan,HDFC Mutual Fund
28-12-2023,5191.48520,119092,HDFC Money Market Fund - Growth Option - Direct Plan,HDFC Mutual Fund
27-12-2023,5190.18560,119092,HDFC Money Market Fund - Growth Option - Direct Plan,HDFC Mutual Fund
26-12-2023,5189.37860,119092,HDFC Money Market Fund - Growth Option - Direct Plan,HDFC Mutual Fund
22-12-2023,5185.13210,119092,HDFC Money Market Fund - Growth Option - Direct Plan,HDFC Mutual Fund
21-12-2023,5184.30510,119092,HDFC Money Market Fund - Growth Option - Direct Plan,HDFC Mutual Fund
20-12-2023,5183.17920,119092,HDFC Money Market Fund - Growth Option - Direct Plan,HDFC Mutual Fund
19-12-2023,5182.06730,119092,HDFC Money Market Fund - Growth Option - Direct Plan,HDFC Mutual Fund
18-12-2023,5180.89390,119092,HDFC Money Market Fund - Growth Option - Direct Plan,HDFC Mutual Fund
15-12-2023,5178.09310,119092,HDFC Money Market Fund - Growth Option - Direct Plan,HDFC Mutual Fund
14-12-2023,5177.15240,119092,HDFC Money Market Fund - Growth Option - Direct Plan,HDFC Mutual Fund
13-12-2023,5176.11250,119092,HDFC Money Market Fund - Growth Option - Direct Plan,HDFC Mutual Fund
12-12-2023,5175.22780,119092,HDFC Money Market Fund - Growth Option - Direct Plan,HDFC Mutual Fund
11-12-2023,5174.66760,119092,HDFC Money Market Fund - Growth Option - Direct Plan,HDFC Mutual Fund
08-12-2023,5171.75290,119092,HDFC Money Market Fund - Growth Option - Direct Plan,HDFC Mutual Fund
07-12-2023,5170.84410,119092,HDFC Money Market Fund - Growth Option - Direct Plan,HDFC Mutual Fund
06-12-2023,5169.77170,119092,HDFC Money Market Fund - Growth Option - Direct Plan,HDFC Mutual Fund
05-12-2023,5168.72660,119092,HDFC Money Market Fund - Growth Option - Direct Plan,HDFC Mutual Fund
04-12-2023,5167.60940,119092,HDFC Money Market Fund - Growth Option - Direct Plan,HDFC Mutual Fund
01-12-2023,5164.71240,119092,HDFC Money Market Fund - Growth Option - Direct Plan,HDFC Mutual Fund
30-11-2023,5163.96290,119092,HDFC Money Market Fund - Growth Option - Direct Plan,HDFC Mutual Fund
29-11-2023,5163.06560,119092,HDFC Money Market Fund - Growth Option - Direct Plan,HDFC Mutual Fund
28-11-2023,5162.14080,119092,HDFC Money Market Fund - Growth Option - Direct Plan,HDFC Mutual Fund
24-11-2023,5158.09030,119092,HDFC Money Market Fund - Growth Option - Direct Plan,HDFC Mutual Fund
23-11-2023,5157.12380,119092,HDFC Money Market Fund - Growth Option - Direct Plan,HDFC Mutual Fund
22-11-2023,5156.20530,119092,HDFC Money Market Fund - Growth Option - Direct Plan,HDFC Mutual Fund
21-11-2023,5155.32520,119092,HDFC Money Market Fund - Growth Option - Direct Plan,HDFC Mutual Fund
20-11-2023,5154.46940,119092,HDFC Money Market Fund - Growth Option - Direct Plan,HDFC Mutual Fund
17-11-2023,5151.48420,119092,HDFC Money Market Fund - Growth Option - Direct Plan,HDFC Mutual Fund
16-11-2023,5150.47050,119092,HDFC Money Market Fund - Growth Option - Direct Plan,HDFC Mutual Fund
15-11-2023,5149.58850,119092,HDFC Money Market Fund - Growth Option - Direct Plan,HDFC Mutual Fund
13-11-2023,5147.51460,119092,HDFC Money Market Fund - Growth Option - Direct Plan,HDFC Mutual Fund
10-11-2023,5144.36490,119092,HDFC Money Market Fund - Growth Option - Direct Plan,HDFC Mutual Fund
09-11-2023,5143.62610,119092,HDFC Money Market Fund - Growth Option - Direct Plan,HDFC Mutual Fund
08-11-2023,5142.85130,119092,HDFC Money Market Fund - Growth Option - Direct Plan,HDFC Mutual Fund
07-11-2023,5141.91360,119092,HDFC Money Market Fund - Growth Option - Direct Plan,HDFC Mutual Fund
06-11-2023,5140.84250,119092,HDFC Money Market Fund - Growth Option - Direct Plan,HDFC Mutual Fund
03-11-2023,5137.65920,119092,HDFC Money Market Fund - Growth Option - Direct Plan,HDFC Mutual Fund
02-11-2023,5136.42730,119092,HDFC Money Market Fund - Growth Option - Direct Plan,HDFC Mutual Fund
01-11-2023,5135.45410,119092,HDFC Money Market Fund - Growth Option - Direct Plan,HDFC Mutual Fund
31-10-2023,5134.28750,119092,HDFC Money Market Fund - Growth Option - Direct Plan,HDFC Mutual Fund
30-10-2023,5133.26660,119092,HDFC Money Market Fund - Growth Option - Direct Plan,HDFC Mutual Fund
27-10-2023,5130.89880,119092,HDFC Money Market Fund - Growth Option - Direct Plan,HDFC Mutual Fund
26-10-2023,5129.78000,119092,HDFC Money Market Fund - Growth Option - Direct Plan,HDFC Mutual Fund
25-10-2023,5128.76310,119092,HDFC Money Market Fund - Growth Option - Direct Plan,HDFC Mutual Fund
23-10-2023,5126.86810,119092,HDFC Money Market Fund - Growth Option - Direct Plan,HDFC Mutual Fund
20-10-2023,5124.05580,119092,HDFC Money Market Fund - Growth Option - Direct Plan,HDFC Mutual Fund
19-10-2023,5123.22390,119092,HDFC Money Market Fund - Growth Option - Direct Plan,HDFC Mutual Fund
18-10-2023,5122.55650,119092,HDFC Money Market Fund - Growth Option - Direct Plan,HDFC Mutual Fund
17-10-2023,5121.46130,119092,HDFC Money Market Fund - Growth Option - Direct Plan,HDFC Mutual Fund
16-10-2023,5120.51540,119092,HDFC Money Market Fund - Growth Option - Direct Plan,HDFC Mutual Fund
13-10-2023,5117.96740,119092,HDFC Money Market Fund - Growth Option - Direct Plan,HDFC Mutual Fund
12-10-2023,5117.07450,119092,HDFC Money Market Fund - Growth Option - Direct Plan,HDFC Mutual Fund
11-10-2023,5116.14580,119092,HDFC Money Market Fund - Growth Option - Direct Plan,HDFC Mutual Fund
10-10-2023,5115.02500,119092,HDFC Money Market Fund - Growth Option - Direct Plan,HDFC Mutual Fund
09-10-2023,5114.26860,119092,HDFC Money Market Fund - Growth Option - Direct Plan,HDFC Mutual Fund
06-10-2023,5111.51970,119092,HDFC Money Market Fund - Growth Option - Direct Plan,HDFC Mutual Fund
05-10-2023,5111.21000,119092,HDFC Money Market Fund - Growth Option - Direct Plan,HDFC Mutual Fund
04-10-2023,5110.15300,119092,HDFC Money Market Fund - Growth Option - Direct Plan,HDFC Mutual Fund
03-10-2023,5108.67260,119092,HDFC Money Market Fund - Growth Option - Direct Plan,HDFC Mutual Fund
30-09-2023,5105.55010,119092,HDFC Money Market Fund - Growth Option - Direct Plan,HDFC Mutual Fund
29-09-2023,5104.56850,119092,HDFC Money Market Fund - Growth Option - Direct Plan,HDFC Mutual Fund
27-09-2023,5102.14230,119092,HDFC Money Market Fund - Growth Option - Direct Plan,HDFC Mutual Fund
26-09-2023,5100.86390,119092,HDFC Money Market Fund - Growth Option - Direct Plan,HDFC Mutual Fund
25-09-2023,5100.29510,119092,HDFC Money Market Fund - Growth Option - Direct Plan,HDFC Mutual Fund
22-09-2023,5097.36960,119092,HDFC Money Market Fund - Growth Option - Direct Plan,HDFC Mutual Fund
21-09-2023,5096.32560,119092,HDFC Money Market Fund - Growth Option - Direct Plan,HDFC Mutual Fund
20-09-2023,5095.72440,119092,HDFC Money Market Fund - Growth Option - Direct Plan,HDFC Mutual Fund
18-09-2023,5093.80390,119092,HDFC Money Market Fund - Growth Option - Direct Plan,HDFC Mutual Fund
15-09-2023,5091.15680,119092,HDFC Money Market Fund - Growth Option - Direct Plan,HDFC Mutual Fund
14-09-2023,5090.14530,119092,HDFC Money Market Fund - Growth Option - Direct Plan,HDFC Mutual Fund
13-09-2023,5089.17320,119092,HDFC Money Market Fund - Growth Option - Direct Plan,HDFC Mutual Fund
12-09-2023,5088.27710,119092,HDFC Money Market Fund - Growth Option - Direct Plan,HDFC Mutual Fund
11-09-2023,5087.48680,119092,HDFC Money Market Fund - Growth Option - Direct Plan,HDFC Mutual Fund
08-09-2023,5084.70790,119092,HDFC Money Market Fund - Growth Option - Direct Plan,HDFC Mutual Fund
07-09-2023,5083.72200,119092,HDFC Money Market Fund - Growth Option - Direct Plan,HDFC Mutual Fund
06-09-2023,5082.77200,119092,HDFC Money Market Fund - Growth Option - Direct Plan,HDFC Mutual Fund
05-09-2023,5081.82070,119092,HDFC Money Market Fund - Growth Option - Direct Plan,HDFC Mutual Fund
04-09-2023,5080.65770,119092,HDFC Money Market Fund - Growth Option - Direct Plan,HDFC Mutual Fund
01-09-2023,5077.80250,119092,HDFC Money Market Fund - Growth Option - Direct Plan,HDFC Mutual Fund
31-08-2023,5076.76480,119092,HDFC Money Market Fund - Growth Option - Direct Plan,HDFC Mutual Fund
30-08-2023,5075.80530,119092,HDFC Money Market Fund - Growth Option - Direct Plan,HDFC Mutual Fund
29-08-2023,5074.60120,119092,HDFC Money Market Fund - Growth Option - Direct Plan,HDFC Mutual Fund
28-08-2023,5073.60430,119092,HDFC Money Market Fund - Growth Option - Direct Plan,HDFC Mutual Fund
25-08-2023,5070.67540,119092,HDFC Money Market Fund - Growth Option - Direct Plan,HDFC Mutual Fund
24-08-2023,5069.67030,119092,HDFC Money Market Fund - Growth Option - Direct Plan,HDFC Mutual Fund
23-08-2023,5068.54810,119092,HDFC Money Market Fund - Growth Option - Direct Plan,HDFC Mutual Fund
22-08-2023,5067.77830,119092,HDFC Money Market Fund - Growth Option - Direct Plan,HDFC Mutual Fund
21-08-2023,5066.71370,119092,HDFC Money Market Fund - Growth Option - Direct Plan,HDFC Mutual Fund
18-08-2023,5063.51860,119092,HDFC Money Market Fund - Growth Option - Direct Plan,HDFC Mutual Fund
17-08-2023,5062.44470,119092,HDFC Money Market Fund - Growth Option - Direct Plan,HDFC Mutual Fund
14-08-2023,5060.41590,119092,HDFC Money Market Fund - Growth Option - Direct Plan,HDFC Mutual Fund
11-08-2023,5057.83630,119092,HDFC Money Market Fund - Growth Option - Direct Plan,HDFC Mutual Fund
10-08-2023,5057.69160,119092,HDFC Money Market Fund - Growth Option - Direct Plan,HDFC Mutual Fund
09-08-2023,5057.07630,119092,HDFC Money Market Fund - Growth Option - Direct Plan,HDFC Mutual Fund
08-08-2023,5056.13370,119092,HDFC Money Market Fund - Growth Option - Direct Plan,HDFC Mutual Fund
07-08-2023,5055.16320,119092,HDFC Money Market Fund - Growth Option - Direct Plan,HDFC Mutual Fund
04-08-2023,5052.34650,119092,HDFC Money Market Fund - Growth Option - Direct Plan,HDFC Mutual Fund
03-08-2023,5051.48500,119092,HDFC Money Market Fund - Growth Option - Direct Plan,HDFC Mutual Fund
02-08-2023,5050.68150,119092,HDFC Money Market Fund - Growth Option - Direct Plan,HDFC Mutual Fund
01-08-2023,5049.96810,119092,HDFC Money Market Fund - Growth Option - Direct Plan,HDFC Mutual Fund
31-07-2023,5048.92660,119092,HDFC Money Market Fund - Growth Option - Direct Plan,HDFC Mutual Fund
28-07-2023,5046.23060,119092,HDFC Money Market Fund - Growth Option - Direct Plan,HDFC Mutual Fund
27-07-2023,5045.40770,119092,HDFC Money Market Fund - Growth Option - Direct Plan,HDFC Mutual Fund
26-07-2023,5044.56960,119092,HDFC Money Market Fund - Growth Option - Direct Plan,HDFC Mutual Fund
25-07-2023,5043.51190,119092,HDFC Money Market Fund - Growth Option - Direct Plan,HDFC Mutual Fund
24-07-2023,5042.50250,119092,HDFC Money Market Fund - Growth Option - Direct Plan,HDFC Mutual Fund
21-07-2023,5039.63740,119092,HDFC Money Market Fund - Growth Option - Direct Plan,HDFC Mutual Fund
20-07-2023,5038.55360,119092,HDFC Money Market Fund - Growth Option - Direct Plan,HDFC Mutual Fund
19-07-2023,5037.10630,119092,HDFC Money Market Fund - Growth Option - Direct Plan,HDFC Mutual Fund
18-07-2023,5036.27900,119092,HDFC Money Market Fund - Growth Option - Direct Plan,HDFC Mutual Fund
17-07-2023,5035.23320,119092,HDFC Money Market Fund - Growth Option - Direct Plan,HDFC Mutual Fund
14-07-2023,5032.53970,119092,HDFC Money Market Fund - Growth Option - Direct Plan,HDFC Mutual Fund
13-07-2023,5031.29730,119092,HDFC Money Market Fund - Growth Option - Direct Plan,HDFC Mutual Fund
12-07-2023,5029.90350,119092,HDFC Money Market Fund - Growth Option - Direct Plan,HDFC Mutual Fund
11-07-2023,5028.79800,119092,HDFC Money Market Fund - Growth Option - Direct Plan,HDFC Mutual Fund
10-07-2023,5027.76190,119092,HDFC Money Market Fund - Growth Option - Direct Plan,HDFC Mutual Fund
07-07-2023,5025.17110,119092,HDFC Money Market Fund - Growth Option - Direct Plan,HDFC Mutual Fund
06-07-2023,5024.06040,119092,HDFC Money Market Fund - Growth Option - Direct Plan,HDFC Mutual Fund
05-07-2023,5023.19110,119092,HDFC Money Market Fund - Growth Option - Direct Plan,HDFC Mutual Fund
04-07-2023,5022.00790,119092,HDFC Money Market Fund - Growth Option - Direct Plan,HDFC Mutual Fund
03-07-2023,5020.38360,119092,HDFC Money Market Fund - Growth Option - Direct Plan,HDFC Mutual Fund
30-06-2023,5016.99210,119092,HDFC Money Market Fund - Growth Option - Direct Plan,HDFC Mutual Fund
28-06-2023,5014.81760,119092,HDFC Money Market Fund - Growth Option - Direct Plan,HDFC Mutual Fund
27-06-2023,5013.59750,119092,HDFC Money Market Fund - Growth Option - Direct Plan,HDFC Mutual Fund
26-06-2023,5012.88090,119092,HDFC Money Market Fund - Growth Option - Direct Plan,HDFC Mutual Fund
23-06-2023,5010.35980,119092,HDFC Money Market Fund - Growth Option - Direct Plan,HDFC Mutual Fund
22-06-2023,5009.89540,119092,HDFC Money Market Fund - Growth Option - Direct Plan,HDFC Mutual Fund
21-06-2023,5008.66140,119092,HDFC Money Market Fund - Growth Option - Direct Plan,HDFC Mutual Fund
20-06-2023,5007.87450,119092,HDFC Money Market Fund - Growth Option - Direct Plan,HDFC Mutual Fund
19-06-2023,5006.98650,119092,HDFC Money Market Fund - Growth Option - Direct Plan,HDFC Mutual Fund
16-06-2023,5003.98140,119092,HDFC Money Market Fund - Growth Option - Direct Plan,HDFC Mutual Fund
15-06-2023,5002.81860,119092,HDFC Money Market Fund - Growth Option - Direct Plan,HDFC Mutual Fund
14-06-2023,5001.86160,119092,HDFC Money Market Fund - Growth Option - Direct Plan,HDFC Mutual Fund
13-06-2023,5000.21520,119092,HDFC Money Market Fund - Growth Option - Direct Plan,HDFC Mutual Fund
12-06-2023,4998.82330,119092,HDFC Money Market Fund - Growth Option - Direct Plan,HDFC Mutual Fund
09-06-2023,4996.20440,119092,HDFC Money Market Fund - Growth Option - Direct Plan,HDFC Mutual Fund
08-06-2023,4995.94090,119092,HDFC Money Market Fund - Growth Option - Direct Plan,HDFC Mutual Fund
07-06-2023,4995.46220,119092,HDFC Money Market Fund - Growth Option - Direct Plan,HDFC Mutual Fund
06-06-2023,4994.30020,119092,HDFC Money Market Fund - Growth Option - Direct Plan,HDFC Mutual Fund
05-06-2023,4993.03460,119092,HDFC Money Market Fund - Growth Option - Direct Plan,HDFC Mutual Fund
02-06-2023,4990.05110,119092,HDFC Money Market Fund - Growth Option - Direct Plan,HDFC Mutual Fund
01-06-2023,4988.83850,119092,HDFC Money Market Fund - Growth Option - Direct Plan,HDFC Mutual Fund
31-05-2023,4987.28290,119092,HDFC Money Market Fund - Growth Option - Direct Plan,HDFC Mutual Fund
30-05-2023,4986.49290,119092,HDFC Money Market Fund - Growth Option - Direct Plan,HDFC Mutual Fund
29-05-2023,4985.53430,119092,HDFC Money Market Fund - Growth Option - Direct Plan,HDFC Mutual Fund
26-05-2023,4983.24040,119092,HDFC Money Market Fund - Growth Option - Direct Plan,HDFC Mutual Fund
25-05-2023,4982.39410,119092,HDFC Money Market Fund - Growth Option - Direct Plan,HDFC Mutual Fund
24-05-2023,4981.76310,119092,HDFC Money Market Fund - Growth Option - Direct Plan,HDFC Mutual Fund
23-05-2023,4981.17770,119092,HDFC Money Market Fund - Growth Option - Direct Plan,HDFC Mutual Fund
22-05-2023,4981.37210,119092,HDFC Money Market Fund - Growth Option - Direct Plan,HDFC Mutual Fund
19-05-2023,4975.80540,119092,HDFC Money Market Fund - Growth Option - Direct Plan,HDFC Mutual Fund
18-05-2023,4974.57890,119092,HDFC Money Market Fund - Growth Option - Direct Plan,HDFC Mutual Fund
17-05-2023,4973.24570,119092,HDFC Money Market Fund - Growth Option - Direct Plan,HDFC Mutual Fund
16-05-2023,4971.84110,119092,HDFC Money Market Fund - Growth Option - Direct Plan,HDFC Mutual Fund
15-05-2023,4969.73480,119092,HDFC Money Market Fund - Growth Option - Direct Plan,HDFC Mutual Fund
12-05-2023,4966.29310,119092,HDFC Money Market Fund - Growth Option - Direct Plan,HDFC Mutual Fund
11-05-2023,4965.48880,119092,HDFC Money Market Fund - Growth Option - Direct Plan,HDFC Mutual Fund
10-05-2023,4964.59850,119092,HDFC Money Market Fund - Growth Option - Direct Plan,HDFC Mutual Fund
09-05-2023,4963.45630,119092,HDFC Money Market Fund - Growth Option - Direct Plan,HDFC Mutual Fund
08-05-2023,4962.76550,119092,HDFC Money Market Fund - Growth Option - Direct Plan,HDFC Mutual Fund
04-05-2023,4958.79090,119092,HDFC Money Market Fund - Growth Option - Direct Plan,HDFC Mutual Fund
03-05-2023,4957.88920,119092,HDFC Money Market Fund - Growth Option - Direct Plan,HDFC Mutual Fund
02-05-2023,4956.53760,119092,HDFC Money Market Fund - Growth Option - Direct Plan,HDFC Mutual Fund
28-04-2023,4953.58020,119092,HDFC Money Market Fund - Growth Option - Direct Plan,HDFC Mutual Fund
27-04-2023,4952.91070,119092,HDFC Money Market Fund - Growth Option - Direct Plan,HDFC Mutual Fund
26-04-2023,4952.29170,119092,HDFC Money Market Fund - Growth Option - Direct Plan,HDFC Mutual Fund
25-04-2023,4951.23210,119092,HDFC Money Market Fund - Growth Option - Direct Plan,HDFC Mutual Fund
24-04-2023,4950.30000,119092,HDFC Money Market Fund - Growth Option - Direct Plan,HDFC Mutual Fund
21-04-2023,4947.61600,119092,HDFC Money Market Fund - Growth Option - Direct Plan,HDFC Mutual Fund
20-04-2023,4946.63850,119092,HDFC Money Market Fund - Growth Option - Direct Plan,HDFC Mutual Fund
19-04-2023,4945.68510,119092,HDFC Money Market Fund - Growth Option - Direct Plan,HDFC Mutual Fund
18-04-2023,4944.46910,119092,HDFC Money Market Fund - Growth Option - Direct Plan,HDFC Mutual Fund
17-04-2023,4942.87650,119092,HDFC Money Market Fund - Growth Option - Direct Plan,HDFC Mutual Fund
13-04-2023,4938.94910,119092,HDFC Money Market Fund - Growth Option - Direct Plan,HDFC Mutual Fund
12-04-2023,4937.77670,119092,HDFC Money Market Fund - Growth Option - Direct Plan,HDFC Mutual Fund
11-04-2023,4935.94580,119092,HDFC Money Market Fund - Growth Option - Direct Plan,HDFC Mutual Fund
10-04-2023,4935.04260,119092,HDFC Money Market Fund - Growth Option - Direct Plan,HDFC Mutual Fund
06-04-2023,4930.17610,119092,HDFC Money Market Fund - Growth Option - Direct Plan,HDFC Mutual Fund
05-04-2023,4926.30660,119092,HDFC Money Market Fund - Growth Option - Direct Plan,HDFC Mutual Fund
03-04-2023,4924.55760,119092,HDFC Money Market Fund - Growth Option - Direct Plan,HDFC Mutual Fund
31-03-2023,4921.71550,119092,HDFC Money Market Fund - Growth Option - Direct Plan,HDFC Mutual Fund
29-03-2023,4915.70240,119092,HDFC Money Market Fund - Growth Option - Direct Plan,HDFC Mutual Fund
28-03-2023,4911.96930,119092,HDFC Money Market Fund - Growth Option - Direct Plan,HDFC Mutual Fund
27-03-2023,4911.37840,119092,HDFC Money Market Fund - Growth Option - Direct Plan,HDFC Mutual Fund
24-03-2023,4909.77770,119092,HDFC Money Market Fund - Growth Option - Direct Plan,HDFC Mutual Fund
23-03-2023,4909.36600,119092,HDFC Money Market Fund - Growth Option - Direct Plan,HDFC Mutual Fund
21-03-2023,4906.64670,119092,HDFC Money Market Fund - Growth Option - Direct Plan,HDFC Mutual Fund
20-03-2023,4904.67360,119092,HDFC Money Market Fund - Growth Option - Direct Plan,HDFC Mutual Fund
17-03-2023,4900.96650,119092,HDFC Money Market Fund - Growth Option - Direct Plan,HDFC Mutual Fund
16-03-2023,4900.30000,119092,HDFC Money Market Fund - Growth Option - Direct Plan,HDFC Mutual Fund
15-03-2023,4899.90240,119092,HDFC Money Market Fund - Growth Option - Direct Plan,HDFC Mutual Fund
14-03-2023,4899.15700,119092,HDFC Money Market Fund - Growth Option - Direct Plan,HDFC Mutual Fund
13-03-2023,4897.88640,119092,HDFC Money Market Fund - Growth Option - Direct Plan,HDFC Mutual Fund
10-03-2023,4892.71440,119092,HDFC Money Market Fund - Growth Option - Direct Plan,HDFC Mutual Fund
09-03-2023,4890.73120,119092,HDFC Money Market Fund - Growth Option - Direct Plan,HDFC Mutual Fund
08-03-2023,4889.41360,119092,HDFC Money Market Fund - Growth Option - Direct Plan,HDFC Mutual Fund
06-03-2023,4887.72190,119092,HDFC Money Market Fund - Growth Option - Direct Plan,HDFC Mutual Fund
03-03-2023,4884.99870,119092,HDFC Money Market Fund - Growth Option - Direct Plan,HDFC Mutual Fund
02-03-2023,4884.19100,119092,HDFC Money Market Fund - Growth Option - Direct Plan,HDFC Mutual Fund
01-03-2023,4883.75420,119092,HDFC Money Market Fund - Growth Option - Direct Plan,HDFC Mutual Fund
28-02-2023,4883.04470,119092,HDFC Money Market Fund - Growth Option - Direct Plan,HDFC Mutual Fund
27-02-2023,4881.94570,119092,HDFC Money Market Fund - Growth Option - Direct Plan,HDFC Mutual Fund
24-02-2023,4879.86820,119092,HDFC Money Market Fund - Growth Option - Direct Plan,HDFC Mutual Fund
23-02-2023,4879.25600,119092,HDFC Money Market Fund - Growth Option - Direct Plan,HDFC Mutual Fund
22-02-2023,4878.60660,119092,HDFC Money Market Fund - Growth Option - Direct Plan,HDFC Mutual Fund
21-02-2023,4878.20920,119092,HDFC Money Market Fund - Growth Option - Direct Plan,HDFC Mutual Fund
20-02-2023,4877.47810,119092,HDFC Money Market Fund - Growth Option - Direct Plan,HDFC Mutual Fund
17-02-2023,4875.00450,119092,HDFC Money Market Fund - Growth Option - Direct Plan,HDFC Mutual Fund
16-02-2023,4874.16260,119092,HDFC Money Market Fund - Growth Option - Direct Plan,HDFC Mutual Fund
15-02-2023,4873.26980,119092,HDFC Money Market Fund - Growth Option - Direct Plan,HDFC Mutual Fund
14-02-2023,4872.35210,119092,HDFC Money Market Fund - Growth Option - Direct Plan,HDFC Mutual Fund
13-02-2023,4871.84000,119092,HDFC Money Market Fund - Growth Option - Direct Plan,HDFC Mutual Fund
10-02-2023,4868.88900,119092,HDFC Money Market Fund - Growth Option - Direct Plan,HDFC Mutual Fund
09-02-2023,4867.64350,119092,HDFC Money Market Fund - Growth Option - Direct Plan,HDFC Mutual Fund
08-02-2023,4867.05410,119092,HDFC Money Market Fund - Growth Option - Direct Plan,HDFC Mutual Fund
07-02-2023,4866.76450,119092,HDFC Money Market Fund - Growth Option - Direct Plan,HDFC Mutual Fund
06-02-2023,4865.88580,119092,HDFC Money Market Fund - Growth Option - Direct Plan,HDFC Mutual Fund
03-02-2023,4863.06550,119092,HDFC Money Market Fund - Growth Option - Direct Plan,HDFC Mutual Fund
02-02-2023,4862.07120,119092,HDFC Money Market Fund - Growth Option - Direct Plan,HDFC Mutual Fund
01-02-2023,4860.90870,119092,HDFC Money Market Fund - Growth Option - Direct Plan,HDFC Mutual Fund
31-01-2023,4859.60800,119092,HDFC Money Market Fund - Growth Option - Direct Plan,HDFC Mutual Fund
30-01-2023,4858.61050,119092,HDFC Money Market Fund - Growth Option - Direct Plan,HDFC Mutual Fund
27-01-2023,4856.24990,119092,HDFC Money Market Fund - Growth Option - Direct Plan,HDFC Mutual Fund
25-01-2023,4854.34060,119092,HDFC Money Market Fund - Growth Option - Direct Plan,HDFC Mutual Fund
24-01-2023,4853.54280,119092,HDFC Money Market Fund - Growth Option - Direct Plan,HDFC Mutual Fund
23-01-2023,4852.37690,119092,HDFC Money Market Fund - Growth Option - Direct Plan,HDFC Mutual Fund
20-01-2023,4850.37170,119092,HDFC Money Market Fund - Growth Option - Direct Plan,HDFC Mutual Fund
19-01-2023,4849.44330,119092,HDFC Money Market Fund - Growth Option - Direct Plan,HDFC Mutual Fund
18-01-2023,4848.47790,119092,HDFC Money Market Fund - Growth Option - Direct Plan,HDFC Mutual Fund
17-01-2023,4847.74800,119092,HDFC Money Market Fund - Growth Option - Direct Plan,HDFC Mutual Fund
16-01-2023,4846.89680,119092,HDFC Money Market Fund - Growth Option - Direct Plan,HDFC Mutual Fund
13-01-2023,4844.44470,119092,HDFC Money Market Fund - Growth Option - Direct Plan,HDFC Mutual Fund
12-01-2023,4843.81170,119092,HDFC Money Market Fund - Growth Option - Direct Plan,HDFC Mutual Fund
11-01-2023,4842.88520,119092,HDFC Money Market Fund - Growth Option - Direct Plan,HDFC Mutual Fund
10-01-2023,4842.25130,119092,HDFC Money Market Fund - Growth Option - Direct Plan,HDFC Mutual Fund
09-01-2023,4841.56650,119092,HDFC Money Market Fund - Growth Option - Direct Plan,HDFC Mutual Fund
06-01-2023,4839.12050,119092,HDFC Money Market Fund - Growth Option - Direct Plan,HDFC Mutual Fund
05-01-2023,4838.20550,119092,HDFC Money Market Fund - Growth Option - Direct Plan,HDFC Mutual Fund
04-01-2023,4837.28250,119092,HDFC Money Market Fund - Growth Option - Direct Plan,HDFC Mutual Fund
03-01-2023,4836.66540,119092,HDFC Money Market Fund - Growth Option - Direct Plan,HDFC Mutual Fund
02-01-2023,4835.67260,119092,HDFC Money Market Fund - Growth Option - Direct Plan,HDFC Mutual Fund
30-12-2022,4832.44160,119092,HDFC Money Market Fund - Growth Option - Direct Plan,HDFC Mutual Fund
29-12-2022,4830.63660,119092,HDFC Money Market Fund - Growth Option - Direct Plan,HDFC Mutual Fund
28-12-2022,4829.63930,119092,HDFC Money Market Fund - Growth Option - Direct Plan,HDFC Mutual Fund
27-12-2022,4828.42620,119092,HDFC Money Market Fund - Growth Option - Direct Plan,HDFC Mutual Fund
26-12-2022,4827.43610,119092,HDFC Money Market Fund - Growth Option - Direct Plan,HDFC Mutual Fund
23-12-2022,4824.86660,119092,HDFC Money Market Fund - Growth Option - Direct Plan,HDFC Mutual Fund
22-12-2022,4823.86070,119092,HDFC Money Market Fund - Growth Option - Direct Plan,HDFC Mutual Fund
21-12-2022,4822.80820,119092,HDFC Money Market Fund - Growth Option - Direct Plan,HDFC Mutual Fund
20-12-2022,4821.92360,119092,HDFC Money Market Fund - Growth Option - Direct Plan,HDFC Mutual Fund
19-12-2022,4821.08990,119092,HDFC Money Market Fund - Growth Option - Direct Plan,HDFC Mutual Fund
16-12-2022,4818.39440,119092,HDFC Money Market Fund - Growth Option - Direct Plan,HDFC Mutual Fund
15-12-2022,4817.64960,119092,HDFC Money Market Fund - Growth Option - Direct Plan,HDFC Mutual Fund
14-12-2022,4816.88560,119092,HDFC Money Market Fund - Growth Option - Direct Plan,HDFC Mutual Fund
13-12-2022,4815.76940,119092,HDFC Money Market Fund - Growth Option - Direct Plan,HDFC Mutual Fund
12-12-2022,4814.80640,119092,HDFC Money Market Fund - Growth Option - Direct Plan,HDFC Mutual Fund
09-12-2022,4812.09760,119092,HDFC Money Market Fund - Growth Option - Direct Plan,HDFC Mutual Fund
08-12-2022,4810.95940,119092,HDFC Money Market Fund - Growth Option - Direct Plan,HDFC Mutual Fund
07-12-2022,4809.88060,119092,HDFC Money Market Fund - Growth Option - Direct Plan,HDFC Mutual Fund
06-12-2022,4809.73590,119092,HDFC Money Market Fund - Growth Option - Direct Plan,HDFC Mutual Fund
05-12-2022,4808.55310,119092,HDFC Money Market Fund - Growth Option - Direct Plan,HDFC Mutual Fund
02-12-2022,4805.61530,119092,HDFC Money Market Fund - Growth Option - Direct Plan,HDFC Mutual Fund
01-12-2022,4804.67140,119092,HDFC Money Market Fund - Growth Option - Direct Plan,HDFC Mutual Fund
30-11-2022,4803.70200,119092,HDFC Money Market Fund - Growth Option - Direct Plan,HDFC Mutual Fund
29-11-2022,4802.62330,119092,HDFC Money Market Fund - Growth Option - Direct Plan,HDFC Mutual Fund
28-11-2022,4801.64410,119092,HDFC Money Market Fund - Growth Option - Direct Plan,HDFC Mutual Fund
25-11-2022,4798.83060,119092,HDFC Money Market Fund - Growth Option - Direct Plan,HDFC Mutual Fund
24-11-2022,4797.86530,119092,HDFC Money Market Fund - Growth Option - Direct Plan,HDFC Mutual Fund
23-11-2022,4797.04320,119092,HDFC Money Market Fund - Growth Option - Direct Plan,HDFC Mutual Fund
22-11-2022,4796.17310,119092,HDFC Money Market Fund - Growth Option - Direct Plan,HDFC Mutual Fund
21-11-2022,4795.59200,119092,HDFC Money Market Fund - Growth Option - Direct Plan,HDFC Mutual Fund
18-11-2022,4792.92970,119092,HDFC Money Market Fund - Growth Option - Direct Plan,HDFC Mutual Fund
17-11-2022,4792.14980,119092,HDFC Money Market Fund - Growth Option - Direct Plan,HDFC Mutual Fund
16-11-2022,4790.85970,119092,HDFC Money Market Fund - Growth Option - Direct Plan,HDFC Mutual Fund
15-11-2022,4789.62350,119092,HDFC Money Market Fund - Growth Option - Direct Plan,HDFC Mutual Fund
14-11-2022,4788.64220,119092,HDFC Money Market Fund - Growth Option - Direct Plan,HDFC Mutual Fund
11-11-2022,4785.95190,119092,HDFC Money Market Fund - Growth Option - Direct Plan,HDFC Mutual Fund
10-11-2022,4784.64860,119092,HDFC Money Market Fund - Growth Option - Direct Plan,HDFC Mutual Fund
09-11-2022,4783.69510,119092,HDFC Money Market Fund - Growth Option - Direct Plan,HDFC Mutual Fund
07-11-2022,4782.01350,119092,HDFC Money Market Fund - Growth Option - Direct Plan,HDFC Mutual Fund
04-11-2022,4779.31060,119092,HDFC Money Market Fund - Growth Option - Direct Plan,HDFC Mutual Fund
03-11-2022,4778.36290,119092,HDFC Money Market Fund - Growth Option - Direct Plan,HDFC Mutual Fund
02-11-2022,4777.49400,119092,HDFC Money Market Fund - Growth Option - Direct Plan,HDFC Mutual Fund
01-11-2022,4776.39350,119092,HDFC Money Market Fund - Growth Option - Direct Plan,HDFC Mutual Fund
31-10-2022,4775.32150,119092,HDFC Money Market Fund - Growth Option - Direct Plan,HDFC Mutual Fund
28-10-2022,4772.49390,119092,HDFC Money Market Fund - Growth Option - Direct Plan,HDFC Mutual Fund
27-10-2022,4771.91160,119092,HDFC Money Market Fund - Growth Option - Direct Plan,HDFC Mutual Fund
25-10-2022,4769.63820,119092,HDFC Money Market Fund - Growth Option - Direct Plan,HDFC Mutual Fund
21-10-2022,4766.07790,119092,HDFC Money Market Fund - Growth Option - Direct Plan,HDFC Mutual Fund
20-10-2022,4765.92750,119092,HDFC Money Market Fund - Growth Option - Direct Plan,HDFC Mutual Fund
19-10-2022,4765.31010,119092,HDFC Money Market Fund - Growth Option - Direct Plan,HDFC Mutual Fund
18-10-2022,4764.87760,119092,HDFC Money Market Fund - Growth Option - Direct Plan,HDFC Mutual Fund
17-10-2022,4763.88560,119092,HDFC Money Market Fund - Growth Option - Direct Plan,HDFC Mutual Fund
14-10-2022,4761.20490,119092,HDFC Money Market Fund - Growth Option - Direct Plan,HDFC Mutual Fund
13-10-2022,4760.98570,119092,HDFC Money Market Fund - Growth Option - Direct Plan,HDFC Mutual Fund
12-10-2022,4760.28930,119092,HDFC Money Market Fund - Growth Option - Direct Plan,HDFC Mutual Fund
11-10-2022,4759.95440,119092,HDFC Money Market Fund - Growth Option - Direct Plan,HDFC Mutual Fund
10-10-2022,4760.96660,119092,HDFC Money Market Fund - Growth Option - Direct Plan,HDFC Mutual Fund
07-10-2022,4759.81230,119092,HDFC Money Market Fund - Growth Option - Direct Plan,HDFC Mutual Fund
06-10-2022,4759.70430,119092,HDFC Money Market Fund - Growth Option - Direct Plan,HDFC Mutual Fund
04-10-2022,4758.21770,119092,HDFC Money Market Fund - Growth Option - Direct Plan,HDFC Mutual Fund
03-10-2022,4756.89680,119092,HDFC Money Market Fund - Growth Option - Direct Plan,HDFC Mutual Fund
30-09-2022,4753.16690,119092,HDFC Money Market Fund - Growth Option - Direct Plan,HDFC Mutual Fund
29-09-2022,4751.09030,119092,HDFC Money Market Fund - Growth Option - Direct Plan,HDFC Mutual Fund
28-09-2022,4748.79210,119092,HDFC Money Market Fund - Growth Option - Direct Plan,HDFC Mutual Fund
27-09-2022,4747.98780,119092,HDFC Money Market Fund - Growth Option - Direct Plan,HDFC Mutual Fund
26-09-2022,4748.99290,119092,HDFC Money Market Fund - Growth Option - Direct Plan,HDFC Mutual Fund
23-09-2022,4748.42490,119092,HDFC Money Market Fund - Growth Option - Direct Plan,HDFC Mutual Fund
22-09-2022,4748.37940,119092,HDFC Money Market Fund - Growth Option - Direct Plan,HDFC Mutual Fund
21-09-2022,4748.14390,119092,HDFC Money Market Fund - Growth Option - Direct Plan,HDFC Mutual Fund
20-09-2022,4748.17870,119092,HDFC Money Market Fund - Growth Option - Direct Plan,HDFC Mutual Fund
19-09-2022,4748.69510,119092,HDFC Money Market Fund - Growth Option - Direct Plan,HDFC Mutual Fund
16-09-2022,4746.45940,119092,HDFC Money Market Fund - Growth Option - Direct Plan,HDFC Mutual Fund
15-09-2022,4746.16080,119092,HDFC Money Market Fund - Growth Option - Direct Plan,HDFC Mutual Fund
14-09-2022,4746.01480,119092,HDFC Money Market Fund - Growth Option - Direct Plan,HDFC Mutual Fund
13-09-2022,4746.16540,119092,HDFC Money Market Fund - Growth Option - Direct Plan,HDFC Mutual Fund
12-09-2022,4745.66670,119092,HDFC Money Market Fund - Growth Option - Direct Plan,HDFC Mutual Fund
09-09-2022,4743.74750,119092,HDFC Money Market Fund - Growth Option - Direct Plan,HDFC Mutual Fund
08-09-2022,4743.00820,119092,HDFC Money Market Fund - Growth Option - Direct Plan,HDFC Mutual Fund
07-09-2022,4742.33550,119092,HDFC Money Market Fund - Growth Option - Direct Plan,HDFC Mutual Fund
06-09-2022,4741.53320,119092,HDFC Money Market Fund - Growth Option - Direct Plan,HDFC Mutual Fund
05-09-2022,4740.62760,119092,HDFC Money Market Fund - Growth Option - Direct Plan,HDFC Mutual Fund
02-09-2022,4738.02710,119092,HDFC Money Market Fund - Growth Option - Direct Plan,HDFC Mutual Fund
01-09-2022,4737.01320,119092,HDFC Money Market Fund - Growth Option - Direct Plan,HDFC Mutual Fund
30-08-2022,4735.46540,119092,HDFC Money Market Fund - Growth Option - Direct Plan,HDFC Mutual Fund
29-08-2022,4734.79740,119092,HDFC Money Market Fund - Growth Option - Direct Plan,HDFC Mutual Fund
26-08-2022,4732.68810,119092,HDFC Money Market Fund - Growth Option - Direct Plan,HDFC Mutual Fund
25-08-2022,4732.26610,119092,HDFC Money Market Fund - Growth Option - Direct Plan,HDFC Mutual Fund
24-08-2022,4731.76760,119092,HDFC Money Market Fund - Growth Option - Direct Plan,HDFC Mutual Fund
23-08-2022,4730.91640,119092,HDFC Money Market Fund - Growth Option - Direct Plan,HDFC Mutual Fund
22-08-2022,4730.04940,119092,HDFC Money Market Fund - Growth Option - Direct Plan,HDFC Mutual Fund
19-08-2022,4727.94430,119092,HDFC Money Market Fund - Growth Option - Direct Plan,HDFC Mutual Fund
18-08-2022,4727.06740,119092,HDFC Money Market Fund - Growth Option - Direct Plan,HDFC Mutual Fund
17-08-2022,4726.28390,119092,HDFC Money Market Fund - Growth Option - Direct Plan,HDFC Mutual Fund
12-08-2022,4722.26780,119092,HDFC Money Market Fund - Growth Option - Direct Plan,HDFC Mutual Fund
11-08-2022,4721.62180,119092,HDFC Money Market Fund - Growth Option - Direct Plan,HDFC Mutual Fund
10-08-2022,4720.84990,119092,HDFC Money Market Fund - Growth Option - Direct Plan,HDFC Mutual Fund
08-08-2022,4719.26940,119092,HDFC Money Market Fund - Growth Option - Direct Plan,HDFC Mutual Fund
05-08-2022,4717.21890,119092,HDFC Money Market Fund - Growth Option - Direct Plan,HDFC Mutual Fund
04-08-2022,4717.31960,119092,HDFC Money Market Fund - Growth Option - Direct Plan,HDFC Mutual Fund
03-08-2022,4716.46780,119092,HDFC Money Market Fund - Growth Option - Direct Plan,HDFC Mutual Fund
02-08-2022,4715.89050,119092,HDFC Money Market Fund - Growth Option - Direct Plan,HDFC Mutual Fund
01-08-2022,4714.53610,119092,HDFC Money Market Fund - Growth Option - Direct Plan,HDFC Mutual Fund
29-07-2022,4711.28720,119092,HDFC Money Market Fund - Growth Option - Direct Plan,HDFC Mutual Fund
28-07-2022,4710.30110,119092,HDFC Money Market Fund - Growth Option - Direct Plan,HDFC Mutual Fund
27-07-2022,4709.49040,119092,HDFC Money Market Fund - Growth Option - Direct Plan,HDFC Mutual Fund
26-07-2022,4709.61380,119092,HDFC Money Market Fund - Growth Option - Direct Plan,HDFC Mutual Fund
25-07-2022,4709.80150,119092,HDFC Money Market Fund - Growth Option - Direct Plan,HDFC Mutual Fund
22-07-2022,4707.66460,119092,HDFC Money Market Fund - Growth Option - Direct Plan,HDFC Mutual Fund
21-07-2022,4707.00500,119092,HDFC Money Market Fund - Growth Option - Direct Plan,HDFC Mutual Fund
20-07-2022,4707.06150,119092,HDFC Money Market Fund - Growth Option - Direct Plan,HDFC Mutual Fund
19-07-2022,4706.78890,119092,HDFC Money Market Fund - Growth Option - Direct Plan,HDFC Mutual Fund
18-07-2022,4706.42810,119092,HDFC Money Market Fund - Growth Option - Direct Plan,HDFC Mutual Fund
15-07-2022,4704.68360,119092,HDFC Money Market Fund - Growth Option - Direct Plan,HDFC Mutual Fund
14-07-2022,4703.98870,119092,HDFC Money Market Fund - Growth Option - Direct Plan,HDFC Mutual Fund
13-07-2022,4703.32540,119092,HDFC Money Market Fund - Growth Option - Direct Plan,HDFC Mutual Fund
12-07-2022,4702.20700,119092,HDFC Money Market Fund - Growth Option - Direct Plan,HDFC Mutual Fund
11-07-2022,4701.82920,119092,HDFC Money Market Fund - Growth Option - Direct Plan,HDFC Mutual Fund
08-07-2022,4699.94470,119092,HDFC Money Market Fund - Growth Option - Direct Plan,HDFC Mutual Fund
07-07-2022,4699.43280,119092,HDFC Money Market Fund - Growth Option - Direct Plan,HDFC Mutual Fund
06-07-2022,4698.69580,119092,HDFC Money Market Fund - Growth Option - Direct Plan,HDFC Mutual Fund
05-07-2022,4697.14270,119092,HDFC Money Market Fund - Growth Option - Direct Plan,HDFC Mutual Fund
04-07-2022,4695.86150,119092,HDFC Money Market Fund - Growth Option - Direct Plan,HDFC Mutual Fund
01-07-2022,4693.14190,119092,HDFC Money Market Fund - Growth Option - Direct Plan,HDFC Mutual Fund
30-06-2022,4691.86890,119092,HDFC Money Market Fund - Growth Option - Direct Plan,HDFC Mutual Fund
29-06-2022,4690.61710,119092,HDFC Money Market Fund - Growth Option - Direct Plan,HDFC Mutual Fund
28-06-2022,4690.01260,119092,HDFC Money Market Fund - Growth Option - Direct Plan,HDFC Mutual Fund
27-06-2022,4689.51220,119092,HDFC Money Market Fund - Growth Option - Direct Plan,HDFC Mutual Fund
24-06-2022,4687.37460,119092,HDFC Money Market Fund - Growth Option - Direct Plan,HDFC Mutual Fund
23-06-2022,4686.35430,119092,HDFC Money Market Fund - Growth Option - Direct Plan,HDFC Mutual Fund
22-06-2022,4685.40430,119092,HDFC Money Market Fund - Growth Option - Direct Plan,HDFC Mutual Fund
21-06-2022,4684.36070,119092,HDFC Money Market Fund - Growth Option - Direct Plan,HDFC Mutual Fund
20-06-2022,4683.63570,119092,HDFC Money Market Fund - Growth Option - Direct Plan,HDFC Mutual Fund
17-06-2022,4681.54150,119092,HDFC Money Market Fund - Growth Option - Direct Plan,HDFC Mutual Fund
16-06-2022,4681.36690,119092,HDFC Money Market Fund - Growth Option - Direct Plan,HDFC Mutual Fund
15-06-2022,4681.05990,119092,HDFC Money Market Fund - Growth Option - Direct Plan,HDFC Mutual Fund
14-06-2022,4680.77050,119092,HDFC Money Market Fund - Growth Option - Direct Plan,HDFC Mutual Fund
13-06-2022,4680.11820,119092,HDFC Money Market Fund - Growth Option - Direct Plan,HDFC Mutual Fund
10-06-2022,4678.92350,119092,HDFC Money Market Fund - Growth Option - Direct Plan,HDFC Mutual Fund
09-06-2022,4678.24770,119092,HDFC Money Market Fund - Growth Option - Direct Plan,HDFC Mutual Fund
08-06-2022,4677.41390,119092,HDFC Money Market Fund - Growth Option - Direct Plan,HDFC Mutual Fund
07-06-2022,4674.50030,119092,HDFC Money Market Fund - Growth Option - Direct Plan,HDFC Mutual Fund
06-06-2022,4675.79670,119092,HDFC Money Market Fund - Growth Option - Direct Plan,HDFC Mutual Fund
03-06-2022,4674.39100,119092,HDFC Money Market Fund - Growth Option - Direct Plan,HDFC Mutual Fund
02-06-2022,4673.74960,119092,HDFC Money Market Fund - Growth Option - Direct Plan,HDFC Mutual Fund
01-06-2022,4673.34330,119092,HDFC Money Market Fund - Growth Option - Direct Plan,HDFC Mutual Fund
31-05-2022,4672.35550,119092,HDFC Money Market Fund - Growth Option - Direct Plan,HDFC Mutual Fund
30-05-2022,4671.50900,119092,HDFC Money Market Fund - Growth Option - Direct Plan,HDFC Mutual Fund
27-05-2022,4669.73160,119092,HDFC Money Market Fund - Growth Option - Direct Plan,HDFC Mutual Fund
26-05-2022,4669.05010,119092,HDFC Money Market Fund - Growth Option - Direct Plan,HDFC Mutual Fund
25-05-2022,4668.42910,119092,HDFC Money Market Fund - Growth Option - Direct Plan,HDFC Mutual Fund
24-05-2022,4667.53830,119092,HDFC Money Market Fund - Growth Option - Direct Plan,HDFC Mutual Fund
23-05-2022,4666.59600,119092,HDFC Money Market Fund - Growth Option - Direct Plan,HDFC Mutual Fund
20-05-2022,4664.25140,119092,HDFC Money Market Fund - Growth Option - Direct Plan,HDFC Mutual Fund
19-05-2022,4663.76030,119092,HDFC Money Market Fund - Growth Option - Direct Plan,HDFC Mutual Fund
18-05-2022,4663.67690,119092,HDFC Money Market Fund - Growth Option - Direct Plan,HDFC Mutual Fund
17-05-2022,4663.15680,119092,HDFC Money Market Fund - Growth Option - Direct Plan,HDFC Mutual Fund
13-05-2022,4660.42110,119092,HDFC Money Market Fund - Growth Option - Direct Plan,HDFC Mutual Fund
12-05-2022,4661.15200,119092,HDFC Money Market Fund - Growth Option - Direct Plan,HDFC Mutual Fund
11-05-2022,4661.46500,119092,HDFC Money Market Fund - Growth Option - Direct Plan,HDFC Mutual Fund
10-05-2022,4661.66950,119092,HDFC Money Market Fund - Growth Option - Direct Plan,HDFC Mutual Fund
09-05-2022,4661.02310,119092,HDFC Money Market Fund - Growth Option - Direct Plan,HDFC Mutual Fund
06-05-2022,4659.67530,119092,HDFC Money Market Fund - Growth Option - Direct Plan,HDFC Mutual Fund
05-05-2022,4659.81570,119092,HDFC Money Market Fund - Growth Option - Direct Plan,HDFC Mutual Fund
04-05-2022,4663.21300,119092,HDFC Money Market Fund - Growth Option - Direct Plan,HDFC Mutual Fund
02-05-2022,4670.34380,119092,HDFC Money Market Fund - Growth Option - Direct Plan,HDFC Mutual Fund
29-04-2022,4668.63680,119092,HDFC Money Market Fund - Growth Option - Direct Plan,HDFC Mutual Fund
28-04-2022,4668.39860,119092,HDFC Money Market Fund - Growth Option - Direct Plan,HDFC Mutual Fund
27-04-2022,4667.98130,119092,HDFC Money Market Fund - Growth Option - Direct Plan,HDFC Mutual Fund
26-04-2022,4667.50170,119092,HDFC Money Market Fund - Growth Option - Direct Plan,HDFC Mutual Fund
25-04-2022,4667.03740,119092,HDFC Money Market Fund - Growth Option - Direct Plan,HDFC Mutual Fund
22-04-2022,4665.50940,119092,HDFC Money Market Fund - Growth Option - Direct Plan,HDFC Mutual Fund
21-04-2022,4665.10070,119092,HDFC Money Market Fund - Growth Option - Direct Plan,HDFC Mutual Fund
20-04-2022,4664.19920,119092,HDFC Money Market Fund - Growth Option - Direct Plan,HDFC Mutual Fund
19-04-2022,4663.02640,119092,HDFC Money Market Fund - Growth Option - Direct Plan,HDFC Mutual Fund
18-04-2022,4661.76320,119092,HDFC Money Market Fund - Growth Option - Direct Plan,HDFC Mutual Fund
13-04-2022,4658.67610,119092,HDFC Money Market Fund - Growth Option - Direct Plan,HDFC Mutual Fund
12-04-2022,4659.20250,119092,HDFC Money Market Fund - Growth Option - Direct Plan,HDFC Mutual Fund
11-04-2022,4658.45140,119092,HDFC Money Market Fund - Growth Option - Direct Plan,HDFC Mutual Fund
08-04-2022,4657.34000,119092,HDFC Money Market Fund - Growth Option - Direct Plan,HDFC Mutual Fund
07-04-2022,4659.71500,119092,HDFC Money Market Fund - Growth Option - Direct Plan,HDFC Mutual Fund
06-04-2022,4658.90330,119092,HDFC Money Market Fund - Growth Option - Direct Plan,HDFC Mutual Fund
05-04-2022,4657.84260,119092,HDFC Money Market Fund - Growth Option - Direct Plan,HDFC Mutual Fund
04-04-2022,4657.41260,119092,HDFC Money Market Fund - Growth Option - Direct Plan,HDFC Mutual Fund
31-03-2022,4654.79810,119092,HDFC Money Market Fund - Growth Option - Direct Plan,HDFC Mutual Fund
30-03-2022,4653.23500,119092,HDFC Money Market Fund - Growth Option - Direct Plan,HDFC Mutual Fund
29-03-2022,4652.38200,119092,HDFC Money Market Fund - Growth Option - Direct Plan,HDFC Mutual Fund
28-03-2022,4651.79280,119092,HDFC Money Market Fund - Growth Option - Direct Plan,HDFC Mutual Fund
25-03-2022,4649.95850,119092,HDFC Money Market Fund - Growth Option - Direct Plan,HDFC Mutual Fund
24-03-2022,4649.18500,119092,HDFC Money Market Fund - Growth Option - Direct Plan,HDFC Mutual Fund
23-03-2022,4648.12510,119092,HDFC Money Market Fund - Growth Option - Direct Plan,HDFC Mutual Fund
22-03-2022,4647.28400,119092,HDFC Money Market Fund - Growth Option - Direct Plan,HDFC Mutual Fund
21-03-2022,4646.92290,119092,HDFC Money Market Fund - Growth Option - Direct Plan,HDFC Mutual Fund
17-03-2022,4644.47220,119092,HDFC Money Market Fund - Growth Option - Direct Plan,HDFC Mutual Fund
16-03-2022,4643.76890,119092,HDFC Money Market Fund - Growth Option - Direct Plan,HDFC Mutual Fund
15-03-2022,4642.83940,119092,HDFC Money Market Fund - Growth Option - Direct Plan,HDFC Mutual Fund
14-03-2022,4641.64970,119092,HDFC Money Market Fund - Growth Option - Direct Plan,HDFC Mutual Fund
11-03-2022,4639.50850,119092,HDFC Money Market Fund - Growth Option - Direct Plan,HDFC Mutual Fund
10-03-2022,4638.55290,119092,HDFC Money Market Fund - Growth Option - Direct Plan,HDFC Mutual Fund
09-03-2022,4637.95720,119092,HDFC Money Market Fund - Growth Option - Direct Plan,HDFC Mutual Fund
08-03-2022,4637.44290,119092,HDFC Money Market Fund - Growth Option - Direct Plan,HDFC Mutual Fund
07-03-2022,4637.29650,119092,HDFC Money Market Fund - Growth Option - Direct Plan,HDFC Mutual Fund
04-03-2022,4635.99750,119092,HDFC Money Market Fund - Growth Option - Direct Plan,HDFC Mutual Fund
03-03-2022,4635.54490,119092,HDFC Money Market Fund - Growth Option - Direct Plan,HDFC Mutual Fund
02-03-2022,4636.01960,119092,HDFC Money Market Fund - Growth Option - Direct Plan,HDFC Mutual Fund
28-02-2022,4635.19400,119092,HDFC Money Market Fund - Growth Option - Direct Plan,HDFC Mutual Fund
25-02-2022,4633.84660,119092,HDFC Money Market Fund - Growth Option - Direct Plan,HDFC Mutual Fund
24-02-2022,4633.39790,119092,HDFC Money Market Fund - Growth Option - Direct Plan,HDFC Mutual Fund
23-02-2022,4632.87290,119092,HDFC Money Market Fund - Growth Option - Direct Plan,HDFC Mutual Fund
22-02-2022,4632.27550,119092,HDFC Money Market Fund - Growth Option - Direct Plan,HDFC Mutual Fund
21-02-2022,4631.85070,119092,HDFC Money Market Fund - Growth Option - Direct Plan,HDFC Mutual Fund
18-02-2022,4630.46970,119092,HDFC Money Market Fund - Growth Option - Direct Plan,HDFC Mutual Fund
17-02-2022,4630.10050,119092,HDFC Money Market Fund - Growth Option - Direct Plan,HDFC Mutual Fund
16-02-2022,4629.54290,119092,HDFC Money Market Fund - Growth Option - Direct Plan,HDFC Mutual Fund
15-02-2022,4628.70030,119092,HDFC Money Market Fund - Growth Option - Direct Plan,HDFC Mutual Fund
14-02-2022,4627.93240,119092,HDFC Money Market Fund - Growth Option - Direct Plan,HDFC Mutual Fund
11-02-2022,4625.88960,119092,HDFC Money Market Fund - Growth Option - Direct Plan,HDFC Mutual Fund
10-02-2022,4625.19490,119092,HDFC Money Market Fund - Growth Option - Direct Plan,HDFC Mutual Fund
09-02-2022,4623.38640,119092,HDFC Money Market Fund - Growth Option - Direct Plan,HDFC Mutual Fund
08-02-2022,4622.98250,119092,HDFC Money Market Fund - Growth Option - Direct Plan,HDFC Mutual Fund
04-02-2022,4620.85550,119092,HDFC Money Market Fund - Growth Option - Direct Plan,HDFC Mutual Fund
03-02-2022,4620.44750,119092,HDFC Money Market Fund - Growth Option - Direct Plan,HDFC Mutual Fund
02-02-2022,4619.94290,119092,HDFC Money Market Fund - Growth Option - Direct Plan,HDFC Mutual Fund
01-02-2022,4620.56630,119092,HDFC Money Market Fund - Growth Option - Direct Plan,HDFC Mutual Fund
31-01-2022,4620.78650,119092,HDFC Money Market Fund - Growth Option - Direct Plan,HDFC Mutual Fund
28-01-2022,4619.28570,119092,HDFC Money Market Fund - Growth Option - Direct Plan,HDFC Mutual Fund
27-01-2022,4618.75390,119092,HDFC Money Market Fund - Growth Option - Direct Plan,HDFC Mutual Fund
25-01-2022,4618.01680,119092,HDFC Money Market Fund - Growth Option - Direct Plan,HDFC Mutual Fund
24-01-2022,4617.71110,119092,HDFC Money Market Fund - Growth Option - Direct Plan,HDFC Mutual Fund
21-01-2022,4616.20920,119092,HDFC Money Market Fund - Growth Option - Direct Plan,HDFC Mutual Fund
20-01-2022,4615.74400,119092,HDFC Money Market Fund - Growth Option - Direct Plan,HDFC Mutual Fund
19-01-2022,4615.23950,119092,HDFC Money Market Fund - Growth Option - Direct Plan,HDFC Mutual Fund
18-01-2022,4615.30830,119092,HDFC Money Market Fund - Growth Option - Direct Plan,HDFC Mutual Fund
17-01-2022,4614.89420,119092,HDFC Money Market Fund - Growth Option - Direct Plan,HDFC Mutual Fund
14-01-2022,4613.48750,119092,HDFC Money Market Fund - Growth Option - Direct Plan,HDFC Mutual Fund
13-01-2022,4612.89600,119092,HDFC Money Market Fund - Growth Option - Direct Plan,HDFC Mutual Fund
12-01-2022,4612.16680,119092,HDFC Money Market Fund - Growth Option - Direct Plan,HDFC Mutual Fund
11-01-2022,4611.55300,119092,HDFC Money Market Fund - Growth Option - Direct Plan,HDFC Mutual Fund
10-01-2022,4611.01810,119092,HDFC Money Market Fund - Growth Option - Direct Plan,HDFC Mutual Fund
07-01-2022,4609.61500,119092,HDFC Money Market Fund - Growth Option - Direct Plan,HDFC Mutual Fund
06-01-2022,4609.16480,119092,HDFC Money Market Fund - Growth Option - Direct Plan,HDFC Mutual Fund
05-01-2022,4608.59270,119092,HDFC Money Market Fund - Growth Option - Direct Plan,HDFC Mutual Fund
04-01-2022,4607.93490,119092,HDFC Money Market Fund - Growth Option - Direct Plan,HDFC Mutual Fund
03-01-2022,4607.45030,119092,HDFC Money Market Fund - Growth Option - Direct Plan,HDFC Mutual Fund
31-12-2021,4605.46740,119092,HDFC Money Market Fund - Growth Option - Direct Plan,HDFC Mutual Fund
30-12-2021,4604.84270,119092,HDFC Money Market Fund - Growth Option - Direct Plan,HDFC Mutual Fund
29-12-2021,4604.22240,119092,HDFC Money Market Fund - Growth Option - Direct Plan,HDFC Mutual Fund
28-12-2021,4603.58300,119092,HDFC Money Market Fund - Growth Option - Direct Plan,HDFC Mutual Fund
27-12-2021,4603.09520,119092,HDFC Money Market Fund - Growth Option - Direct Plan,HDFC Mutual Fund
24-12-2021,4601.41720,119092,HDFC Money Market Fund - Growth Option - Direct Plan,HDFC Mutual Fund
23-12-2021,4600.65830,119092,HDFC Money Market Fund - Growth Option - Direct Plan,HDFC Mutual Fund
22-12-2021,4600.47210,119092,HDFC Money Market Fund - Growth Option - Direct Plan,HDFC Mutual Fund
21-12-2021,4600.15000,119092,HDFC Money Market Fund - Growth Option - Direct Plan,HDFC Mutual Fund
20-12-2021,4599.97030,119092,HDFC Money Market Fund - Growth Option - Direct Plan,HDFC Mutual Fund
17-12-2021,4598.62210,119092,HDFC Money Market Fund - Growth Option - Direct Plan,HDFC Mutual Fund
16-12-2021,4598.18180,119092,HDFC Money Market Fund - Growth Option - Direct Plan,HDFC Mutual Fund
15-12-2021,4598.18110,119092,HDFC Money Market Fund - Growth Option - Direct Plan,HDFC Mutual Fund
14-12-2021,4597.79660,119092,HDFC Money Market Fund - Growth Option - Direct Plan,HDFC Mutual Fund
13-12-2021,4597.40110,119092,HDFC Money Market Fund - Growth Option - Direct Plan,HDFC Mutual Fund
10-12-2021,4595.94460,119092,HDFC Money Market Fund - Growth Option - Direct Plan,HDFC Mutual Fund
09-12-2021,4595.48490,119092,HDFC Money Market Fund - Growth Option - Direct Plan,HDFC Mutual Fund
08-12-2021,4595.12050,119092,HDFC Money Market Fund - Growth Option - Direct Plan,HDFC Mutual Fund
07-12-2021,4594.15890,119092,HDFC Money Market Fund - Growth Option - Direct Plan,HDFC Mutual Fund
06-12-2021,4593.75360,119092,HDFC Money Market Fund - Growth Option - Direct Plan,HDFC Mutual Fund
03-12-2021,4592.38900,119092,HDFC Money Market Fund - Growth Option - Direct Plan,HDFC Mutual Fund
02-12-2021,4591.98440,119092,HDFC Money Market Fund - Growth Option - Direct Plan,HDFC Mutual Fund
01-12-2021,4591.44050,119092,HDFC Money Market Fund - Growth Option - Direct Plan,HDFC Mutual Fund
30-11-2021,4590.83190,119092,HDFC Money Market Fund - Growth Option - Direct Plan,HDFC Mutual Fund
29-11-2021,4590.15870,119092,HDFC Money Market Fund - Growth Option - Direct Plan,HDFC Mutual Fund
26-11-2021,4588.73660,119092,HDFC Money Market Fund - Growth Option - Direct Plan,HDFC Mutual Fund
25-11-2021,4588.35370,119092,HDFC Money Market Fund - Growth Option - Direct Plan,HDFC Mutual Fund
24-11-2021,4587.93940,119092,HDFC Money Market Fund - Growth Option - Direct Plan,HDFC Mutual Fund
23-11-2021,4587.47150,119092,HDFC Money Market Fund - Growth Option - Direct Plan,HDFC Mutual Fund
22-11-2021,4586.96640,119092,HDFC Money Market Fund - Growth Option - Direct Plan,HDFC Mutual Fund
18-11-2021,4585.20980,119092,HDFC Money Market Fund - Growth Option - Direct Plan,HDFC Mutual Fund
17-11-2021,4584.64030,119092,HDFC Money Market Fund - Growth Option - Direct Plan,HDFC Mutual Fund
16-11-2021,4584.24670,119092,HDFC Money Market Fund - Growth Option - Direct Plan,HDFC Mutual Fund
15-11-2021,4583.80460,119092,HDFC Money Market Fund - Growth Option - Direct Plan,HDFC Mutual Fund
12-11-2021,4582.28520,119092,HDFC Money Market Fund - Growth Option - Direct Plan,HDFC Mutual Fund
11-11-2021,4581.68090,119092,HDFC Money Market Fund - Growth Option - Direct Plan,HDFC Mutual Fund
10-11-2021,4581.02720,119092,HDFC Money Market Fund - Growth Option - Direct Plan,HDFC Mutual Fund
09-11-2021,4580.49550,119092,HDFC Money Market Fund - Growth Option - Direct Plan,HDFC Mutual Fund
08-11-2021,4579.57270,119092,HDFC Money Market Fund - Growth Option - Direct Plan,HDFC Mutual Fund
03-11-2021,4576.46890,119092,HDFC Money Market Fund - Growth Option - Direct Plan,HDFC Mutual Fund
02-11-2021,4575.59920,119092,HDFC Money Market Fund - Growth Option - Direct Plan,HDFC Mutual Fund
01-11-2021,4574.98600,119092,HDFC Money Market Fund - Growth Option - Direct Plan,HDFC Mutual Fund
29-10-2021,4573.74000,119092,HDFC Money Market Fund - Growth Option - Direct Plan,HDFC Mutual Fund
28-10-2021,4573.40980,119092,HDFC Money Market Fund - Growth Option - Direct Plan,HDFC Mutual Fund
27-10-2021,4573.03050,119092,HDFC Money Market Fund - Growth Option - Direct Plan,HDFC Mutual Fund
26-10-2021,4573.52170,119092,HDFC Money Market Fund - Growth Option - Direct Plan,HDFC Mutual Fund
25-10-2021,4573.49610,119092,HDFC Money Market Fund - Growth Option - Direct Plan,HDFC Mutual Fund
22-10-2021,4572.63420,119092,HDFC Money Market Fund - Growth Option - Direct Plan,HDFC Mutual Fund
21-10-2021,4572.18170,119092,HDFC Money Market Fund - Growth Option - Direct Plan,HDFC Mutual Fund
20-10-2021,4571.98030,119092,HDFC Money Market Fund - Growth Option - Direct Plan,HDFC Mutual Fund
18-10-2021,4571.35980,119092,HDFC Money Market Fund - Growth Option - Direct Plan,HDFC Mutual Fund
14-10-2021,4569.97840,119092,HDFC Money Market Fund - Growth Option - Direct Plan,HDFC Mutual Fund
13-10-2021,4569.51950,119092,HDFC Money Market Fund - Growth Option - Direct Plan,HDFC Mutual Fund
12-10-2021,4568.84080,119092,HDFC Money Market Fund - Growth Option - Direct Plan,HDFC Mutual Fund
11-10-2021,4568.16690,119092,HDFC Money Market Fund - Growth Option - Direct Plan,HDFC Mutual Fund
08-10-2021,4566.51650,119092,HDFC Money Market Fund - Growth Option - Direct Plan,HDFC Mutual Fund
07-10-2021,4565.70220,119092,HDFC Money Market Fund - Growth Option - Direct Plan,HDFC Mutual Fund
06-10-2021,4565.18520,119092,HDFC Money Market Fund - Growth Option - Direct Plan,HDFC Mutual Fund
05-10-2021,4565.22110,119092,HDFC Money Market Fund - Growth Option - Direct Plan,HDFC Mutual Fund
04-10-2021,4564.96960,119092,HDFC Money Market Fund - Growth Option - Direct Plan,HDFC Mutual Fund
01-10-2021,4563.61920,119092,HDFC Money Market Fund - Growth Option - Direct Plan,HDFC Mutual Fund
30-09-2021,4563.02930,119092,HDFC Money Market Fund - Growth Option - Direct Plan,HDFC Mutual Fund
29-09-2021,4562.41660,119092,HDFC Money Market Fund - Growth Option - Direct Plan,HDFC Mutual Fund
28-09-2021,4562.48300,119092,HDFC Money Market Fund - Growth Option - Direct Plan,HDFC Mutual Fund
27-09-2021,4562.35180,119092,HDFC Money Market Fund - Growth Option - Direct Plan,HDFC Mutual Fund
24-09-2021,4561.19660,119092,HDFC Money Market Fund - Growth Option - Direct Plan,HDFC Mutual Fund
23-09-2021,4561.25730,119092,HDFC Money Market Fund - Growth Option - Direct Plan,HDFC Mutual Fund
22-09-2021,4560.91000,119092,HDFC Money Market Fund - Growth Option - Direct Plan,HDFC Mutual Fund
21-09-2021,4560.64210,119092,HDFC Money Market Fund - Growth Option - Direct Plan,HDFC Mutual Fund
20-09-2021,4560.27890,119092,HDFC Money Market Fund - Growth Option - Direct Plan,HDFC Mutual Fund
17-09-2021,4559.04930,119092,HDFC Money Market Fund - Growth Option - Direct Plan,HDFC Mutual Fund
16-09-2021,4558.65500,119092,HDFC Money Market Fund - Growth Option - Direct Plan,HDFC Mutual Fund
15-09-2021,4558.20180,119092,HDFC Money Market Fund - Growth Option - Direct Plan,HDFC Mutual Fund
14-09-2021,4557.81970,119092,HDFC Money Market Fund - Growth Option - Direct Plan,HDFC Mutual Fund
13-09-2021,4557.42190,119092,HDFC Money Market Fund - Growth Option - Direct Plan,HDFC Mutual Fund
09-09-2021,4555.63840,119092,HDFC Money Market Fund - Growth Option - Direct Plan,HDFC Mutual Fund
08-09-2021,4555.40890,119092,HDFC Money Market Fund - Growth Option - Direct Plan,HDFC Mutual Fund
07-09-2021,4555.02410,119092,HDFC Money Market Fund - Growth Option - Direct Plan,HDFC Mutual Fund
06-09-2021,4554.55420,119092,HDFC Money Market Fund - Growth Option - Direct Plan,HDFC Mutual Fund
03-09-2021,4553.27380,119092,HDFC Money Market Fund - Growth Option - Direct Plan,HDFC Mutual Fund
02-09-2021,4552.80550,119092,HDFC Money Market Fund - Growth Option - Direct Plan,HDFC Mutual Fund
01-09-2021,4552.22550,119092,HDFC Money Market Fund - Growth Option - Direct Plan,HDFC Mutual Fund
31-08-2021,4551.49920,119092,HDFC Money Market Fund - Growth Option - Direct Plan,HDFC Mutual Fund
30-08-2021,4550.91940,119092,HDFC Money Market Fund - Growth Option - Direct Plan,HDFC Mutual Fund
27-08-2021,4549.40900,119092,HDFC Money Market Fund - Growth Option - Direct Plan,HDFC Mutual Fund
26-08-2021,4548.89110,119092,HDFC Money Market Fund - Growth Option - Direct Plan,HDFC Mutual Fund
25-08-2021,4548.13700,119092,HDFC Money Market Fund - Growth Option - Direct Plan,HDFC Mutual Fund
24-08-2021,4547.56310,119092,HDFC Money Market Fund - Growth Option - Direct Plan,HDFC Mutual Fund
23-08-2021,4547.06400,119092,HDFC Money Market Fund - Growth Option - Direct Plan,HDFC Mutual Fund
20-08-2021,4545.60820,119092,HDFC Money Market Fund - Growth Option - Direct Plan,HDFC Mutual Fund
18-08-2021,4544.36900,119092,HDFC Money Market Fund - Growth Option - Direct Plan,HDFC Mutual Fund
17-08-2021,4543.66750,119092,HDFC Money Market Fund - Growth Option - Direct Plan,HDFC Mutual Fund
13-08-2021,4541.51400,119092,HDFC Money Market Fund - Growth Option - Direct Plan,HDFC Mutual Fund
12-08-2021,4540.68840,119092,HDFC Money Market Fund - Growth Option - Direct Plan,HDFC Mutual Fund
11-08-2021,4540.04090,119092,HDFC Money Market Fund - Growth Option - Direct Plan,HDFC Mutual Fund
10-08-2021,4539.45400,119092,HDFC Money Market Fund - Growth Option - Direct Plan,HDFC Mutual Fund
09-08-2021,4538.83710,119092,HDFC Money Market Fund - Growth Option - Direct Plan,HDFC Mutual Fund
06-08-2021,4537.47170,119092,HDFC Money Market Fund - Growth Option - Direct Plan,HDFC Mutual Fund
05-08-2021,4537.17690,119092,HDFC Money Market Fund - Growth Option - Direct Plan,HDFC Mutual Fund
04-08-2021,4536.66200,119092,HDFC Money Market Fund - Growth Option - Direct Plan,HDFC Mutual Fund
03-08-2021,4536.35560,119092,HDFC Money Market Fund - Growth Option - Direct Plan,HDFC Mutual Fund
02-08-2021,4535.68360,119092,HDFC Money Market Fund - Growth Option - Direct Plan,HDFC Mutual Fund
30-07-2021,4534.39830,119092,HDFC Money Market Fund - Growth Option - Direct Plan,HDFC Mutual Fund
29-07-2021,4533.95040,119092,HDFC Money Market Fund - Growth Option - Direct Plan,HDFC Mutual Fund
28-07-2021,4533.50970,119092,HDFC Money Market Fund - Growth Option - Direct Plan,HDFC Mutual Fund
27-07-2021,4533.12320,119092,HDFC Money Market Fund - Growth Option - Direct Plan,HDFC Mutual Fund
26-07-2021,4532.55060,119092,HDFC Money Market Fund - Growth Option - Direct Plan,HDFC Mutual Fund
23-07-2021,4531.09930,119092,HDFC Money Market Fund - Growth Option - Direct Plan,HDFC Mutual Fund
22-07-2021,4530.36510,119092,HDFC Money Market Fund - Growth Option - Direct Plan,HDFC Mutual Fund
20-07-2021,4529.39210,119092,HDFC Money Market Fund - Growth Option - Direct Plan,HDFC Mutual Fund
19-07-2021,4528.74200,119092,HDFC Money Market Fund - Growth Option - Direct Plan,HDFC Mutual Fund
16-07-2021,4527.47100,119092,HDFC Money Market Fund - Growth Option - Direct Plan,HDFC Mutual Fund
15-07-2021,4526.86050,119092,HDFC Money Market Fund - Growth Option - Direct Plan,HDFC Mutual Fund
14-07-2021,4526.22240,119092,HDFC Money Market Fund - Growth Option - Direct Plan,HDFC Mutual Fund
13-07-2021,4525.60120,119092,HDFC Money Market Fund - Growth Option - Direct Plan,HDFC Mutual Fund
12-07-2021,4524.98640,119092,HDFC Money Market Fund - Growth Option - Direct Plan,HDFC Mutual Fund
09-07-2021,4523.15920,119092,HDFC Money Market Fund - Growth Option - Direct Plan,HDFC Mutual Fund
08-07-2021,4522.74540,119092,HDFC Money Market Fund - Growth Option - Direct Plan,HDFC Mutual Fund
07-07-2021,4522.05710,119092,HDFC Money Market Fund - Growth Option - Direct Plan,HDFC Mutual Fund
06-07-2021,4521.20330,119092,HDFC Money Market Fund - Growth Option - Direct Plan,HDFC Mutual Fund
05-07-2021,4520.95920,119092,HDFC Money Market Fund - Growth Option - Direct Plan,HDFC Mutual Fund
02-07-2021,4519.49410,119092,HDFC Money Market Fund - Growth Option - Direct Plan,HDFC Mutual Fund
01-07-2021,4518.92590,119092,HDFC Money Market Fund - Growth Option - Direct Plan,HDFC Mutual Fund
30-06-2021,4518.15070,119092,HDFC Money Market Fund - Growth Option - Direct Plan,HDFC Mutual Fund
29-06-2021,4517.56940,119092,HDFC Money Market Fund - Growth Option - Direct Plan,HDFC Mutual Fund
28-06-2021,4517.08980,119092,HDFC Money Market Fund - Growth Option - Direct Plan,HDFC Mutual Fund
25-06-2021,4515.68420,119092,HDFC Money Market Fund - Growth Option - Direct Plan,HDFC Mutual Fund
24-06-2021,4515.31870,119092,HDFC Money Market Fund - Growth Option - Direct Plan,HDFC Mutual Fund
23-06-2021,4514.77030,119092,HDFC Money Market Fund - Growth Option - Direct Plan,HDFC Mutual Fund
22-06-2021,4514.34970,119092,HDFC Money Market Fund - Growth Option - Direct Plan,HDFC Mutual Fund
21-06-2021,4513.92330,119092,HDFC Money Market Fund - Growth Option - Direct Plan,HDFC Mutual Fund
18-06-2021,4512.29080,119092,HDFC Money Market Fund - Growth Option - Direct Plan,HDFC Mutual Fund
17-06-2021,4511.88240,119092,HDFC Money Market Fund - Growth Option - Direct Plan,HDFC Mutual Fund
16-06-2021,4511.89440,119092,HDFC Money Market Fund - Growth Option - Direct Plan,HDFC Mutual Fund
15-06-2021,4511.92680,119092,HDFC Money Market Fund - Growth Option - Direct Plan,HDFC Mutual Fund
14-06-2021,4511.53500,119092,HDFC Money Market Fund - Growth Option - Direct Plan,HDFC Mutual Fund
11-06-2021,4510.30800,119092,HDFC Money Market Fund - Growth Option - Direct Plan,HDFC Mutual Fund
10-06-2021,4509.64720,119092,HDFC Money Market Fund - Growth Option - Direct Plan,HDFC Mutual Fund
09-06-2021,4508.96670,119092,HDFC Money Market Fund - Growth Option - Direct Plan,HDFC Mutual Fund
08-06-2021,4508.22500,119092,HDFC Money Market Fund - Growth Option - Direct Plan,HDFC Mutual Fund
07-06-2021,4507.62930,119092,HDFC Money Market Fund - Growth Option - Direct Plan,HDFC Mutual Fund
04-06-2021,4506.00130,119092,HDFC Money Market Fund - Growth Option - Direct Plan,HDFC Mutual Fund
03-06-2021,4505.61010,119092,HDFC Money Market Fund - Growth Option - Direct Plan,HDFC Mutual Fund
02-06-2021,4505.14710,119092,HDFC Money Market Fund - Growth Option - Direct Plan,HDFC Mutual Fund
01-06-2021,4504.73960,119092,HDFC Money Market Fund - Growth Option - Direct Plan,HDFC Mutual Fund
31-05-2021,4504.34950,119092,HDFC Money Market Fund - Growth Option - Direct Plan,HDFC Mutual Fund
28-05-2021,4502.96360,119092,HDFC Money Market Fund - Growth Option - Direct Plan,HDFC Mutual Fund
27-05-2021,4502.23820,119092,HDFC Money Market Fund - Growth Option - Direct Plan,HDFC Mutual Fund
25-05-2021,4501.47320,119092,HDFC Money Market Fund - Growth Option - Direct Plan,HDFC Mutual Fund
24-05-2021,4501.06600,119092,HDFC Money Market Fund - Growth Option - Direct Plan,HDFC Mutual Fund
21-05-2021,4499.79960,119092,HDFC Money Market Fund - Growth Option - Direct Plan,HDFC Mutual Fund
20-05-2021,4499.05280,119092,HDFC Money Market Fund - Growth Option - Direct Plan,HDFC Mutual Fund
19-05-2021,4498.60050,119092,HDFC Money Market Fund - Growth Option - Direct Plan,HDFC Mutual Fund
18-05-2021,4498.04060,119092,HDFC Money Market Fund - Growth Option - Direct Plan,HDFC Mutual Fund
17-05-2021,4497.51240,119092,HDFC Money Market Fund - Growth Option - Direct Plan,HDFC Mutual Fund
14-05-2021,4496.18370,119092,HDFC Money Market Fund - Growth Option - Direct Plan,HDFC Mutual Fund
12-05-2021,4495.25010,119092,HDFC Money Market Fund - Growth Option - Direct Plan,HDFC Mutual Fund
11-05-2021,4494.94500,119092,HDFC Money Market Fund - Growth Option - Direct Plan,HDFC Mutual Fund
10-05-2021,4494.34270,119092,HDFC Money Market Fund - Growth Option - Direct Plan,HDFC Mutual Fund
07-05-2021,4493.47250,119092,HDFC Money Market Fund - Growth Option - Direct Plan,HDFC Mutual Fund
06-05-2021,4493.10300,119092,HDFC Money Market Fund - Growth Option - Direct Plan,HDFC Mutual Fund
05-05-2021,4492.65020,119092,HDFC Money Market Fund - Growth Option - Direct Plan,HDFC Mutual Fund
04-05-2021,4492.19510,119092,HDFC Money Market Fund - Growth Option - Direct Plan,HDFC Mutual Fund
03-05-2021,4492.01270,119092,HDFC Money Market Fund - Growth Option - Direct Plan,HDFC Mutual Fund
30-04-2021,4490.40890,119092,HDFC Money Market Fund - Growth Option - Direct Plan,HDFC Mutual Fund
29-04-2021,4489.90350,119092,HDFC Money Market Fund - Growth Option - Direct Plan,HDFC Mutual Fund
28-04-2021,4489.47620,119092,HDFC Money Market Fund - Growth Option - Direct Plan,HDFC Mutual Fund
27-04-2021,4488.23240,119092,HDFC Money Market Fund - Growth Option - Direct Plan,HDFC Mutual Fund
26-04-2021,4487.61740,119092,HDFC Money Market Fund - Growth Option - Direct Plan,HDFC Mutual Fund
23-04-2021,4485.60710,119092,HDFC Money Market Fund - Growth Option - Direct Plan,HDFC Mutual Fund
22-04-2021,4485.08020,119092,HDFC Money Market Fund - Growth Option - Direct Plan,HDFC Mutual Fund
20-04-2021,4483.58070,119092,HDFC Money Market Fund - Growth Option - Direct Plan,HDFC Mutual Fund
19-04-2021,4482.80000,119092,HDFC Money Market Fund - Growth Option - Direct Plan,HDFC Mutual Fund
16-04-2021,4481.11750,119092,HDFC Money Market Fund - Growth Option - Direct Plan,HDFC Mutual Fund
15-04-2021,4480.56510,119092,HDFC Money Market Fund - Growth Option - Direct Plan,HDFC Mutual Fund
12-04-2021,4479.07130,119092,HDFC Money Market Fund - Growth Option - Direct Plan,HDFC Mutual Fund
09-04-2021,4478.22060,119092,HDFC Money Market Fund - Growth Option - Direct Plan,HDFC Mutual Fund
08-04-2021,4478.03180,119092,HDFC Money Market Fund - Growth Option - Direct Plan,HDFC Mutual Fund
07-04-2021,4478.11170,119092,HDFC Money Market Fund - Growth Option - Direct Plan,HDFC Mutual Fund
06-04-2021,4477.63590,119092,HDFC Money Market Fund - Growth Option - Direct Plan,HDFC Mutual Fund
05-04-2021,4476.16750,119092,HDFC Money Market Fund - Growth Option - Direct Plan,HDFC Mutual Fund
31-03-2021,4473.92440,119092,HDFC Money Market Fund - Growth Option - Direct Plan,HDFC Mutual Fund
30-03-2021,4472.87370,119092,HDFC Money Market Fund - Growth Option - Direct Plan,HDFC Mutual Fund
26-03-2021,4469.92250,119092,HDFC Money Market Fund - Growth Option - Direct Plan,HDFC Mutual Fund
25-03-2021,4468.94040,119092,HDFC Money Market Fund - Growth Option - Direct Plan,HDFC Mutual Fund
24-03-2021,4468.14620,119092,HDFC Money Market Fund - Growth Option - Direct Plan,HDFC Mutual Fund
23-03-2021,4466.54380,119092,HDFC Money Market Fund - Growth Option - Direct Plan,HDFC Mutual Fund
22-03-2021,4465.63830,119092,HDFC Money Market Fund - Growth Option - Direct Plan,HDFC Mutual Fund
19-03-2021,4463.91400,119092,HDFC Money Market Fund - Growth Option - Direct Plan,HDFC Mutual Fund
18-03-2021,4462.26610,119092,HDFC Money Market Fund - Growth Option - Direct Plan,HDFC Mutual Fund
17-03-2021,4461.55840,119092,HDFC Money Market Fund - Growth Option - Direct Plan,HDFC Mutual Fund
16-03-2021,4461.08280,119092,HDFC Money Market Fund - Growth Option - Direct Plan,HDFC Mutual Fund
15-03-2021,4460.44130,119092,HDFC Money Market Fund - Growth Option - Direct Plan,HDFC Mutual Fund
12-03-2021,4459.60680,119092,HDFC Money Market Fund - Growth Option - Direct Plan,HDFC Mutual Fund
10-03-2021,4458.65600,119092,HDFC Money Market Fund - Growth Option - Direct Plan,HDFC Mutual Fund
09-03-2021,4458.01720,119092,HDFC Money Market Fund - Growth Option - Direct Plan,HDFC Mutual Fund
08-03-2021,4457.74210,119092,HDFC Money Market Fund - Growth Option - Direct Plan,HDFC Mutual Fund
05-03-2021,4456.58380,119092,HDFC Money Market Fund - Growth Option - Direct Plan,HDFC Mutual Fund
04-03-2021,4456.11480,119092,HDFC Money Market Fund - Growth Option - Direct Plan,HDFC Mutual Fund
03-03-2021,4455.67700,119092,HDFC Money Market Fund - Growth Option - Direct Plan,HDFC Mutual Fund
02-03-2021,4455.25710,119092,HDFC Money Market Fund - Growth Option - Direct Plan,HDFC Mutual Fund
01-03-2021,4454.87330,119092,HDFC Money Market Fund - Growth Option - Direct Plan,HDFC Mutual Fund
26-02-2021,4453.65630,119092,HDFC Money Market Fund - Growth Option - Direct Plan,HDFC Mutual Fund
25-02-2021,4453.30350,119092,HDFC Money Market Fund - Growth Option - Direct Plan,HDFC Mutual Fund
24-02-2021,4452.95300,119092,HDFC Money Market Fund - Growth Option - Direct Plan,HDFC Mutual Fund
23-02-2021,4452.25770,119092,HDFC Money Market Fund - Growth Option - Direct Plan,HDFC Mutual Fund
22-02-2021,4451.80570,119092,HDFC Money Market Fund - Growth Option - Direct Plan,HDFC Mutual Fund
18-02-2021,4450.57290,119092,HDFC Money Market Fund - Growth Option - Direct Plan,HDFC Mutual Fund
17-02-2021,4449.90120,119092,HDFC Money Market Fund - Growth Option - Direct Plan,HDFC Mutual Fund
16-02-2021,4449.19080,119092,HDFC Money Market Fund - Growth Option - Direct Plan,HDFC Mutual Fund
15-02-2021,4448.48740,119092,HDFC Money Market Fund - Growth Option - Direct Plan,HDFC Mutual Fund
12-02-2021,4447.02610,119092,HDFC Money Market Fund - Growth Option - Direct Plan,HDFC Mutual Fund
11-02-2021,4446.56390,119092,HDFC Money Market Fund - Growth Option - Direct Plan,HDFC Mutual Fund
10-02-2021,4446.13850,119092,HDFC Money Market Fund - Growth Option - Direct Plan,HDFC Mutual Fund
09-02-2021,4445.44340,119092,HDFC Money Market Fund - Growth Option - Direct Plan,HDFC Mutual Fund
08-02-2021,4445.18460,119092,HDFC Money Market Fund - Growth Option - Direct Plan,HDFC Mutual Fund
05-02-2021,4443.91760,119092,HDFC Money Market Fund - Growth Option - Direct Plan,HDFC Mutual Fund
04-02-2021,4443.37870,119092,HDFC Money Market Fund - Growth Option - Direct Plan,HDFC Mutual Fund
03-02-2021,4443.00690,119092,HDFC Money Market Fund - Growth Option - Direct Plan,HDFC Mutual Fund
02-02-2021,4442.97830,119092,HDFC Money Market Fund - Growth Option - Direct Plan,HDFC Mutual Fund
01-02-2021,4442.50210,119092,HDFC Money Market Fund - Growth Option - Direct Plan,HDFC Mutual Fund
29-01-2021,4441.40990,119092,HDFC Money Market Fund - Growth Option - Direct Plan,HDFC Mutual Fund
28-01-2021,4440.96240,119092,HDFC Money Market Fund - Growth Option - Direct Plan,HDFC Mutual Fund
27-01-2021,4440.49670,119092,HDFC Money Market Fund - Growth Option - Direct Plan,HDFC Mutual Fund
25-01-2021,4439.84450,119092,HDFC Money Market Fund - Growth Option - Direct Plan,HDFC Mutual Fund
22-01-2021,4438.53590,119092,HDFC Money Market Fund - Growth Option - Direct Plan,HDFC Mutual Fund
21-01-2021,4438.13250,119092,HDFC Money Market Fund - Growth Option - Direct Plan,HDFC Mutual Fund
20-01-2021,4437.65570,119092,HDFC Money Market Fund - Growth Option - Direct Plan,HDFC Mutual Fund
19-01-2021,4437.22760,119092,HDFC Money Market Fund - Growth Option - Direct Plan,HDFC Mutual Fund
18-01-2021,4437.20770,119092,HDFC Money Market Fund - Growth Option - Direct Plan,HDFC Mutual Fund
15-01-2021,4436.23470,119092,HDFC Money Market Fund - Growth Option - Direct Plan,HDFC Mutual Fund
14-01-2021,4435.89730,119092,HDFC Money Market Fund - Growth Option - Direct Plan,HDFC Mutual Fund
13-01-2021,4436.00230,119092,HDFC Money Market Fund - Growth Option - Direct Plan,HDFC Mutual Fund
12-01-2021,4435.55240,119092,HDFC Money Market Fund - Growth Option - Direct Plan,HDFC Mutual Fund
11-01-2021,4435.34630,119092,HDFC Money Market Fund - Growth Option - Direct Plan,HDFC Mutual Fund
08-01-2021,4434.76600,119092,HDFC Money Market Fund - Growth Option - Direct Plan,HDFC Mutual Fund
07-01-2021,4434.40730,119092,HDFC Money Market Fund - Growth Option - Direct Plan,HDFC Mutual Fund
06-01-2021,4434.23210,119092,HDFC Money Market Fund - Growth Option - Direct Plan,HDFC Mutual Fund
05-01-2021,4434.04730,119092,HDFC Money Market Fund - Growth Option - Direct Plan,HDFC Mutual Fund
04-01-2021,4433.61730,119092,HDFC Money Market Fund - Growth Option - Direct Plan,HDFC Mutual Fund
01-01-2021,4432.27230,119092,HDFC Money Market Fund - Growth Option - Direct Plan,HDFC Mutual Fund
31-12-2020,4431.63110,119092,HDFC Money Market Fund - Growth Option - Direct Plan,HDFC Mutual Fund
30-12-2020,4431.10160,119092,HDFC Money Market Fund - Growth Option - Direct Plan,HDFC Mutual Fund
29-12-2020,4430.38930,119092,HDFC Money Market Fund - Growth Option - Direct Plan,HDFC Mutual Fund
28-12-2020,4429.82680,119092,HDFC Money Market Fund - Growth Option - Direct Plan,HDFC Mutual Fund
24-12-2020,4428.20370,119092,HDFC Money Market Fund - Growth Option - Direct Plan,HDFC Mutual Fund
23-12-2020,4427.74590,119092,HDFC Money Market Fund - Growth Option - Direct Plan,HDFC Mutual Fund
22-12-2020,4427.36210,119092,HDFC Money Market Fund - Growth Option - Direct Plan,HDFC Mutual Fund
21-12-2020,4426.95050,119092,HDFC Money Market Fund - Growth Option - Direct Plan,HDFC Mutual Fund
18-12-2020,4425.66650,119092,HDFC Money Market Fund - Growth Option - Direct Plan,HDFC Mutual Fund
17-12-2020,4425.20740,119092,HDFC Money Market Fund - Growth Option - Direct Plan,HDFC Mutual Fund
16-12-2020,4424.88520,119092,HDFC Money Market Fund - Growth Option - Direct Plan,HDFC Mutual Fund
15-12-2020,4424.58350,119092,HDFC Money Market Fund - Growth Option - Direct Plan,HDFC Mutual Fund
14-12-2020,4424.31180,119092,HDFC Money Market Fund - Growth Option - Direct Plan,HDFC Mutual Fund
11-12-2020,4423.14670,119092,HDFC Money Market Fund - Growth Option - Direct Plan,HDFC Mutual Fund
10-12-2020,4422.63870,119092,HDFC Money Market Fund - Growth Option - Direct Plan,HDFC Mutual Fund
09-12-2020,4422.08200,119092,HDFC Money Market Fund - Growth Option - Direct Plan,HDFC Mutual Fund
08-12-2020,4421.99730,119092,HDFC Money Market Fund - Growth Option - Direct Plan,HDFC Mutual Fund
07-12-2020,4421.93000,119092,HDFC Money Market Fund - Growth Option - Direct Plan,HDFC Mutual Fund
04-12-2020,4420.56720,119092,HDFC Money Market Fund - Growth Option - Direct Plan,HDFC Mutual Fund
03-12-2020,4419.91190,119092,HDFC Money Market Fund - Growth Option - Direct Plan,HDFC Mutual Fund
02-12-2020,4419.55470,119092,HDFC Money Market Fund - Growth Option - Direct Plan,HDFC Mutual Fund
01-12-2020,4419.93590,119092,HDFC Money Market Fund - Growth Option - Direct Plan,HDFC Mutual Fund
27-11-2020,4418.64320,119092,HDFC Money Market Fund - Growth Option - Direct Plan,HDFC Mutual Fund
26-11-2020,4418.07680,119092,HDFC Money Market Fund - Growth Option - Direct Plan,HDFC Mutual Fund
25-11-2020,4417.29690,119092,HDFC Money Market Fund - Growth Option - Direct Plan,HDFC Mutual Fund
24-11-2020,4416.74670,119092,HDFC Money Market Fund - Growth Option - Direct Plan,HDFC Mutual Fund
23-11-2020,4416.52550,119092,HDFC Money Market Fund - Growth Option - Direct Plan,HDFC Mutual Fund
20-11-2020,4415.32330,119092,HDFC Money Market Fund - Growth Option - Direct Plan,HDFC Mutual Fund
19-11-2020,4414.74400,119092,HDFC Money Market Fund - Growth Option - Direct Plan,HDFC Mutual Fund
18-11-2020,4413.76050,119092,HDFC Money Market Fund - Growth Option - Direct Plan,HDFC Mutual Fund
17-11-2020,4413.01010,119092,HDFC Money Market Fund - Growth Option - Direct Plan,HDFC Mutual Fund
13-11-2020,4411.20650,119092,HDFC Money Market Fund - Growth Option - Direct Plan,HDFC Mutual Fund
12-11-2020,4410.51490,119092,HDFC Money Market Fund - Growth Option - Direct Plan,HDFC Mutual Fund
11-11-2020,4409.83110,119092,HDFC Money Market Fund - Growth Option - Direct Plan,HDFC Mutual Fund
10-11-2020,4409.19680,119092,HDFC Money Market Fund - Growth Option - Direct Plan,HDFC Mutual Fund
09-11-2020,4408.65020,119092,HDFC Money Market Fund - Growth Option - Direct Plan,HDFC Mutual Fund
06-11-2020,4407.19900,119092,HDFC Money Market Fund - Growth Option - Direct Plan,HDFC Mutual Fund
05-11-2020,4406.76140,119092,HDFC Money Market Fund - Growth Option - Direct Plan,HDFC Mutual Fund
04-11-2020,4406.25410,119092,HDFC Money Market Fund - Growth Option - Direct Plan,HDFC Mutual Fund
03-11-2020,4405.58610,119092,HDFC Money Market Fund - Growth Option - Direct Plan,HDFC Mutual Fund
02-11-2020,4405.14720,119092,HDFC Money Market Fund - Growth Option - Direct Plan,HDFC Mutual Fund
29-10-2020,4403.60620,119092,HDFC Money Market Fund - Growth Option - Direct Plan,HDFC Mutual Fund
28-10-2020,4403.20580,119092,HDFC Money Market Fund - Growth Option - Direct Plan,HDFC Mutual Fund
27-10-2020,4402.60280,119092,HDFC Money Market Fund - Growth Option - Direct Plan,HDFC Mutual Fund
26-10-2020,4402.24260,119092,HDFC Money Market Fund - Growth Option - Direct Plan,HDFC Mutual Fund
23-10-2020,4400.73090,119092,HDFC Money Market Fund - Growth Option - Direct Plan,HDFC Mutual Fund
22-10-2020,4400.19500,119092,HDFC Money Market Fund - Growth Option - Direct Plan,HDFC Mutual Fund
21-10-2020,4399.78530,119092,HDFC Money Market Fund - Growth Option - Direct Plan,HDFC Mutual Fund
20-10-2020,4399.28650,119092,HDFC Money Market Fund - Growth Option - Direct Plan,HDFC Mutual Fund
19-10-2020,4398.69080,119092,HDFC Money Market Fund - Growth Option - Direct Plan,HDFC Mutual Fund
16-10-2020,4397.26100,119092,HDFC Money Market Fund - Growth Option - Direct Plan,HDFC Mutual Fund
15-10-2020,4396.73170,119092,HDFC Money Market Fund - Growth Option - Direct Plan,HDFC Mutual Fund
14-10-2020,4396.23720,119092,HDFC Money Market Fund - Growth Option - Direct Plan,HDFC Mutual Fund
13-10-2020,4395.39100,119092,HDFC Money Market Fund - Growth Option - Direct Plan,HDFC Mutual Fund
12-10-2020,4395.11370,119092,HDFC Money Market Fund - Growth Option - Direct Plan,HDFC Mutual Fund
09-10-2020,4393.64840,119092,HDFC Money Market Fund - Growth Option - Direct Plan,HDFC Mutual Fund
08-10-2020,4393.01460,119092,HDFC Money Market Fund - Growth Option - Direct Plan,HDFC Mutual Fund
07-10-2020,4392.20270,119092,HDFC Money Market Fund - Growth Option - Direct Plan,HDFC Mutual Fund
06-10-2020,4390.68950,119092,HDFC Money Market Fund - Growth Option - Direct Plan,HDFC Mutual Fund
05-10-2020,4389.48470,119092,HDFC Money Market Fund - Growth Option - Direct Plan,HDFC Mutual Fund
01-10-2020,4386.90400,119092,HDFC Money Market Fund - Growth Option - Direct Plan,HDFC Mutual Fund
30-09-2020,4386.12310,119092,HDFC Money Market Fund - Growth Option - Direct Plan,HDFC Mutual Fund
29-09-2020,4385.44870,119092,HDFC Money Market Fund - Growth Option - Direct Plan,HDFC Mutual Fund
28-09-2020,4384.60860,119092,HDFC Money Market Fund - Growth Option - Direct Plan,HDFC Mutual Fund
25-09-2020,4383.17130,119092,HDFC Money Market Fund - Growth Option - Direct Plan,HDFC Mutual Fund
24-09-2020,4382.68860,119092,HDFC Money Market Fund - Growth Option - Direct Plan,HDFC Mutual Fund
23-09-2020,4382.38700,119092,HDFC Money Market Fund - Growth Option - Direct Plan,HDFC Mutual Fund
22-09-2020,4382.15810,119092,HDFC Money Market Fund - Growth Option - Direct Plan,HDFC Mutual Fund
21-09-2020,4381.69260,119092,HDFC Money Market Fund - Growth Option - Direct Plan,HDFC Mutual Fund
18-09-2020,4380.28140,119092,HDFC Money Market Fund - Growth Option - Direct Plan,HDFC Mutual Fund
17-09-2020,4379.93960,119092,HDFC Money Market Fund - Growth Option - Direct Plan,HDFC Mutual Fund
16-09-2020,4379.31790,119092,HDFC Money Market Fund - Growth Option - Direct Plan,HDFC Mutual Fund
15-09-2020,4379.06810,119092,HDFC Money Market Fund - Growth Option - Direct Plan,HDFC Mutual Fund
14-09-2020,4378.58470,119092,HDFC Money Market Fund - Growth Option - Direct Plan,HDFC Mutual Fund
11-09-2020,4377.21090,119092,HDFC Money Market Fund - Growth Option - Direct Plan,HDFC Mutual Fund
10-09-2020,4376.74900,119092,HDFC Money Market Fund - Growth Option - Direct Plan,HDFC Mutual Fund
09-09-2020,4376.59800,119092,HDFC Money Market Fund - Growth Option - Direct Plan,HDFC Mutual Fund
08-09-2020,4376.21180,119092,HDFC Money Market Fund - Growth Option - Direct Plan,HDFC Mutual Fund
07-09-2020,4375.90530,119092,HDFC Money Market Fund - Growth Option - Direct Plan,HDFC Mutual Fund
04-09-2020,4374.44880,119092,HDFC Money Market Fund - Growth Option - Direct Plan,HDFC Mutual Fund
03-09-2020,4373.99360,119092,HDFC Money Market Fund - Growth Option - Direct Plan,HDFC Mutual Fund
02-09-2020,4373.58890,119092,HDFC Money Market Fund - Growth Option - Direct Plan,HDFC Mutual Fund
01-09-2020,4373.44550,119092,HDFC Money Market Fund - Growth Option - Direct Plan,HDFC Mutual Fund
31-08-2020,4372.30450,119092,HDFC Money Market Fund - Growth Option - Direct Plan,HDFC Mutual Fund
28-08-2020,4370.94040,119092,HDFC Money Market Fund - Growth Option - Direct Plan,HDFC Mutual Fund
27-08-2020,4370.28990,119092,HDFC Money Market Fund - Growth Option - Direct Plan,HDFC Mutual Fund
26-08-2020,4369.80860,119092,HDFC Money Market Fund - Growth Option - Direct Plan,HDFC Mutual Fund
25-08-2020,4369.04010,119092,HDFC Money Market Fund - Growth Option - Direct Plan,HDFC Mutual Fund
24-08-2020,4369.11620,119092,HDFC Money Market Fund - Growth Option - Direct Plan,HDFC Mutual Fund
21-08-2020,4368.25590,119092,HDFC Money Market Fund - Growth Option - Direct Plan,HDFC Mutual Fund
20-08-2020,4367.33700,119092,HDFC Money Market Fund - Growth Option - Direct Plan,HDFC Mutual Fund
19-08-2020,4366.30280,119092,HDFC Money Market Fund - Growth Option - Direct Plan,HDFC Mutual Fund
18-08-2020,4365.62290,119092,HDFC Money Market Fund - Growth Option - Direct Plan,HDFC Mutual Fund
17-08-2020,4363.69710,119092,HDFC Money Market Fund - Growth Option - Direct Plan,HDFC Mutual Fund
14-08-2020,4362.34700,119092,HDFC Money Market Fund - Growth Option - Direct Plan,HDFC Mutual Fund
13-08-2020,4361.87820,119092,HDFC Money Market Fund - Growth Option - Direct Plan,HDFC Mutual Fund
12-08-2020,4361.34940,119092,HDFC Money Market Fund - Growth Option - Direct Plan,HDFC Mutual Fund
11-08-2020,4360.79770,119092,HDFC Money Market Fund - Growth Option - Direct Plan,HDFC Mutual Fund
10-08-2020,4360.02940,119092,HDFC Money Market Fund - Growth Option - Direct Plan,HDFC Mutual Fund
07-08-2020,4358.63380,119092,HDFC Money Market Fund - Growth Option - Direct Plan,HDFC Mutual Fund
06-08-2020,4359.13770,119092,HDFC Money Market Fund - Growth Option - Direct Plan,HDFC Mutual Fund
05-08-2020,4358.50090,119092,HDFC Money Market Fund - Growth Option - Direct Plan,HDFC Mutual Fund
04-08-2020,4357.45920,119092,HDFC Money Market Fund - Growth Option - Direct Plan,HDFC Mutual Fund
03-08-2020,4356.33160,119092,HDFC Money Market Fund - Growth Option - Direct Plan,HDFC Mutual Fund
31-07-2020,4355.16660,119092,HDFC Money Market Fund - Growth Option - Direct Plan,HDFC Mutual Fund
30-07-2020,4354.56850,119092,HDFC Money Market Fund - Growth Option - Direct Plan,HDFC Mutual Fund
29-07-2020,4353.84040,119092,HDFC Money Market Fund - Growth Option - Direct Plan,HDFC Mutual Fund
28-07-2020,4353.64830,119092,HDFC Money Market Fund - Growth Option - Direct Plan,HDFC Mutual Fund
27-07-2020,4353.52070,119092,HDFC Money Market Fund - Growth Option - Direct Plan,HDFC Mutual Fund
24-07-2020,4351.81540,119092,HDFC Money Market Fund - Growth Option - Direct Plan,HDFC Mutual Fund
23-07-2020,4351.70620,119092,HDFC Money Market Fund - Growth Option - Direct Plan,HDFC Mutual Fund
22-07-2020,4351.15030,119092,HDFC Money Market Fund - Growth Option - Direct Plan,HDFC Mutual Fund
21-07-2020,4350.82570,119092,HDFC Money Market Fund - Growth Option - Direct Plan,HDFC Mutual Fund
20-07-2020,4349.73220,119092,HDFC Money Market Fund - Growth Option - Direct Plan,HDFC Mutual Fund
17-07-2020,4348.38600,119092,HDFC Money Market Fund - Growth Option - Direct Plan,HDFC Mutual Fund
16-07-2020,4347.93580,119092,HDFC Money Market Fund - Growth Option - Direct Plan,HDFC Mutual Fund
15-07-2020,4347.47490,119092,HDFC Money Market Fund - Growth Option - Direct Plan,HDFC Mutual Fund
14-07-2020,4346.95590,119092,HDFC Money Market Fund - Growth Option - Direct Plan,HDFC Mutual Fund
13-07-2020,4348.28010,119092,HDFC Money Market Fund - Growth Option - Direct Plan,HDFC Mutual Fund
10-07-2020,4345.96080,119092,HDFC Money Market Fund - Growth Option - Direct Plan,HDFC Mutual Fund
09-07-2020,4344.08700,119092,HDFC Money Market Fund - Growth Option - Direct Plan,HDFC Mutual Fund
08-07-2020,4343.23380,119092,HDFC Money Market Fund - Growth Option - Direct Plan,HDFC Mutual Fund
07-07-2020,4341.17930,119092,HDFC Money Market Fund - Growth Option - Direct Plan,HDFC Mutual Fund
06-07-2020,4339.23710,119092,HDFC Money Market Fund - Growth Option - Direct Plan,HDFC Mutual Fund
03-07-2020,4336.87550,119092,HDFC Money Market Fund - Growth Option - Direct Plan,HDFC Mutual Fund
02-07-2020,4333.58090,119092,HDFC Money Market Fund - Growth Option - Direct Plan,HDFC Mutual Fund
01-07-2020,4332.09760,119092,HDFC Money Market Fund - Growth Option - Direct Plan,HDFC Mutual Fund
30-06-2020,4330.19840,119092,HDFC Money Market Fund - Growth Option - Direct Plan,HDFC Mutual Fund
29-06-2020,4329.64490,119092,HDFC Money Market Fund - Growth Option - Direct Plan,HDFC Mutual Fund
26-06-2020,4329.93440,119092,HDFC Money Market Fund - Growth Option - Direct Plan,HDFC Mutual Fund
25-06-2020,4328.64290,119092,HDFC Money Market Fund - Growth Option - Direct Plan,HDFC Mutual Fund
24-06-2020,4327.97880,119092,HDFC Money Market Fund - Growth Option - Direct Plan,HDFC Mutual Fund
23-06-2020,4327.42800,119092,HDFC Money Market Fund - Growth Option - Direct Plan,HDFC Mutual Fund
22-06-2020,4325.78900,119092,HDFC Money Market Fund - Growth Option - Direct Plan,HDFC Mutual Fund
19-06-2020,4326.34080,119092,HDFC Money Market Fund - Growth Option - Direct Plan,HDFC Mutual Fund
18-06-2020,4324.42480,119092,HDFC Money Market Fund - Growth Option - Direct Plan,HDFC Mutual Fund
17-06-2020,4318.54640,119092,HDFC Money Market Fund - Growth Option - Direct Plan,HDFC Mutual Fund
16-06-2020,4317.84170,119092,HDFC Money Market Fund - Growth Option - Direct Plan,HDFC Mutual Fund
15-06-2020,4315.17130,119092,HDFC Money Market Fund - Growth Option - Direct Plan,HDFC Mutual Fund
12-06-2020,4311.23970,119092,HDFC Money Market Fund - Growth Option - Direct Plan,HDFC Mutual Fund
11-06-2020,4310.15650,119092,HDFC Money Market Fund - Growth Option - Direct Plan,HDFC Mutual Fund
10-06-2020,4307.09270,119092,HDFC Money Market Fund - Growth Option - Direct Plan,HDFC Mutual Fund
09-06-2020,4305.76320,119092,HDFC Money Market Fund - Growth Option - Direct Plan,HDFC Mutual Fund
08-06-2020,4305.61720,119092,HDFC Money Market Fund - Growth Option - Direct Plan,HDFC Mutual Fund
05-06-2020,4303.64250,119092,HDFC Money Market Fund - Growth Option - Direct Plan,HDFC Mutual Fund
04-06-2020,4302.94750,119092,HDFC Money Market Fund - Growth Option - Direct Plan,HDFC Mutual Fund
03-06-2020,4303.76940,119092,HDFC Money Market Fund - Growth Option - Direct Plan,HDFC Mutual Fund
02-06-2020,4303.04210,119092,HDFC Money Market Fund - Growth Option - Direct Plan,HDFC Mutual Fund
01-06-2020,4303.65510,119092,HDFC Money Market Fund - Growth Option - Direct Plan,HDFC Mutual Fund
29-05-2020,4301.76250,119092,HDFC Money Market Fund - Growth Option - Direct Plan,HDFC Mutual Fund
28-05-2020,4305.97340,119092,HDFC Money Market Fund - Growth Option - Direct Plan,HDFC Mutual Fund
27-05-2020,4306.11670,119092,HDFC Money Market Fund - Growth Option - Direct Plan,HDFC Mutual Fund
26-05-2020,4306.03200,119092,HDFC Money Market Fund - Growth Option - Direct Plan,HDFC Mutual Fund
22-05-2020,4299.38330,119092,HDFC Money Market Fund - Growth Option - Direct Plan,HDFC Mutual Fund
21-05-2020,4294.35520,119092,HDFC Money Market Fund - Growth Option - Direct Plan,HDFC Mutual Fund
20-05-2020,4289.68270,119092,HDFC Money Market Fund - Growth Option - Direct Plan,HDFC Mutual Fund
19-05-2020,4288.67210,119092,HDFC Money Market Fund - Growth Option - Direct Plan,HDFC Mutual Fund
18-05-2020,4284.93520,119092,HDFC Money Market Fund - Growth Option - Direct Plan,HDFC Mutual Fund
15-05-2020,4275.99920,119092,HDFC Money Market Fund - Growth Option - Direct Plan,HDFC Mutual Fund
14-05-2020,4271.42290,119092,HDFC Money Market Fund - Growth Option - Direct Plan,HDFC Mutual Fund
13-05-2020,4270.81110,119092,HDFC Money Market Fund - Growth Option - Direct Plan,HDFC Mutual Fund
12-05-2020,4271.42740,119092,HDFC Money Market Fund - Growth Option - Direct Plan,HDFC Mutual Fund
11-05-2020,4265.70320,119092,HDFC Money Market Fund - Growth Option - Direct Plan,HDFC Mutual Fund
08-05-2020,4264.23860,119092,HDFC Money Market Fund - Growth Option - Direct Plan,HDFC Mutual Fund
06-05-2020,4260.16110,119092,HDFC Money Market Fund - Growth Option - Direct Plan,HDFC Mutual Fund
05-05-2020,4257.36710,119092,HDFC Money Market Fund - Growth Option - Direct Plan,HDFC Mutual Fund
04-05-2020,4254.15260,119092,HDFC Money Market Fund - Growth Option - Direct Plan,HDFC Mutual Fund
30-04-2020,4250.85780,119092,HDFC Money Market Fund - Growth Option - Direct Plan,HDFC Mutual Fund
29-04-2020,4246.20170,119092,HDFC Money Market Fund - Growth Option - Direct Plan,HDFC Mutual Fund
28-04-2020,4245.00760,119092,HDFC Money Market Fund - Growth Option - Direct Plan,HDFC Mutual Fund
27-04-2020,4250.89590,119092,HDFC Money Market Fund - Growth Option - Direct Plan,HDFC Mutual Fund
24-04-2020,4253.90220,119092,HDFC Money Market Fund - Growth Option - Direct Plan,HDFC Mutual Fund
23-04-2020,4257.89750,119092,HDFC Money Market Fund - Growth Option - Direct Plan,HDFC Mutual Fund
22-04-2020,4251.02010,119092,HDFC Money Market Fund - Growth Option - Direct Plan,HDFC Mutual Fund
21-04-2020,4248.45730,119092,HDFC Money Market Fund - Growth Option - Direct Plan,HDFC Mutual Fund
20-04-2020,4241.91070,119092,HDFC Money Market Fund - Growth Option - Direct Plan,HDFC Mutual Fund
17-04-2020,4235.95240,119092,HDFC Money Market Fund - Growth Option - Direct Plan,HDFC Mutual Fund
16-04-2020,4224.60420,119092,HDFC Money Market Fund - Growth Option - Direct Plan,HDFC Mutual Fund
15-04-2020,4223.09940,119092,HDFC Money Market Fund - Growth Option - Direct Plan,HDFC Mutual Fund
13-04-2020,4222.27480,119092,HDFC Money Market Fund - Growth Option - Direct Plan,HDFC Mutual Fund
09-04-2020,4221.40160,119092,HDFC Money Market Fund - Growth Option - Direct Plan,HDFC Mutual Fund
08-04-2020,4225.20220,119092,HDFC Money Market Fund - Growth Option - Direct Plan,HDFC Mutual Fund
07-04-2020,4228.73960,119092,HDFC Money Market Fund - Growth Option - Direct Plan,HDFC Mutual Fund
03-04-2020,4223.18140,119092,HDFC Money Market Fund - Growth Option - Direct Plan,HDFC Mutual Fund
31-03-2020,4219.83680,119092,HDFC Money Market Fund - Growth Option - Direct Plan,HDFC Mutual Fund
30-03-2020,4218.43550,119092,HDFC Money Market Fund - Growth Option - Direct Plan,HDFC Mutual Fund
27-03-2020,4212.50140,119092,HDFC Money Market Fund - Growth Option - Direct Plan,HDFC Mutual Fund
26-03-2020,4156.28090,119092,HDFC Money Market Fund - Growth Option - Direct Plan,HDFC Mutual Fund
24-03-2020,4144.35120,119092,HDFC Money Market Fund - Growth Option - Direct Plan,HDFC Mutual Fund
23-03-2020,4152.16160,119092,HDFC Money Market Fund - Growth Option - Direct Plan,HDFC Mutual Fund
20-03-2020,4163.06710,119092,HDFC Money Market Fund - Growth Option - Direct Plan,HDFC Mutual Fund
19-03-2020,4164.24420,119092,HDFC Money Market Fund - Growth Option - Direct Plan,HDFC Mutual Fund
18-03-2020,4186.91810,119092,HDFC Money Market Fund - Growth Option - Direct Plan,HDFC Mutual Fund
17-03-2020,4193.98950,119092,HDFC Money Market Fund - Growth Option - Direct Plan,HDFC Mutual Fund
16-03-2020,4195.51390,119092,HDFC Money Market Fund - Growth Option - Direct Plan,HDFC Mutual Fund
13-03-2020,4195.24490,119092,HDFC Money Market Fund - Growth Option - Direct Plan,HDFC Mutual Fund
12-03-2020,4199.16310,119092,HDFC Money Market Fund - Growth Option - Direct Plan,HDFC Mutual Fund
11-03-2020,4202.87020,119092,HDFC Money Market Fund - Growth Option - Direct Plan,HDFC Mutual Fund
09-03-2020,4202.70780,119092,HDFC Money Market Fund - Growth Option - Direct Plan,HDFC Mutual Fund
06-03-2020,4200.67490,119092,HDFC Money Market Fund - Growth Option - Direct Plan,HDFC Mutual Fund
05-03-2020,4200.16560,119092,HDFC Money Market Fund - Growth Option - Direct Plan,HDFC Mutual Fund
04-03-2020,4198.97290,119092,HDFC Money Market Fund - Growth Option - Direct Plan,HDFC Mutual Fund
03-03-2020,4195.06440,119092,HDFC Money Market Fund - Growth Option - Direct Plan,HDFC Mutual Fund
02-03-2020,4194.67760,119092,HDFC Money Market Fund - Growth Option - Direct Plan,HDFC Mutual Fund
28-02-2020,4192.87190,119092,HDFC Money Market Fund - Growth Option - Direct Plan,HDFC Mutual Fund
27-02-2020,4192.78710,119092,HDFC Money Market Fund - Growth Option - Direct Plan,HDFC Mutual Fund
26-02-2020,4192.29860,119092,HDFC Money Market Fund - Growth Option - Direct Plan,HDFC Mutual Fund
25-02-2020,4191.66760,119092,HDFC Money Market Fund - Growth Option - Direct Plan,HDFC Mutual Fund
24-02-2020,4190.84550,119092,HDFC Money Market Fund - Growth Option - Direct Plan,HDFC Mutual Fund
20-02-2020,4188.38710,119092,HDFC Money Market Fund - Growth Option - Direct Plan,HDFC Mutual Fund
18-02-2020,4187.27390,119092,HDFC Money Market Fund - Growth Option - Direct Plan,HDFC Mutual Fund
17-02-2020,4186.76680,119092,HDFC Money Market Fund - Growth Option - Direct Plan,HDFC Mutual Fund
14-02-2020,4184.71000,119092,HDFC Money Market Fund - Growth Option - Direct Plan,HDFC Mutual Fund
13-02-2020,4184.09040,119092,HDFC Money Market Fund - Growth Option - Direct Plan,HDFC Mutual Fund
12-02-2020,4182.79220,119092,HDFC Money Market Fund - Growth Option - Direct Plan,HDFC Mutual Fund
11-02-2020,4182.04290,119092,HDFC Money Market Fund - Growth Option - Direct Plan,HDFC Mutual Fund
10-02-2020,4181.14990,119092,HDFC Money Market Fund - Growth Option - Direct Plan,HDFC Mutual Fund
07-02-2020,4178.89210,119092,HDFC Money Market Fund - Growth Option - Direct Plan,HDFC Mutual Fund
06-02-2020,4178.02390,119092,HDFC Money Market Fund - Growth Option - Direct Plan,HDFC Mutual Fund
05-02-2020,4175.56760,119092,HDFC Money Market Fund - Growth Option - Direct Plan,HDFC Mutual Fund
04-02-2020,4174.93000,119092,HDFC Money Market Fund - Growth Option - Direct Plan,HDFC Mutual Fund
03-02-2020,4174.25520,119092,HDFC Money Market Fund - Growth Option - Direct Plan,HDFC Mutual Fund
31-01-2020,4172.36930,119092,HDFC Money Market Fund - Growth Option - Direct Plan,HDFC Mutual Fund
30-01-2020,4171.75950,119092,HDFC Money Market Fund - Growth Option - Direct Plan,HDFC Mutual Fund
29-01-2020,4171.11310,119092,HDFC Money Market Fund - Growth Option - Direct Plan,HDFC Mutual Fund
28-01-2020,4170.50210,119092,HDFC Money Market Fund - Growth Option - Direct Plan,HDFC Mutual Fund
27-01-2020,4169.89890,119092,HDFC Money Market Fund - Growth Option - Direct Plan,HDFC Mutual Fund
24-01-2020,4168.04700,119092,HDFC Money Market Fund - Growth Option - Direct Plan,HDFC Mutual Fund
23-01-2020,4167.27120,119092,HDFC Money Market Fund - Growth Option - Direct Plan,HDFC Mutual Fund
22-01-2020,4166.57990,119092,HDFC Money Market Fund - Growth Option - Direct Plan,HDFC Mutual Fund
21-01-2020,4165.94710,119092,HDFC Money Market Fund - Growth Option - Direct Plan,HDFC Mutual Fund
20-01-2020,4165.26380,119092,HDFC Money Market Fund - Growth Option - Direct Plan,HDFC Mutual Fund
17-01-2020,4163.44250,119092,HDFC Money Market Fund - Growth Option - Direct Plan,HDFC Mutual Fund
16-01-2020,4162.79750,119092,HDFC Money Market Fund - Growth Option - Direct Plan,HDFC Mutual Fund
15-01-2020,4162.21020,119092,HDFC Money Market Fund - Growth Option - Direct Plan,HDFC Mutual Fund
14-01-2020,4161.71010,119092,HDFC Money Market Fund - Growth Option - Direct Plan,HDFC Mutual Fund
13-01-2020,4161.28050,119092,HDFC Money Market Fund - Growth Option - Direct Plan,HDFC Mutual Fund
10-01-2020,4159.61970,119092,HDFC Money Market Fund - Growth Option - Direct Plan,HDFC Mutual Fund
09-01-2020,4159.29620,119092,HDFC Money Market Fund - Growth Option - Direct Plan,HDFC Mutual Fund
08-01-2020,4158.75890,119092,HDFC Money Market Fund - Growth Option - Direct Plan,HDFC Mutual Fund
07-01-2020,4158.24030,119092,HDFC Money Market Fund - Growth Option - Direct Plan,HDFC Mutual Fund
06-01-2020,4157.66080,119092,HDFC Money Market Fund - Growth Option - Direct Plan,HDFC Mutual Fund
03-01-2020,4155.87300,119092,HDFC Money Market Fund - Growth Option - Direct Plan,HDFC Mutual Fund
02-01-2020,4155.35290,119092,HDFC Money Market Fund - Growth Option - Direct Plan,HDFC Mutual Fund
01-01-2020,4154.25060,119092,HDFC Money Market Fund - Growth Option - Direct Plan,HDFC Mutual Fund
31-12-2019,4153.57510,119092,HDFC Money Market Fund - Growth Option - Direct Plan,HDFC Mutual Fund
30-12-2019,4152.99850,119092,HDFC Money Market Fund - Growth Option - Direct Plan,HDFC Mutual Fund
27-12-2019,4151.20580,119092,HDFC Money Market Fund - Growth Option - Direct Plan,HDFC Mutual Fund
26-12-2019,4150.43870,119092,HDFC Money Market Fund - Growth Option - Direct Plan,HDFC Mutual Fund
24-12-2019,4149.22950,119092,HDFC Money Market Fund - Growth Option - Direct Plan,HDFC Mutual Fund
23-12-2019,4148.64220,119092,HDFC Money Market Fund - Growth Option - Direct Plan,HDFC Mutual Fund
20-12-2019,4146.85860,119092,HDFC Money Market Fund - Growth Option - Direct Plan,HDFC Mutual Fund
19-12-2019,4146.38610,119092,HDFC Money Market Fund - Growth Option - Direct Plan,HDFC Mutual Fund
18-12-2019,4145.70800,119092,HDFC Money Market Fund - Growth Option - Direct Plan,HDFC Mutual Fund
17-12-2019,4145.15130,119092,HDFC Money Market Fund - Growth Option - Direct Plan,HDFC Mutual Fund
16-12-2019,4144.57250,119092,HDFC Money Market Fund - Growth Option - Direct Plan,HDFC Mutual Fund
13-12-2019,4142.79810,119092,HDFC Money Market Fund - Growth Option - Direct Plan,HDFC Mutual Fund
12-12-2019,4142.22770,119092,HDFC Money Market Fund - Growth Option - Direct Plan,HDFC Mutual Fund
11-12-2019,4141.60750,119092,HDFC Money Market Fund - Growth Option - Direct Plan,HDFC Mutual Fund
10-12-2019,4140.83620,119092,HDFC Money Market Fund - Growth Option - Direct Plan,HDFC Mutual Fund
09-12-2019,4140.01440,119092,HDFC Money Market Fund - Growth Option - Direct Plan,HDFC Mutual Fund
06-12-2019,4137.89320,119092,HDFC Money Market Fund - Growth Option - Direct Plan,HDFC Mutual Fund
05-12-2019,4137.15910,119092,HDFC Money Market Fund - Growth Option - Direct Plan,HDFC Mutual Fund
04-12-2019,4138.01050,119092,HDFC Money Market Fund - Growth Option - Direct Plan,HDFC Mutual Fund
03-12-2019,4137.42860,119092,HDFC Money Market Fund - Growth Option - Direct Plan,HDFC Mutual Fund
02-12-2019,4136.70040,119092,HDFC Money Market Fund - Growth Option - Direct Plan,HDFC Mutual Fund
29-11-2019,4134.64990,119092,HDFC Money Market Fund - Growth Option - Direct Plan,HDFC Mutual Fund
28-11-2019,4133.54880,119092,HDFC Money Market Fund - Growth Option - Direct Plan,HDFC Mutual Fund
27-11-2019,4132.74660,119092,HDFC Money Market Fund - Growth Option - Direct Plan,HDFC Mutual Fund
26-11-2019,4131.76130,119092,HDFC Money Market Fund - Growth Option - Direct Plan,HDFC Mutual Fund
25-11-2019,4131.14440,119092,HDFC Money Market Fund - Growth Option - Direct Plan,HDFC Mutual Fund
22-11-2019,4129.24700,119092,HDFC Money Market Fund - Growth Option - Direct Plan,HDFC Mutual Fund
21-11-2019,4128.56490,119092,HDFC Money Market Fund - Growth Option - Direct Plan,HDFC Mutual Fund
20-11-2019,4127.89780,119092,HDFC Money Market Fund - Growth Option - Direct Plan,HDFC Mutual Fund
19-11-2019,4127.04490,119092,HDFC Money Market Fund - Growth Option - Direct Plan,HDFC Mutual Fund
18-11-2019,4126.38540,119092,HDFC Money Market Fund - Growth Option - Direct Plan,HDFC Mutual Fund
15-11-2019,4124.42260,119092,HDFC Money Market Fund - Growth Option - Direct Plan,HDFC Mutual Fund
14-11-2019,4123.42780,119092,HDFC Money Market Fund - Growth Option - Direct Plan,HDFC Mutual Fund
13-11-2019,4122.60820,119092,HDFC Money Market Fund - Growth Option - Direct Plan,HDFC Mutual Fund
11-11-2019,4120.85640,119092,HDFC Money Market Fund - Growth Option - Direct Plan,HDFC Mutual Fund
08-11-2019,4118.46670,119092,HDFC Money Market Fund - Growth Option - Direct Plan,HDFC Mutual Fund
07-11-2019,4117.79450,119092,HDFC Money Market Fund - Growth Option - Direct Plan,HDFC Mutual Fund
06-11-2019,4117.08300,119092,HDFC Money Market Fund - Growth Option - Direct Plan,HDFC Mutual Fund
05-11-2019,4117.72230,119092,HDFC Money Market Fund - Growth Option - Direct Plan,HDFC Mutual Fund
04-11-2019,4117.10460,119092,HDFC Money Market Fund - Growth Option - Direct Plan,HDFC Mutual Fund
01-11-2019,4115.08800,119092,HDFC Money Market Fund - Growth Option - Direct Plan,HDFC Mutual Fund
31-10-2019,4114.43830,119092,HDFC Money Market Fund - Growth Option - Direct Plan,HDFC Mutual Fund
30-10-2019,4113.43700,119092,HDFC Money Market Fund - Growth Option - Direct Plan,HDFC Mutual Fund
29-10-2019,4111.14410,119092,HDFC Money Market Fund - Growth Option - Direct Plan,HDFC Mutual Fund
25-10-2019,4108.46600,119092,HDFC Money Market Fund - Growth Option - Direct Plan,HDFC Mutual Fund
24-10-2019,4107.75610,119092,HDFC Money Market Fund - Growth Option - Direct Plan,HDFC Mutual Fund
23-10-2019,4106.52470,119092,HDFC Money Market Fund - Growth Option - Direct Plan,HDFC Mutual Fund
22-10-2019,4105.78370,119092,HDFC Money Market Fund - Growth Option - Direct Plan,HDFC Mutual Fund
18-10-2019,4103.13420,119092,HDFC Money Market Fund - Growth Option - Direct Plan,HDFC Mutual Fund
17-10-2019,4102.45340,119092,HDFC Money Market Fund - Growth Option - Direct Plan,HDFC Mutual Fund
16-10-2019,4101.66950,119092,HDFC Money Market Fund - Growth Option - Direct Plan,HDFC Mutual Fund
15-10-2019,4100.54960,119092,HDFC Money Market Fund - Growth Option - Direct Plan,HDFC Mutual Fund
14-10-2019,4099.60700,119092,HDFC Money Market Fund - Growth Option - Direct Plan,HDFC Mutual Fund
11-10-2019,4097.38110,119092,HDFC Money Market Fund - Growth Option - Direct Plan,HDFC Mutual Fund
10-10-2019,4095.99910,119092,HDFC Money Market Fund - Growth Option - Direct Plan,HDFC Mutual Fund
09-10-2019,4095.09400,119092,HDFC Money Market Fund - Growth Option - Direct Plan,HDFC Mutual Fund
07-10-2019,4093.77400,119092,HDFC Money Market Fund - Growth Option - Direct Plan,HDFC Mutual Fund
04-10-2019,4091.18950,119092,HDFC Money Market Fund - Growth Option - Direct Plan,HDFC Mutual Fund
03-10-2019,4089.83100,119092,HDFC Money Market Fund - Growth Option - Direct Plan,HDFC Mutual Fund
01-10-2019,4088.16970,119092,HDFC Money Market Fund - Growth Option - Direct Plan,HDFC Mutual Fund
30-09-2019,4086.22430,119092,HDFC Money Market Fund - Growth Option - Direct Plan,HDFC Mutual Fund
27-09-2019,4082.67860,119092,HDFC Money Market Fund - Growth Option - Direct Plan,HDFC Mutual Fund
26-09-2019,4081.91920,119092,HDFC Money Market Fund - Growth Option - Direct Plan,HDFC Mutual Fund
25-09-2019,4080.24720,119092,HDFC Money Market Fund - Growth Option - Direct Plan,HDFC Mutual Fund
24-09-2019,4079.35000,119092,HDFC Money Market Fund - Growth Option - Direct Plan,HDFC Mutual Fund
23-09-2019,4079.12530,119092,HDFC Money Market Fund - Growth Option - Direct Plan,HDFC Mutual Fund
20-09-2019,4076.96780,119092,HDFC Money Market Fund - Growth Option - Direct Plan,HDFC Mutual Fund
19-09-2019,4079.26460,119092,HDFC Money Market Fund - Growth Option - Direct Plan,HDFC Mutual Fund
18-09-2019,4078.32900,119092,HDFC Money Market Fund - Growth Option - Direct Plan,HDFC Mutual Fund
17-09-2019,4077.62420,119092,HDFC Money Market Fund - Growth Option - Direct Plan,HDFC Mutual Fund
16-09-2019,4077.82920,119092,HDFC Money Market Fund - Growth Option - Direct Plan,HDFC Mutual Fund
13-09-2019,4075.40830,119092,HDFC Money Market Fund - Growth Option - Direct Plan,HDFC Mutual Fund
12-09-2019,4074.39090,119092,HDFC Money Market Fund - Growth Option - Direct Plan,HDFC Mutual Fund
11-09-2019,4073.37380,119092,HDFC Money Market Fund - Growth Option - Direct Plan,HDFC Mutual Fund
09-09-2019,4072.16160,119092,HDFC Money Market Fund - Growth Option - Direct Plan,HDFC Mutual Fund
06-09-2019,4069.76110,119092,HDFC Money Market Fund - Growth Option - Direct Plan,HDFC Mutual Fund
05-09-2019,4069.08350,119092,HDFC Money Market Fund - Growth Option - Direct Plan,HDFC Mutual Fund
04-09-2019,4068.59830,119092,HDFC Money Market Fund - Growth Option - Direct Plan,HDFC Mutual Fund
03-09-2019,4067.12160,119092,HDFC Money Market Fund - Growth Option - Direct Plan,HDFC Mutual Fund
30-08-2019,4063.39990,119092,HDFC Money Market Fund - Growth Option - Direct Plan,HDFC Mutual Fund
29-08-2019,4062.60350,119092,HDFC Money Market Fund - Growth Option - Direct Plan,HDFC Mutual Fund
28-08-2019,4061.64880,119092,HDFC Money Market Fund - Growth Option - Direct Plan,HDFC Mutual Fund
27-08-2019,4060.99550,119092,HDFC Money Market Fund - Growth Option - Direct Plan,HDFC Mutual Fund
26-08-2019,4059.44400,119092,HDFC Money Market Fund - Growth Option - Direct Plan,HDFC Mutual Fund
23-08-2019,4056.74400,119092,HDFC Money Market Fund - Growth Option - Direct Plan,HDFC Mutual Fund
22-08-2019,4056.00570,119092,HDFC Money Market Fund - Growth Option - Direct Plan,HDFC Mutual Fund
21-08-2019,4055.45820,119092,HDFC Money Market Fund - Growth Option - Direct Plan,HDFC Mutual Fund
20-08-2019,4054.37110,119092,HDFC Money Market Fund - Growth Option - Direct Plan,HDFC Mutual Fund
19-08-2019,4053.54660,119092,HDFC Money Market Fund - Growth Option - Direct Plan,HDFC Mutual Fund
16-08-2019,4051.02350,119092,HDFC Money Market Fund - Growth Option - Direct Plan,HDFC Mutual Fund
14-08-2019,4049.15880,119092,HDFC Money Market Fund - Growth Option - Direct Plan,HDFC Mutual Fund
13-08-2019,4049.26760,119092,HDFC Money Market Fund - Growth Option - Direct Plan,HDFC Mutual Fund
09-08-2019,4047.41810,119092,HDFC Money Market Fund - Growth Option - Direct Plan,HDFC Mutual Fund
08-08-2019,4046.39730,119092,HDFC Money Market Fund - Growth Option - Direct Plan,HDFC Mutual Fund
07-08-2019,4043.24850,119092,HDFC Money Market Fund - Growth Option - Direct Plan,HDFC Mutual Fund
06-08-2019,4040.45430,119092,HDFC Money Market Fund - Growth Option - Direct Plan,HDFC Mutual Fund
05-08-2019,4040.26260,119092,HDFC Money Market Fund - Growth Option - Direct Plan,HDFC Mutual Fund
02-08-2019,4037.54920,119092,HDFC Money Market Fund - Growth Option - Direct Plan,HDFC Mutual Fund
01-08-2019,4036.53930,119092,HDFC Money Market Fund - Growth Option - Direct Plan,HDFC Mutual Fund
31-07-2019,4033.04790,119092,HDFC Money Market Fund - Growth Option - Direct Plan,HDFC Mutual Fund
30-07-2019,4030.85350,119092,HDFC Money Market Fund - Growth Option - Direct Plan,HDFC Mutual Fund
29-07-2019,4028.52470,119092,HDFC Money Market Fund - Growth Option - Direct Plan,HDFC Mutual Fund
26-07-2019,4026.23470,119092,HDFC Money Market Fund - Growth Option - Direct Plan,HDFC Mutual Fund
25-07-2019,4025.53580,119092,HDFC Money Market Fund - Growth Option - Direct Plan,HDFC Mutual Fund
24-07-2019,4024.78850,119092,HDFC Money Market Fund - Growth Option - Direct Plan,HDFC Mutual Fund
23-07-2019,4024.38090,119092,HDFC Money Market Fund - Growth Option - Direct Plan,HDFC Mutual Fund
22-07-2019,4024.41430,119092,HDFC Money Market Fund - Growth Option - Direct Plan,HDFC Mutual Fund
19-07-2019,4023.14390,119092,HDFC Money Market Fund - Growth Option - Direct Plan,HDFC Mutual Fund
18-07-2019,4023.35810,119092,HDFC Money Market Fund - Growth Option - Direct Plan,HDFC Mutual Fund
17-07-2019,4022.50230,119092,HDFC Money Market Fund - Growth Option - Direct Plan,HDFC Mutual Fund
16-07-2019,4018.84220,119092,HDFC Money Market Fund - Growth Option - Direct Plan,HDFC Mutual Fund
15-07-2019,4015.48350,119092,HDFC Money Market Fund - Growth Option - Direct Plan,HDFC Mutual Fund
12-07-2019,4012.47380,119092,HDFC Money Market Fund - Growth Option - Direct Plan,HDFC Mutual Fund
11-07-2019,4010.95020,119092,HDFC Money Market Fund - Growth Option - Direct Plan,HDFC Mutual Fund
10-07-2019,4009.72070,119092,HDFC Money Market Fund - Growth Option - Direct Plan,HDFC Mutual Fund
09-07-2019,4006.88520,119092,HDFC Money Market Fund - Growth Option - Direct Plan,HDFC Mutual Fund
08-07-2019,4005.38210,119092,HDFC Money Market Fund - Growth Option - Direct Plan,HDFC Mutual Fund
05-07-2019,4002.75730,119092,HDFC Money Market Fund - Growth Option - Direct Plan,HDFC Mutual Fund
04-07-2019,4001.40020,119092,HDFC Money Market Fund - Growth Option - Direct Plan,HDFC Mutual Fund
03-07-2019,3999.30380,119092,HDFC Money Market Fund - Growth Option - Direct Plan,HDFC Mutual Fund
02-07-2019,3996.34650,119092,HDFC Money Market Fund - Growth Option - Direct Plan,HDFC Mutual Fund
01-07-2019,3995.60930,119092,HDFC Money Market Fund - Growth Option - Direct Plan,HDFC Mutual Fund
28-06-2019,3993.26220,119092,HDFC Money Market Fund - Growth Option - Direct Plan,HDFC Mutual Fund
27-06-2019,3992.01760,119092,HDFC Money Market Fund - Growth Option - Direct Plan,HDFC Mutual Fund
26-06-2019,3990.50610,119092,HDFC Money Market Fund - Growth Option - Direct Plan,HDFC Mutual Fund
25-06-2019,3991.55780,119092,HDFC Money Market Fund - Growth Option - Direct Plan,HDFC Mutual Fund
24-06-2019,3991.24960,119092,HDFC Money Market Fund - Growth Option - Direct Plan,HDFC Mutual Fund
21-06-2019,3989.05760,119092,HDFC Money Market Fund - Growth Option - Direct Plan,HDFC Mutual Fund
20-06-2019,3988.40230,119092,HDFC Money Market Fund - Growth Option - Direct Plan,HDFC Mutual Fund
19-06-2019,3987.78990,119092,HDFC Money Market Fund - Growth Option - Direct Plan,HDFC Mutual Fund
18-06-2019,3986.52350,119092,HDFC Money Market Fund - Growth Option - Direct Plan,HDFC Mutual Fund
17-06-2019,3985.45520,119092,HDFC Money Market Fund - Growth Option - Direct Plan,HDFC Mutual Fund
14-06-2019,3982.79660,119092,HDFC Money Market Fund - Growth Option - Direct Plan,HDFC Mutual Fund
13-06-2019,3982.11220,119092,HDFC Money Market Fund - Growth Option - Direct Plan,HDFC Mutual Fund
12-06-2019,3981.32770,119092,HDFC Money Market Fund - Growth Option - Direct Plan,HDFC Mutual Fund
11-06-2019,3981.14800,119092,HDFC Money Market Fund - Growth Option - Direct Plan,HDFC Mutual Fund
10-06-2019,3981.11740,119092,HDFC Money Market Fund - Growth Option - Direct Plan,HDFC Mutual Fund
07-06-2019,3979.42570,119092,HDFC Money Market Fund - Growth Option - Direct Plan,HDFC Mutual Fund
06-06-2019,3981.17100,119092,HDFC Money Market Fund - Growth Option - Direct Plan,HDFC Mutual Fund
04-06-2019,3978.89060,119092,HDFC Money Market Fund - Growth Option - Direct Plan,HDFC Mutual Fund
03-06-2019,3977.99480,119092,HDFC Money Market Fund - Growth Option - Direct Plan,HDFC Mutual Fund
31-05-2019,3972.70880,119092,HDFC Money Market Fund - Growth Option - Direct Plan,HDFC Mutual Fund
30-05-2019,3971.00540,119092,HDFC Money Market Fund - Growth Option - Direct Plan,HDFC Mutual Fund
29-05-2019,3969.05340,119092,HDFC Money Market Fund - Growth Option - Direct Plan,HDFC Mutual Fund
28-05-2019,3968.25180,119092,HDFC Money Market Fund - Growth Option - Direct Plan,HDFC Mutual Fund
27-05-2019,3967.61250,119092,HDFC Money Market Fund - Growth Option - Direct Plan,HDFC Mutual Fund
24-05-2019,3964.33160,119092,HDFC Money Market Fund - Growth Option - Direct Plan,HDFC Mutual Fund
23-05-2019,3963.38940,119092,HDFC Money Market Fund - Growth Option - Direct Plan,HDFC Mutual Fund
22-05-2019,3959.90070,119092,HDFC Money Market Fund - Growth Option - Direct Plan,HDFC Mutual Fund
21-05-2019,3959.26030,119092,HDFC Money Market Fund - Growth Option - Direct Plan,HDFC Mutual Fund
20-05-2019,3958.69480,119092,HDFC Money Market Fund - Growth Option - Direct Plan,HDFC Mutual Fund
17-05-2019,3955.61520,119092,HDFC Money Market Fund - Growth Option - Direct Plan,HDFC Mutual Fund
16-05-2019,3952.25480,119092,HDFC Money Market Fund - Growth Option - Direct Plan,HDFC Mutual Fund
15-05-2019,3950.50610,119092,HDFC Money Market Fund - Growth Option - Direct Plan,HDFC Mutual Fund
14-05-2019,3949.69510,119092,HDFC Money Market Fund - Growth Option - Direct Plan,HDFC Mutual Fund
13-05-2019,3948.15830,119092,HDFC Money Market Fund - Growth Option - Direct Plan,HDFC Mutual Fund
10-05-2019,3945.67360,119092,HDFC Money Market Fund - Growth Option - Direct Plan,HDFC Mutual Fund
09-05-2019,3944.31060,119092,HDFC Money Market Fund - Growth Option - Direct Plan,HDFC Mutual Fund
08-05-2019,3943.51990,119092,HDFC Money Market Fund - Growth Option - Direct Plan,HDFC Mutual Fund
07-05-2019,3941.56650,119092,HDFC Money Market Fund - Growth Option - Direct Plan,HDFC Mutual Fund
06-05-2019,3939.37910,119092,HDFC Money Market Fund - Growth Option - Direct Plan,HDFC Mutual Fund
03-05-2019,3935.99020,119092,HDFC Money Market Fund - Growth Option - Direct Plan,HDFC Mutual Fund
02-05-2019,3935.96360,119092,HDFC Money Market Fund - Growth Option - Direct Plan,HDFC Mutual Fund
30-04-2019,3935.04370,119092,HDFC Money Market Fund - Growth Option - Direct Plan,HDFC Mutual Fund
26-04-2019,3933.07700,119092,HDFC Money Market Fund - Growth Option - Direct Plan,HDFC Mutual Fund
25-04-2019,3932.76810,119092,HDFC Money Market Fund - Growth Option - Direct Plan,HDFC Mutual Fund
24-04-2019,3932.50590,119092,HDFC Money Market Fund - Growth Option - Direct Plan,HDFC Mutual Fund
23-04-2019,3933.83480,119092,HDFC Money Market Fund - Growth Option - Direct Plan,HDFC Mutual Fund
22-04-2019,3934.65650,119092,HDFC Money Market Fund - Growth Option - Direct Plan,HDFC Mutual Fund
18-04-2019,3931.81450,119092,HDFC Money Market Fund - Growth Option - Direct Plan,HDFC Mutual Fund
16-04-2019,3930.31220,119092,HDFC Money Market Fund - Growth Option - Direct Plan,HDFC Mutual Fund
15-04-2019,3930.26870,119092,HDFC Money Market Fund - Growth Option - Direct Plan,HDFC Mutual Fund
12-04-2019,3929.19230,119092,HDFC Money Market Fund - Growth Option - Direct Plan,HDFC Mutual Fund
11-04-2019,3928.67900,119092,HDFC Money Market Fund - Growth Option - Direct Plan,HDFC Mutual Fund
10-04-2019,3929.38200,119092,HDFC Money Market Fund - Growth Option - Direct Plan,HDFC Mutual Fund
09-04-2019,3929.52320,119092,HDFC Money Market Fund - Growth Option - Direct Plan,HDFC Mutual Fund
08-04-2019,3929.86350,119092,HDFC Money Market Fund - Growth Option - Direct Plan,HDFC Mutual Fund
05-04-2019,3928.99710,119092,HDFC Money Market Fund - Growth Option - Direct Plan,HDFC Mutual Fund
04-04-2019,3928.35560,119092,HDFC Money Market Fund - Growth Option - Direct Plan,HDFC Mutual Fund
03-04-2019,3927.73070,119092,HDFC Money Market Fund - Growth Option - Direct Plan,HDFC Mutual Fund
02-04-2019,3927.32370,119092,HDFC Money Market Fund - Growth Option - Direct Plan,HDFC Mutual Fund
29-03-2019,3919.31890,119092,HDFC Money Market Fund - Growth Option - Direct Plan,HDFC Mutual Fund
28-03-2019,3911.01540,119092,HDFC Money Market Fund - Growth Option - Direct Plan,HDFC Mutual Fund
27-03-2019,3909.93430,119092,HDFC Money Market Fund - Growth Option - Direct Plan,HDFC Mutual Fund
26-03-2019,3908.66700,119092,HDFC Money Market Fund - Growth Option - Direct Plan,HDFC Mutual Fund
25-03-2019,3907.90940,119092,HDFC Money Market Fund - Growth Option - Direct Plan,HDFC Mutual Fund
22-03-2019,3905.47870,119092,HDFC Money Market Fund - Growth Option - Direct Plan,HDFC Mutual Fund
20-03-2019,3904.96660,119092,HDFC Money Market Fund - Growth Option - Direct Plan,HDFC Mutual Fund
19-03-2019,3906.29560,119092,HDFC Money Market Fund - Growth Option - Direct Plan,HDFC Mutual Fund
18-03-2019,3904.66340,119092,HDFC Money Market Fund - Growth Option - Direct Plan,HDFC Mutual Fund
15-03-2019,3902.45710,119092,HDFC Money Market Fund - Growth Option - Direct Plan,HDFC Mutual Fund
14-03-2019,3901.35320,119092,HDFC Money Market Fund - Growth Option - Direct Plan,HDFC Mutual Fund
13-03-2019,3896.94550,119092,HDFC Money Market Fund - Growth Option - Direct Plan,HDFC Mutual Fund
12-03-2019,3895.39840,119092,HDFC Money Market Fund - Growth Option - Direct Plan,HDFC Mutual Fund
11-03-2019,3893.64880,119092,HDFC Money Market Fund - Growth Option - Direct Plan,HDFC Mutual Fund
08-03-2019,3891.23950,119092,HDFC Money Market Fund - Growth Option - Direct Plan,HDFC Mutual Fund
07-03-2019,3889.66420,119092,HDFC Money Market Fund - Growth Option - Direct Plan,HDFC Mutual Fund
06-03-2019,3888.91410,119092,HDFC Money Market Fund - Growth Option - Direct Plan,HDFC Mutual Fund
05-03-2019,3886.73910,119092,HDFC Money Market Fund - Growth Option - Direct Plan,HDFC Mutual Fund
01-03-2019,3883.66770,119092,HDFC Money Market Fund - Growth Option - Direct Plan,HDFC Mutual Fund
28-02-2019,3882.52300,119092,HDFC Money Market Fund - Growth Option - Direct Plan,HDFC Mutual Fund
27-02-2019,3881.68920,119092,HDFC Money Market Fund - Growth Option - Direct Plan,HDFC Mutual Fund
26-02-2019,3880.95870,119092,HDFC Money Market Fund - Growth Option - Direct Plan,HDFC Mutual Fund
25-02-2019,3880.43300,119092,HDFC Money Market Fund - Growth Option - Direct Plan,HDFC Mutual Fund
22-02-2019,3878.21280,119092,HDFC Money Market Fund - Growth Option - Direct Plan,HDFC Mutual Fund
21-02-2019,3877.93730,119092,HDFC Money Market Fund - Growth Option - Direct Plan,HDFC Mutual Fund
20-02-2019,3877.15110,119092,HDFC Money Market Fund - Growth Option - Direct Plan,HDFC Mutual Fund
18-02-2019,3875.63240,119092,HDFC Money Market Fund - Growth Option - Direct Plan,HDFC Mutual Fund
15-02-2019,3873.36150,119092,HDFC Money Market Fund - Growth Option - Direct Plan,HDFC Mutual Fund
14-02-2019,3874.04830,119092,HDFC Money Market Fund - Growth Option - Direct Plan,HDFC Mutual Fund
13-02-2019,3873.25350,119092,HDFC Money Market Fund - Growth Option - Direct Plan,HDFC Mutual Fund
12-02-2019,3870.56860,119092,HDFC Money Market Fund - Growth Option - Direct Plan,HDFC Mutual Fund
11-02-2019,3869.82690,119092,HDFC Money Market Fund - Growth Option - Direct Plan,HDFC Mutual Fund
08-02-2019,3867.59160,119092,HDFC Money Market Fund - Growth Option - Direct Plan,HDFC Mutual Fund
07-02-2019,3866.09390,119092,HDFC Money Market Fund - Growth Option - Direct Plan,HDFC Mutual Fund
06-02-2019,3863.47470,119092,HDFC Money Market Fund - Growth Option - Direct Plan,HDFC Mutual Fund
05-02-2019,3862.77410,119092,HDFC Money Market Fund - Growth Option - Direct Plan,HDFC Mutual Fund
04-02-2019,3862.05950,119092,HDFC Money Market Fund - Growth Option - Direct Plan,HDFC Mutual Fund
01-02-2019,3860.34370,119092,HDFC Money Market Fund - Growth Option - Direct Plan,HDFC Mutual Fund
31-01-2019,3859.76570,119092,HDFC Money Market Fund - Growth Option - Direct Plan,HDFC Mutual Fund
30-01-2019,3859.01360,119092,HDFC Money Market Fund - Growth Option - Direct Plan,HDFC Mutual Fund
29-01-2019,3858.25200,119092,HDFC Money Market Fund - Growth Option - Direct Plan,HDFC Mutual Fund
28-01-2019,3857.26530,119092,HDFC Money Market Fund - Growth Option - Direct Plan,HDFC Mutual Fund
25-01-2019,3854.75650,119092,HDFC Money Market Fund - Growth Option - Direct Plan,HDFC Mutual Fund
24-01-2019,3854.02800,119092,HDFC Money Market Fund - Growth Option - Direct Plan,HDFC Mutual Fund
23-01-2019,3853.20790,119092,HDFC Money Market Fund - Growth Option - Direct Plan,HDFC Mutual Fund
22-01-2019,3853.10780,119092,HDFC Money Market Fund - Growth Option - Direct Plan,HDFC Mutual Fund
21-01-2019,3852.02370,119092,HDFC Money Market Fund - Growth Option - Direct Plan,HDFC Mutual Fund
18-01-2019,3849.61400,119092,HDFC Money Market Fund - Growth Option - Direct Plan,HDFC Mutual Fund
17-01-2019,3848.82560,119092,HDFC Money Market Fund - Growth Option - Direct Plan,HDFC Mutual Fund
16-01-2019,3847.98910,119092,HDFC Money Market Fund - Growth Option - Direct Plan,HDFC Mutual Fund
15-01-2019,3847.08810,119092,HDFC Money Market Fund - Growth Option - Direct Plan,HDFC Mutual Fund
14-01-2019,3846.17040,119092,HDFC Money Market Fund - Growth Option - Direct Plan,HDFC Mutual Fund
11-01-2019,3843.81710,119092,HDFC Money Market Fund - Growth Option - Direct Plan,HDFC Mutual Fund
10-01-2019,3843.03640,119092,HDFC Money Market Fund - Growth Option - Direct Plan,HDFC Mutual Fund
09-01-2019,3842.23480,119092,HDFC Money Market Fund - Growth Option - Direct Plan,HDFC Mutual Fund
08-01-2019,3841.35840,119092,HDFC Money Market Fund - Growth Option - Direct Plan,HDFC Mutual Fund
07-01-2019,3840.36040,119092,HDFC Money Market Fund - Growth Option - Direct Plan,HDFC Mutual Fund
04-01-2019,3838.10510,119092,HDFC Money Market Fund - Growth Option - Direct Plan,HDFC Mutual Fund
03-01-2019,3837.30900,119092,HDFC Money Market Fund - Growth Option - Direct Plan,HDFC Mutual Fund
02-01-2019,3836.78890,119092,HDFC Money Market Fund - Growth Option - Direct Plan,HDFC Mutual Fund
01-01-2019,3835.64780,119092,HDFC Money Market Fund - Growth Option - Direct Plan,HDFC Mutual Fund
31-12-2018,3834.70320,119092,HDFC Money Market Fund - Growth Option - Direct Plan,HDFC Mutual Fund
28-12-2018,3831.96430,119092,HDFC Money Market Fund - Growth Option - Direct Plan,HDFC Mutual Fund
27-12-2018,3830.66610,119092,HDFC Money Market Fund - Growth Option - Direct Plan,HDFC Mutual Fund
26-12-2018,3829.75160,119092,HDFC Money Market Fund - Growth Option - Direct Plan,HDFC Mutual Fund
24-12-2018,3828.26900,119092,HDFC Money Market Fund - Growth Option - Direct Plan,HDFC Mutual Fund
21-12-2018,3825.95960,119092,HDFC Money Market Fund - Growth Option - Direct Plan,HDFC Mutual Fund
20-12-2018,3825.34740,119092,HDFC Money Market Fund - Growth Option - Direct Plan,HDFC Mutual Fund
19-12-2018,3824.81820,119092,HDFC Money Market Fund - Growth Option - Direct Plan,HDFC Mutual Fund
18-12-2018,3823.59180,119092,HDFC Money Market Fund - Growth Option - Direct Plan,HDFC Mutual Fund
17-12-2018,3822.67960,119092,HDFC Money Market Fund - Growth Option - Direct Plan,HDFC Mutual Fund
14-12-2018,3820.36880,119092,HDFC Money Market Fund - Growth Option - Direct Plan,HDFC Mutual Fund
13-12-2018,3819.31590,119092,HDFC Money Market Fund - Growth Option - Direct Plan,HDFC Mutual Fund
12-12-2018,3818.01540,119092,HDFC Money Market Fund - Growth Option - Direct Plan,HDFC Mutual Fund
11-12-2018,3816.97760,119092,HDFC Money Market Fund - Growth Option - Direct Plan,HDFC Mutual Fund
10-12-2018,3816.39840,119092,HDFC Money Market Fund - Growth Option - Direct Plan,HDFC Mutual Fund
07-12-2018,3814.39080,119092,HDFC Money Market Fund - Growth Option - Direct Plan,HDFC Mutual Fund
06-12-2018,3813.44120,119092,HDFC Money Market Fund - Growth Option - Direct Plan,HDFC Mutual Fund
05-12-2018,3812.02290,119092,HDFC Money Market Fund - Growth Option - Direct Plan,HDFC Mutual Fund
04-12-2018,3810.26000,119092,HDFC Money Market Fund - Growth Option - Direct Plan,HDFC Mutual Fund
03-12-2018,3809.17750,119092,HDFC Money Market Fund - Growth Option - Direct Plan,HDFC Mutual Fund
30-11-2018,3806.53230,119092,HDFC Money Market Fund - Growth Option - Direct Plan,HDFC Mutual Fund
29-11-2018,3805.83940,119092,HDFC Money Market Fund - Growth Option - Direct Plan,HDFC Mutual Fund
28-11-2018,3804.98720,119092,HDFC Money Market Fund - Growth Option - Direct Plan,HDFC Mutual Fund
27-11-2018,3804.10930,119092,HDFC Money Market Fund - Growth Option - Direct Plan,HDFC Mutual Fund
26-11-2018,3803.08980,119092,HDFC Money Market Fund - Growth Option - Direct Plan,HDFC Mutual Fund
22-11-2018,3799.85890,119092,HDFC Money Market Fund - Growth Option - Direct Plan,HDFC Mutual Fund
20-11-2018,3798.24370,119092,HDFC Money Market Fund - Growth Option - Direct Plan,HDFC Mutual Fund
19-11-2018,3797.42470,119092,HDFC Money Market Fund - Growth Option - Direct Plan,HDFC Mutual Fund
16-11-2018,3795.04520,119092,HDFC Money Market Fund - Growth Option - Direct Plan,HDFC Mutual Fund
15-11-2018,3794.04320,119092,HDFC Money Market Fund - Growth Option - Direct Plan,HDFC Mutual Fund
14-11-2018,3792.75230,119092,HDFC Money Market Fund - Growth Option - Direct Plan,HDFC Mutual Fund
13-11-2018,3791.63150,119092,HDFC Money Market Fund - Growth Option - Direct Plan,HDFC Mutual Fund
12-11-2018,3790.74160,119092,HDFC Money Market Fund - Growth Option - Direct Plan,HDFC Mutual Fund
09-11-2018,3788.19500,119092,HDFC Money Market Fund - Growth Option - Direct Plan,HDFC Mutual Fund
06-11-2018,3785.84860,119092,HDFC Money Market Fund - Growth Option - Direct Plan,HDFC Mutual Fund
05-11-2018,3784.96440,119092,HDFC Money Market Fund - Growth Option - Direct Plan,HDFC Mutual Fund
02-11-2018,3782.60990,119092,HDFC Money Market Fund - Growth Option - Direct Plan,HDFC Mutual Fund
01-11-2018,3781.75470,119092,HDFC Money Market Fund - Growth Option - Direct Plan,HDFC Mutual Fund
31-10-2018,3780.85730,119092,HDFC Money Market Fund - Growth Option - Direct Plan,HDFC Mutual Fund
30-10-2018,3780.06430,119092,HDFC Money Market Fund - Growth Option - Direct Plan,HDFC Mutual Fund
29-10-2018,3779.33550,119092,HDFC Money Market Fund - Growth Option - Direct Plan,HDFC Mutual Fund
26-10-2018,3777.11070,119092,HDFC Money Market Fund - Growth Option - Direct Plan,HDFC Mutual Fund
25-10-2018,3776.31410,119092,HDFC Money Market Fund - Growth Option - Direct Plan,HDFC Mutual Fund
24-10-2018,3775.51040,119092,HDFC Money Market Fund - Growth Option - Direct Plan,HDFC Mutual Fund
23-10-2018,3774.72560,119092,HDFC Money Market Fund - Growth Option - Direct Plan,HDFC Mutual Fund
22-10-2018,3774.02490,119092,HDFC Money Market Fund - Growth Option - Direct Plan,HDFC Mutual Fund
19-10-2018,3771.75610,119092,HDFC Money Market Fund - Growth Option - Direct Plan,HDFC Mutual Fund
17-10-2018,3770.33600,119092,HDFC Money Market Fund - Growth Option - Direct Plan,HDFC Mutual Fund
16-10-2018,3769.50700,119092,HDFC Money Market Fund - Growth Option - Direct Plan,HDFC Mutual Fund
15-10-2018,3768.66240,119092,HDFC Money Market Fund - Growth Option - Direct Plan,HDFC Mutual Fund
12-10-2018,3766.55120,119092,HDFC Money Market Fund - Growth Option - Direct Plan,HDFC Mutual Fund
11-10-2018,3765.88430,119092,HDFC Money Market Fund - Growth Option - Direct Plan,HDFC Mutual Fund
10-10-2018,3765.17820,119092,HDFC Money Market Fund - Growth Option - Direct Plan,HDFC Mutual Fund
09-10-2018,3764.41990,119092,HDFC Money Market Fund - Growth Option - Direct Plan,HDFC Mutual Fund
08-10-2018,3763.73180,119092,HDFC Money Market Fund - Growth Option - Direct Plan,HDFC Mutual Fund
05-10-2018,3761.40060,119092,HDFC Money Market Fund - Growth Option - Direct Plan,HDFC Mutual Fund
04-10-2018,3758.62400,119092,HDFC Money Market Fund - Growth Option - Direct Plan,HDFC Mutual Fund
03-10-2018,3758.15880,119092,HDFC Money Market Fund - Growth Option - Direct Plan,HDFC Mutual Fund
01-10-2018,3756.83270,119092,HDFC Money Market Fund - Growth Option - Direct Plan,HDFC Mutual Fund
28-09-2018,3754.17760,119092,HDFC Money Market Fund - Growth Option - Direct Plan,HDFC Mutual Fund
27-09-2018,3752.29210,119092,HDFC Money Market Fund - Growth Option - Direct Plan,HDFC Mutual Fund
26-09-2018,3749.36240,119092,HDFC Money Market Fund - Growth Option - Direct Plan,HDFC Mutual Fund
25-09-2018,3748.54850,119092,HDFC Money Market Fund - Growth Option - Direct Plan,HDFC Mutual Fund
24-09-2018,3750.41640,119092,HDFC Money Market Fund - Growth Option - Direct Plan,HDFC Mutual Fund
21-09-2018,3749.02030,119092,HDFC Money Market Fund - Growth Option - Direct Plan,HDFC Mutual Fund
19-09-2018,3747.52040,119092,HDFC Money Market Fund - Growth Option - Direct Plan,HDFC Mutual Fund
18-09-2018,3746.84120,119092,HDFC Money Market Fund - Growth Option - Direct Plan,HDFC Mutual Fund
17-09-2018,3745.81060,119092,HDFC Money Market Fund - Growth Option - Direct Plan,HDFC Mutual Fund
14-09-2018,3743.63180,119092,HDFC Money Market Fund - Growth Option - Direct Plan,HDFC Mutual Fund
12-09-2018,3742.30520,119092,HDFC Money Market Fund - Growth Option - Direct Plan,HDFC Mutual Fund
11-09-2018,3741.62100,119092,HDFC Money Market Fund - Growth Option - Direct Plan,HDFC Mutual Fund
10-09-2018,3741.60370,119092,HDFC Money Market Fund - Growth Option - Direct Plan,HDFC Mutual Fund
07-09-2018,3740.07240,119092,HDFC Money Market Fund - Growth Option - Direct Plan,HDFC Mutual Fund
06-09-2018,3739.30850,119092,HDFC Money Market Fund - Growth Option - Direct Plan,HDFC Mutual Fund
05-09-2018,3738.52330,119092,HDFC Money Market Fund - Growth Option - Direct Plan,HDFC Mutual Fund
04-09-2018,3737.90520,119092,HDFC Money Market Fund - Growth Option - Direct Plan,HDFC Mutual Fund
03-09-2018,3737.17120,119092,HDFC Money Market Fund - Growth Option - Direct Plan,HDFC Mutual Fund
31-08-2018,3734.77220,119092,HDFC Money Market Fund - Growth Option - Direct Plan,HDFC Mutual Fund
30-08-2018,3733.99570,119092,HDFC Money Market Fund - Growth Option - Direct Plan,HDFC Mutual Fund
29-08-2018,3733.24030,119092,HDFC Money Market Fund - Growth Option - Direct Plan,HDFC Mutual Fund
28-08-2018,3732.17900,119092,HDFC Money Market Fund - Growth Option - Direct Plan,HDFC Mutual Fund
27-08-2018,3731.42110,119092,HDFC Money Market Fund - Growth Option - Direct Plan,HDFC Mutual Fund
24-08-2018,3729.23540,119092,HDFC Money Market Fund - Growth Option - Direct Plan,HDFC Mutual Fund
23-08-2018,3728.60550,119092,HDFC Money Market Fund - Growth Option - Direct Plan,HDFC Mutual Fund
21-08-2018,3727.24070,119092,HDFC Money Market Fund - Growth Option - Direct Plan,HDFC Mutual Fund
20-08-2018,3726.58220,119092,HDFC Money Market Fund - Growth Option - Direct Plan,HDFC Mutual Fund
16-08-2018,3723.66760,119092,HDFC Money Market Fund - Growth Option - Direct Plan,HDFC Mutual Fund
14-08-2018,3722.21470,119092,HDFC Money Market Fund - Growth Option - Direct Plan,HDFC Mutual Fund
13-08-2018,3721.51410,119092,HDFC Money Market Fund - Growth Option - Direct Plan,HDFC Mutual Fund
10-08-2018,3719.37250,119092,HDFC Money Market Fund - Growth Option - Direct Plan,HDFC Mutual Fund
09-08-2018,3718.64570,119092,HDFC Money Market Fund - Growth Option - Direct Plan,HDFC Mutual Fund
08-08-2018,3717.82370,119092,HDFC Money Market Fund - Growth Option - Direct Plan,HDFC Mutual Fund
07-08-2018,3717.05450,119092,HDFC Money Market Fund - Growth Option - Direct Plan,HDFC Mutual Fund
06-08-2018,3716.28540,119092,HDFC Money Market Fund - Growth Option - Direct Plan,HDFC Mutual Fund
03-08-2018,3714.06350,119092,HDFC Money Market Fund - Growth Option - Direct Plan,HDFC Mutual Fund
02-08-2018,3713.19860,119092,HDFC Money Market Fund - Growth Option - Direct Plan,HDFC Mutual Fund
01-08-2018,3712.28540,119092,HDFC Money Market Fund - Growth Option - Direct Plan,HDFC Mutual Fund
31-07-2018,3711.52960,119092,HDFC Money Market Fund - Growth Option - Direct Plan,HDFC Mutual Fund
30-07-2018,3710.75510,119092,HDFC Money Market Fund - Growth Option - Direct Plan,HDFC Mutual Fund
27-07-2018,3708.57930,119092,HDFC Money Market Fund - Growth Option - Direct Plan,HDFC Mutual Fund
26-07-2018,3707.69210,119092,HDFC Money Market Fund - Growth Option - Direct Plan,HDFC Mutual Fund
25-07-2018,3707.02070,119092,HDFC Money Market Fund - Growth Option - Direct Plan,HDFC Mutual Fund
24-07-2018,3706.33730,119092,HDFC Money Market Fund - Growth Option - Direct Plan,HDFC Mutual Fund
23-07-2018,3705.85830,119092,HDFC Money Market Fund - Growth Option - Direct Plan,HDFC Mutual Fund
20-07-2018,3703.82090,119092,HDFC Money Market Fund - Growth Option - Direct Plan,HDFC Mutual Fund
19-07-2018,3703.19360,119092,HDFC Money Market Fund - Growth Option - Direct Plan,HDFC Mutual Fund
18-07-2018,3702.54960,119092,HDFC Money Market Fund - Growth Option - Direct Plan,HDFC Mutual Fund
17-07-2018,3701.76230,119092,HDFC Money Market Fund - Growth Option - Direct Plan,HDFC Mutual Fund
16-07-2018,3701.01610,119092,HDFC Money Market Fund - Growth Option - Direct Plan,HDFC Mutual Fund
13-07-2018,3698.91370,119092,HDFC Money Market Fund - Growth Option - Direct Plan,HDFC Mutual Fund
12-07-2018,3698.18590,119092,HDFC Money Market Fund - Growth Option - Direct Plan,HDFC Mutual Fund
11-07-2018,3697.38950,119092,HDFC Money Market Fund - Growth Option - Direct Plan,HDFC Mutual Fund
10-07-2018,3696.72600,119092,HDFC Money Market Fund - Growth Option - Direct Plan,HDFC Mutual Fund
09-07-2018,3695.99510,119092,HDFC Money Market Fund - Growth Option - Direct Plan,HDFC Mutual Fund
06-07-2018,3693.61130,119092,HDFC Money Market Fund - Growth Option - Direct Plan,HDFC Mutual Fund
05-07-2018,3692.87160,119092,HDFC Money Market Fund - Growth Option - Direct Plan,HDFC Mutual Fund
04-07-2018,3692.03810,119092,HDFC Money Market Fund - Growth Option - Direct Plan,HDFC Mutual Fund
03-07-2018,3690.92850,119092,HDFC Money Market Fund - Growth Option - Direct Plan,HDFC Mutual Fund
02-07-2018,3690.19010,119092,HDFC Money Market Fund - Growth Option - Direct Plan,HDFC Mutual Fund
29-06-2018,3687.60700,119092,HDFC Money Market Fund - Growth Option - Direct Plan,HDFC Mutual Fund
28-06-2018,3686.40490,119092,HDFC Money Market Fund - Growth Option - Direct Plan,HDFC Mutual Fund
27-06-2018,3685.63690,119092,HDFC Money Market Fund - Growth Option - Direct Plan,HDFC Mutual Fund
26-06-2018,3684.91080,119092,HDFC Money Market Fund - Growth Option - Direct Plan,HDFC Mutual Fund
25-06-2018,3684.22750,119092,HDFC Money Market Fund - Growth Option - Direct Plan,HDFC Mutual Fund
22-06-2018,3681.95410,119092,HDFC Money Market Fund - Growth Option - Direct Plan,HDFC Mutual Fund
21-06-2018,3681.28300,119092,HDFC Money Market Fund - Growth Option - Direct Plan,HDFC Mutual Fund
20-06-2018,3680.52890,119092,HDFC Money Market Fund - Growth Option - Direct Plan,HDFC Mutual Fund
19-06-2018,3679.68770,119092,HDFC Money Market Fund - Growth Option - Direct Plan,HDFC Mutual Fund
18-06-2018,3678.74500,119092,HDFC Money Market Fund - Growth Option - Direct Plan,HDFC Mutual Fund
15-06-2018,3676.44590,119092,HDFC Money Market Fund - Growth Option - Direct Plan,HDFC Mutual Fund
14-06-2018,3675.69960,119092,HDFC Money Market Fund - Growth Option - Direct Plan,HDFC Mutual Fund
13-06-2018,3674.97310,119092,HDFC Money Market Fund - Growth Option - Direct Plan,HDFC Mutual Fund
12-06-2018,3674.25570,119092,HDFC Money Market Fund - Growth Option - Direct Plan,HDFC Mutual Fund
11-06-2018,3673.53160,119092,HDFC Money Market Fund - Growth Option - Direct Plan,HDFC Mutual Fund
08-06-2018,3671.35840,119092,HDFC Money Market Fund - Growth Option - Direct Plan,HDFC Mutual Fund
07-06-2018,3670.64130,119092,HDFC Money Market Fund - Growth Option - Direct Plan,HDFC Mutual Fund
06-06-2018,3669.91880,119092,HDFC Money Market Fund - Growth Option - Direct Plan,HDFC Mutual Fund
05-06-2018,3669.02140,119092,HDFC Money Market Fund - Growth Option - Direct Plan,HDFC Mutual Fund
04-06-2018,3668.20400,119092,HDFC Money Market Fund - Growth Option - Direct Plan,HDFC Mutual Fund
01-06-2018,3666.04480,119092,HDFC Money Market Fund - Growth Option - Direct Plan,HDFC Mutual Fund
31-05-2018,3665.34070,119092,HDFC Money Market Fund - Growth Option - Direct Plan,HDFC Mutual Fund
30-05-2018,3664.65080,119092,HDFC Money Market Fund - Growth Option - Direct Plan,HDFC Mutual Fund
29-05-2018,3663.90970,119092,HDFC Money Market Fund - Growth Option - Direct Plan,HDFC Mutual Fund
28-05-2018,3663.13640,119092,HDFC Money Market Fund - Growth Option - Direct Plan,HDFC Mutual Fund
27-05-2018,3662.43900,119092,HDFC Money Market Fund - Growth Option - Direct Plan,HDFC Mutual Fund
25-05-2018,3660.97700,119092,HDFC Money Market Fund - Growth Option - Direct Plan,HDFC Mutual Fund
24-05-2018,3660.28140,119092,HDFC Money Market Fund - Growth Option - Direct Plan,HDFC Mutual Fund
23-05-2018,3659.60330,119092,HDFC Money Market Fund - Growth Option - Direct Plan,HDFC Mutual Fund
22-05-2018,3658.92960,119092,HDFC Money Market Fund - Growth Option - Direct Plan,HDFC Mutual Fund
21-05-2018,3658.23410,119092,HDFC Money Market Fund - Growth Option - Direct Plan,HDFC Mutual Fund
20-05-2018,3657.63510,119092,HDFC Money Market Fund - Growth Option - Direct Plan,HDFC Mutual Fund
18-05-2018,3656.21240,119092,HDFC Money Market Fund - Growth Option - Direct Plan,HDFC Mutual Fund
17-05-2018,3655.55480,119092,HDFC Money Market Fund - Growth Option - Direct Plan,HDFC Mutual Fund
16-05-2018,3654.93590,119092,HDFC Money Market Fund - Growth Option - Direct Plan,HDFC Mutual Fund
15-05-2018,3654.34930,119092,HDFC Money Market Fund - Growth Option - Direct Plan,HDFC Mutual Fund
14-05-2018,3653.87440,119092,HDFC Money Market Fund - Growth Option - Direct Plan,HDFC Mutual Fund
13-05-2018,3653.23870,119092,HDFC Money Market Fund - Growth Option - Direct Plan,HDFC Mutual Fund
11-05-2018,3651.84170,119092,HDFC Money Market Fund - Growth Option - Direct Plan,HDFC Mutual Fund
10-05-2018,3651.18070,119092,HDFC Money Market Fund - Growth Option - Direct Plan,HDFC Mutual Fund
09-05-2018,3650.68920,119092,HDFC Money Market Fund - Growth Option - Direct Plan,HDFC Mutual Fund
08-05-2018,3650.09680,119092,HDFC Money Market Fund - Growth Option - Direct Plan,HDFC Mutual Fund
07-05-2018,3649.48320,119092,HDFC Money Market Fund - Growth Option - Direct Plan,HDFC Mutual Fund
06-05-2018,3648.81760,119092,HDFC Money Market Fund - Growth Option - Direct Plan,HDFC Mutual Fund
04-05-2018,3647.44550,119092,HDFC Money Market Fund - Growth Option - Direct Plan,HDFC Mutual Fund
03-05-2018,3646.87960,119092,HDFC Money Market Fund - Growth Option - Direct Plan,HDFC Mutual Fund
02-05-2018,3646.24950,119092,HDFC Money Market Fund - Growth Option - Direct Plan,HDFC Mutual Fund
01-05-2018,3645.62190,119092,HDFC Money Market Fund - Growth Option - Direct Plan,HDFC Mutual Fund
27-04-2018,3642.84980,119092,HDFC Money Market Fund - Growth Option - Direct Plan,HDFC Mutual Fund
26-04-2018,3642.16520,119092,HDFC Money Market Fund - Growth Option - Direct Plan,HDFC Mutual Fund
25-04-2018,3641.47270,119092,HDFC Money Market Fund - Growth Option - Direct Plan,HDFC Mutual Fund
24-04-2018,3640.80150,119092,HDFC Money Market Fund - Growth Option - Direct Plan,HDFC Mutual Fund
23-04-2018,3640.15280,119092,HDFC Money Market Fund - Growth Option - Direct Plan,HDFC Mutual Fund
22-04-2018,3639.54640,119092,HDFC Money Market Fund - Growth Option - Direct Plan,HDFC Mutual Fund
20-04-2018,3638.15650,119092,HDFC Money Market Fund - Growth Option - Direct Plan,HDFC Mutual Fund
19-04-2018,3637.62730,119092,HDFC Money Market Fund - Growth Option - Direct Plan,HDFC Mutual Fund
18-04-2018,3636.95730,119092,HDFC Money Market Fund - Growth Option - Direct Plan,HDFC Mutual Fund
17-04-2018,3636.24860,119092,HDFC Money Market Fund - Growth Option - Direct Plan,HDFC Mutual Fund
16-04-2018,3635.60150,119092,HDFC Money Market Fund - Growth Option - Direct Plan,HDFC Mutual Fund
15-04-2018,3634.90820,119092,HDFC Money Market Fund - Growth Option - Direct Plan,HDFC Mutual Fund
13-04-2018,3633.52000,119092,HDFC Money Market Fund - Growth Option - Direct Plan,HDFC Mutual Fund
12-04-2018,3632.83300,119092,HDFC Money Market Fund - Growth Option - Direct Plan,HDFC Mutual Fund
11-04-2018,3632.17260,119092,HDFC Money Market Fund - Growth Option - Direct Plan,HDFC Mutual Fund
10-04-2018,3631.50280,119092,HDFC Money Market Fund - Growth Option - Direct Plan,HDFC Mutual Fund
09-04-2018,3630.83100,119092,HDFC Money Market Fund - Growth Option - Direct Plan,HDFC Mutual Fund
08-04-2018,3630.11610,119092,HDFC Money Market Fund - Growth Option - Direct Plan,HDFC Mutual Fund
06-04-2018,3628.74270,119092,HDFC Money Market Fund - Growth Option - Direct Plan,HDFC Mutual Fund
05-04-2018,3628.04830,119092,HDFC Money Market Fund - Growth Option - Direct Plan,HDFC Mutual Fund
04-04-2018,3627.35850,119092,HDFC Money Market Fund - Growth Option - Direct Plan,HDFC Mutual Fund
03-04-2018,3626.58700,119092,HDFC Money Market Fund - Growth Option - Direct Plan,HDFC Mutual Fund
02-04-2018,3625.84170,119092,HDFC Money Market Fund - Growth Option - Direct Plan,HDFC Mutual Fund
31-03-2018,3624.42090,119092,HDFC Money Market Fund - Growth Option - Direct Plan,HDFC Mutual Fund
28-03-2018,3622.30380,119092,HDFC Money Market Fund - Growth Option - Direct Plan,HDFC Mutual Fund
27-03-2018,3620.04150,119092,HDFC Money Market Fund - Growth Option - Direct Plan,HDFC Mutual Fund
26-03-2018,3619.30200,119092,HDFC Money Market Fund - Growth Option - Direct Plan,HDFC Mutual Fund
25-03-2018,3618.73560,119092,HDFC Money Market Fund - Growth Option - Direct Plan,HDFC Mutual Fund
23-03-2018,3617.29900,119092,HDFC Money Market Fund - Growth Option - Direct Plan,HDFC Mutual Fund
22-03-2018,3616.82300,119092,HDFC Money Market Fund - Growth Option - Direct Plan,HDFC Mutual Fund
21-03-2018,3616.20060,119092,HDFC Money Market Fund - Growth Option - Direct Plan,HDFC Mutual Fund
20-03-2018,3615.62780,119092,HDFC Money Market Fund - Growth Option - Direct Plan,HDFC Mutual Fund
19-03-2018,3614.98550,119092,HDFC Money Market Fund - Growth Option - Direct Plan,HDFC Mutual Fund
18-03-2018,3614.26420,119092,HDFC Money Market Fund - Growth Option - Direct Plan,HDFC Mutual Fund
16-03-2018,3612.84960,119092,HDFC Money Market Fund - Growth Option - Direct Plan,HDFC Mutual Fund
15-03-2018,3611.69450,119092,HDFC Money Market Fund - Growth Option - Direct Plan,HDFC Mutual Fund
14-03-2018,3610.88110,119092,HDFC Money Market Fund - Growth Option - Direct Plan,HDFC Mutual Fund
13-03-2018,3610.18640,119092,HDFC Money Market Fund - Growth Option - Direct Plan,HDFC Mutual Fund
12-03-2018,3609.48780,119092,HDFC Money Market Fund - Growth Option - Direct Plan,HDFC Mutual Fund
11-03-2018,3608.73930,119092,HDFC Money Market Fund - Growth Option - Direct Plan,HDFC Mutual Fund
09-03-2018,3607.36350,119092,HDFC Money Market Fund - Growth Option - Direct Plan,HDFC Mutual Fund
08-03-2018,3606.69610,119092,HDFC Money Market Fund - Growth Option - Direct Plan,HDFC Mutual Fund
07-03-2018,3606.05230,119092,HDFC Money Market Fund - Growth Option - Direct Plan,HDFC Mutual Fund
06-03-2018,3605.20290,119092,HDFC Money Market Fund - Growth Option - Direct Plan,HDFC Mutual Fund
05-03-2018,3604.50690,119092,HDFC Money Market Fund - Growth Option - Direct Plan,HDFC Mutual Fund
04-03-2018,3603.85770,119092,HDFC Money Market Fund - Growth Option - Direct Plan,HDFC Mutual Fund
01-03-2018,3601.76000,119092,HDFC Money Market Fund - Growth Option - Direct Plan,HDFC Mutual Fund
28-02-2018,3601.04930,119092,HDFC Money Market Fund - Growth Option - Direct Plan,HDFC Mutual Fund
27-02-2018,3600.38250,119092,HDFC Money Market Fund - Growth Option - Direct Plan,HDFC Mutual Fund
26-02-2018,3599.71690,119092,HDFC Money Market Fund - Growth Option - Direct Plan,HDFC Mutual Fund
25-02-2018,3599.04640,119092,HDFC Money Market Fund - Growth Option - Direct Plan,HDFC Mutual Fund
23-02-2018,3597.72620,119092,HDFC Money Market Fund - Growth Option - Direct Plan,HDFC Mutual Fund
22-02-2018,3597.07180,119092,HDFC Money Market Fund - Growth Option - Direct Plan,HDFC Mutual Fund
21-02-2018,3596.44110,119092,HDFC Money Market Fund - Growth Option - Direct Plan,HDFC Mutual Fund
20-02-2018,3595.76800,119092,HDFC Money Market Fund - Growth Option - Direct Plan,HDFC Mutual Fund
19-02-2018,3595.14520,119092,HDFC Money Market Fund - Growth Option - Direct Plan,HDFC Mutual Fund
16-02-2018,3593.16060,119092,HDFC Money Market Fund - Growth Option - Direct Plan,HDFC Mutual Fund
15-02-2018,3592.50230,119092,HDFC Money Market Fund - Growth Option - Direct Plan,HDFC Mutual Fund
14-02-2018,3591.84570,119092,HDFC Money Market Fund - Growth Option - Direct Plan,HDFC Mutual Fund
13-02-2018,3591.18500,119092,HDFC Money Market Fund - Growth Option - Direct Plan,HDFC Mutual Fund
12-02-2018,3590.53190,119092,HDFC Money Market Fund - Growth Option - Direct Plan,HDFC Mutual Fund
11-02-2018,3589.88960,119092,HDFC Money Market Fund - Growth Option - Direct Plan,HDFC Mutual Fund
09-02-2018,3588.55970,119092,HDFC Money Market Fund - Growth Option - Direct Plan,HDFC Mutual Fund
08-02-2018,3587.87680,119092,HDFC Money Market Fund - Growth Option - Direct Plan,HDFC Mutual Fund
07-02-2018,3587.24060,119092,HDFC Money Market Fund - Growth Option - Direct Plan,HDFC Mutual Fund
06-02-2018,3586.56240,119092,HDFC Money Market Fund - Growth Option - Direct Plan,HDFC Mutual Fund
05-02-2018,3585.91000,119092,HDFC Money Market Fund - Growth Option - Direct Plan,HDFC Mutual Fund
04-02-2018,3585.28740,119092,HDFC Money Market Fund - Growth Option - Direct Plan,HDFC Mutual Fund
02-02-2018,3583.97120,119092,HDFC Money Market Fund - Growth Option - Direct Plan,HDFC Mutual Fund
01-02-2018,3583.31510,119092,HDFC Money Market Fund - Growth Option - Direct Plan,HDFC Mutual Fund
31-01-2018,3582.70530,119092,HDFC Money Market Fund - Growth Option - Direct Plan,HDFC Mutual Fund
30-01-2018,3582.05460,119092,HDFC Money Market Fund - Growth Option - Direct Plan,HDFC Mutual Fund
29-01-2018,3581.38250,119092,HDFC Money Market Fund - Growth Option - Direct Plan,HDFC Mutual Fund
28-01-2018,3580.73000,119092,HDFC Money Market Fund - Growth Option - Direct Plan,HDFC Mutual Fund
25-01-2018,3578.79680,119092,HDFC Money Market Fund - Growth Option - Direct Plan,HDFC Mutual Fund
24-01-2018,3578.15900,119092,HDFC Money Market Fund - Growth Option - Direct Plan,HDFC Mutual Fund
23-01-2018,3577.52420,119092,HDFC Money Market Fund - Growth Option - Direct Plan,HDFC Mutual Fund
22-01-2018,3576.88700,119092,HDFC Money Market Fund - Growth Option - Direct Plan,HDFC Mutual Fund
21-01-2018,3576.25350,119092,HDFC Money Market Fund - Growth Option - Direct Plan,HDFC Mutual Fund
19-01-2018,3574.95240,119092,HDFC Money Market Fund - Growth Option - Direct Plan,HDFC Mutual Fund
18-01-2018,3574.33410,119092,HDFC Money Market Fund - Growth Option - Direct Plan,HDFC Mutual Fund
17-01-2018,3573.69850,119092,HDFC Money Market Fund - Growth Option - Direct Plan,HDFC Mutual Fund
16-01-2018,3573.08130,119092,HDFC Money Market Fund - Growth Option - Direct Plan,HDFC Mutual Fund
15-01-2018,3572.45170,119092,HDFC Money Market Fund - Growth Option - Direct Plan,HDFC Mutual Fund
14-01-2018,3571.80370,119092,HDFC Money Market Fund - Growth Option - Direct Plan,HDFC Mutual Fund
12-01-2018,3570.54280,119092,HDFC Money Market Fund - Growth Option - Direct Plan,HDFC Mutual Fund
11-01-2018,3569.93360,119092,HDFC Money Market Fund - Growth Option - Direct Plan,HDFC Mutual Fund
10-01-2018,3569.30690,119092,HDFC Money Market Fund - Growth Option - Direct Plan,HDFC Mutual Fund
09-01-2018,3568.69210,119092,HDFC Money Market Fund - Growth Option - Direct Plan,HDFC Mutual Fund
08-01-2018,3568.07260,119092,HDFC Money Market Fund - Growth Option - Direct Plan,HDFC Mutual Fund
07-01-2018,3567.44370,119092,HDFC Money Market Fund - Growth Option - Direct Plan,HDFC Mutual Fund
05-01-2018,3566.17230,119092,HDFC Money Market Fund - Growth Option - Direct Plan,HDFC Mutual Fund
04-01-2018,3565.54030,119092,HDFC Money Market Fund - Growth Option - Direct Plan,HDFC Mutual Fund
03-01-2018,3564.95310,119092,HDFC Money Market Fund - Growth Option - Direct Plan,HDFC Mutual Fund
02-01-2018,3564.33980,119092,HDFC Money Market Fund - Growth Option - Direct Plan,HDFC Mutual Fund
01-01-2018,3563.72270,119092,HDFC Money Market Fund - Growth Option - Direct Plan,HDFC Mutual Fund
31-12-2017,3563.03940,119092,HDFC Money Market Fund - Growth Option - Direct Plan,HDFC Mutual Fund
29-12-2017,3561.76740,119092,HDFC Money Market Fund - Growth Option - Direct Plan,HDFC Mutual Fund
28-12-2017,3560.98470,119092,HDFC Money Market Fund - Growth Option - Direct Plan,HDFC Mutual Fund
27-12-2017,3560.32130,119092,HDFC Money Market Fund - Growth Option - Direct Plan,HDFC Mutual Fund
26-12-2017,3559.68420,119092,HDFC Money Market Fund - Growth Option - Direct Plan,HDFC Mutual Fund
25-12-2017,3559.09870,119092,HDFC Money Market Fund - Growth Option - Direct Plan,HDFC Mutual Fund
22-12-2017,3557.22660,119092,HDFC Money Market Fund - Growth Option - Direct Plan,HDFC Mutual Fund
21-12-2017,3556.57460,119092,HDFC Money Market Fund - Growth Option - Direct Plan,HDFC Mutual Fund
20-12-2017,3556.02880,119092,HDFC Money Market Fund - Growth Option - Direct Plan,HDFC Mutual Fund
19-12-2017,3555.49960,119092,HDFC Money Market Fund - Growth Option - Direct Plan,HDFC Mutual Fund
18-12-2017,3554.89940,119092,HDFC Money Market Fund - Growth Option - Direct Plan,HDFC Mutual Fund
17-12-2017,3554.29680,119092,HDFC Money Market Fund - Growth Option - Direct Plan,HDFC Mutual Fund
15-12-2017,3553.07790,119092,HDFC Money Market Fund - Growth Option - Direct Plan,HDFC Mutual Fund
14-12-2017,3552.49950,119092,HDFC Money Market Fund - Growth Option - Direct Plan,HDFC Mutual Fund
13-12-2017,3551.91140,119092,HDFC Money Market Fund - Growth Option - Direct Plan,HDFC Mutual Fund
12-12-2017,3551.30860,119092,HDFC Money Market Fund - Growth Option - Direct Plan,HDFC Mutual Fund
11-12-2017,3550.71040,119092,HDFC Money Market Fund - Growth Option - Direct Plan,HDFC Mutual Fund
10-12-2017,3550.10240,119092,HDFC Money Market Fund - Growth Option - Direct Plan,HDFC Mutual Fund
08-12-2017,3548.85890,119092,HDFC Money Market Fund - Growth Option - Direct Plan,HDFC Mutual Fund
07-12-2017,3548.23440,119092,HDFC Money Market Fund - Growth Option - Direct Plan,HDFC Mutual Fund
06-12-2017,3547.59980,119092,HDFC Money Market Fund - Growth Option - Direct Plan,HDFC Mutual Fund
05-12-2017,3546.98820,119092,HDFC Money Market Fund - Growth Option - Direct Plan,HDFC Mutual Fund
04-12-2017,3546.39970,119092,HDFC Money Market Fund - Growth Option - Direct Plan,HDFC Mutual Fund
03-12-2017,3545.78680,119092,HDFC Money Market Fund - Growth Option - Direct Plan,HDFC Mutual Fund
30-11-2017,3543.96930,119092,HDFC Money Market Fund - Growth Option - Direct Plan,HDFC Mutual Fund
29-11-2017,3543.37190,119092,HDFC Money Market Fund - Growth Option - Direct Plan,HDFC Mutual Fund
28-11-2017,3542.76410,119092,HDFC Money Market Fund - Growth Option - Direct Plan,HDFC Mutual Fund
27-11-2017,3542.15000,119092,HDFC Money Market Fund - Growth Option - Direct Plan,HDFC Mutual Fund
26-11-2017,3541.55610,119092,HDFC Money Market Fund - Growth Option - Direct Plan,HDFC Mutual Fund
24-11-2017,3540.33020,119092,HDFC Money Market Fund - Growth Option - Direct Plan,HDFC Mutual Fund
23-11-2017,3539.72270,119092,HDFC Money Market Fund - Growth Option - Direct Plan,HDFC Mutual Fund
22-11-2017,3539.12010,119092,HDFC Money Market Fund - Growth Option - Direct Plan,HDFC Mutual Fund
21-11-2017,3538.51660,119092,HDFC Money Market Fund - Growth Option - Direct Plan,HDFC Mutual Fund
20-11-2017,3537.91610,119092,HDFC Money Market Fund - Growth Option - Direct Plan,HDFC Mutual Fund
19-11-2017,3537.29440,119092,HDFC Money Market Fund - Growth Option - Direct Plan,HDFC Mutual Fund
17-11-2017,3536.09140,119092,HDFC Money Market Fund - Growth Option - Direct Plan,HDFC Mutual Fund
16-11-2017,3535.49280,119092,HDFC Money Market Fund - Growth Option - Direct Plan,HDFC Mutual Fund
15-11-2017,3534.88270,119092,HDFC Money Market Fund - Growth Option - Direct Plan,HDFC Mutual Fund
14-11-2017,3534.26810,119092,HDFC Money Market Fund - Growth Option - Direct Plan,HDFC Mutual Fund
13-11-2017,3533.66970,119092,HDFC Money Market Fund - Growth Option - Direct Plan,HDFC Mutual Fund
12-11-2017,3533.06830,119092,HDFC Money Market Fund - Growth Option - Direct Plan,HDFC Mutual Fund
10-11-2017,3531.85020,119092,HDFC Money Market Fund - Growth Option - Direct Plan,HDFC Mutual Fund
09-11-2017,3531.24510,119092,HDFC Money Market Fund - Growth Option - Direct Plan,HDFC Mutual Fund
08-11-2017,3530.63870,119092,HDFC Money Market Fund - Growth Option - Direct Plan,HDFC Mutual Fund
07-11-2017,3530.03420,119092,HDFC Money Market Fund - Growth Option - Direct Plan,HDFC Mutual Fund
06-11-2017,3529.40680,119092,HDFC Money Market Fund - Growth Option - Direct Plan,HDFC Mutual Fund
05-11-2017,3528.79800,119092,HDFC Money Market Fund - Growth Option - Direct Plan,HDFC Mutual Fund
03-11-2017,3527.60100,119092,HDFC Money Market Fund - Growth Option - Direct Plan,HDFC Mutual Fund
02-11-2017,3527.01050,119092,HDFC Money Market Fund - Growth Option - Direct Plan,HDFC Mutual Fund
01-11-2017,3526.40800,119092,HDFC Money Market Fund - Growth Option - Direct Plan,HDFC Mutual Fund
31-10-2017,3525.81160,119092,HDFC Money Market Fund - Growth Option - Direct Plan,HDFC Mutual Fund
30-10-2017,3525.21910,119092,HDFC Money Market Fund - Growth Option - Direct Plan,HDFC Mutual Fund
29-10-2017,3524.62270,119092,HDFC Money Market Fund - Growth Option - Direct Plan,HDFC Mutual Fund
27-10-2017,3523.41100,119092,HDFC Money Market Fund - Growth Option - Direct Plan,HDFC Mutual Fund
26-10-2017,3522.80180,119092,HDFC Money Market Fund - Growth Option - Direct Plan,HDFC Mutual Fund
25-10-2017,3522.22100,119092,HDFC Money Market Fund - Growth Option - Direct Plan,HDFC Mutual Fund
24-10-2017,3521.59480,119092,HDFC Money Market Fund - Growth Option - Direct Plan,HDFC Mutual Fund
23-10-2017,3521.01100,119092,HDFC Money Market Fund - Growth Option - Direct Plan,HDFC Mutual Fund
22-10-2017,3520.39890,119092,HDFC Money Market Fund - Growth Option - Direct Plan,HDFC Mutual Fund
18-10-2017,3518.00430,119092,HDFC Money Market Fund - Growth Option - Direct Plan,HDFC Mutual Fund
17-10-2017,3517.40360,119092,HDFC Money Market Fund - Growth Option - Direct Plan,HDFC Mutual Fund
16-10-2017,3516.81440,119092,HDFC Money Market Fund - Growth Option - Direct Plan,HDFC Mutual Fund
15-10-2017,3516.18860,119092,HDFC Money Market Fund - Growth Option - Direct Plan,HDFC Mutual Fund
13-10-2017,3514.96650,119092,HDFC Money Market Fund - Growth Option - Direct Plan,HDFC Mutual Fund
12-10-2017,3514.34370,119092,HDFC Money Market Fund - Growth Option - Direct Plan,HDFC Mutual Fund
11-10-2017,3513.73490,119092,HDFC Money Market Fund - Growth Option - Direct Plan,HDFC Mutual Fund
10-10-2017,3513.11500,119092,HDFC Money Market Fund - Growth Option - Direct Plan,HDFC Mutual Fund
09-10-2017,3512.53210,119092,HDFC Money Market Fund - Growth Option - Direct Plan,HDFC Mutual Fund
08-10-2017,3511.92820,119092,HDFC Money Market Fund - Growth Option - Direct Plan,HDFC Mutual Fund
06-10-2017,3510.73080,119092,HDFC Money Market Fund - Growth Option - Direct Plan,HDFC Mutual Fund
05-10-2017,3510.13880,119092,HDFC Money Market Fund - Growth Option - Direct Plan,HDFC Mutual Fund
04-10-2017,3509.53540,119092,HDFC Money Market Fund - Growth Option - Direct Plan,HDFC Mutual Fund
03-10-2017,3508.95600,119092,HDFC Money Market Fund - Growth Option - Direct Plan,HDFC Mutual Fund
02-10-2017,3508.30810,119092,HDFC Money Market Fund - Growth Option - Direct Plan,HDFC Mutual Fund
29-09-2017,3506.51890,119092,HDFC Money Market Fund - Growth Option - Direct Plan,HDFC Mutual Fund
28-09-2017,3505.87930,119092,HDFC Money Market Fund - Growth Option - Direct Plan,HDFC Mutual Fund
27-09-2017,3505.28120,119092,HDFC Money Market Fund - Growth Option - Direct Plan,HDFC Mutual Fund
26-09-2017,3504.69010,119092,HDFC Money Market Fund - Growth Option - Direct Plan,HDFC Mutual Fund
25-09-2017,3504.02300,119092,HDFC Money Market Fund - Growth Option - Direct Plan,HDFC Mutual Fund
24-09-2017,3503.38690,119092,HDFC Money Market Fund - Growth Option - Direct Plan,HDFC Mutual Fund
22-09-2017,3502.19140,119092,HDFC Money Market Fund - Growth Option - Direct Plan,HDFC Mutual Fund
21-09-2017,3501.62270,119092,HDFC Money Market Fund - Growth Option - Direct Plan,HDFC Mutual Fund
20-09-2017,3501.02420,119092,HDFC Money Market Fund - Growth Option - Direct Plan,HDFC Mutual Fund
19-09-2017,3500.40630,119092,HDFC Money Market Fund - Growth Option - Direct Plan,HDFC Mutual Fund
18-09-2017,3499.81050,119092,HDFC Money Market Fund - Growth Option - Direct Plan,HDFC Mutual Fund
17-09-2017,3499.20950,119092,HDFC Money Market Fund - Growth Option - Direct Plan,HDFC Mutual Fund
15-09-2017,3497.99250,119092,HDFC Money Market Fund - Growth Option - Direct Plan,HDFC Mutual Fund
14-09-2017,3497.36720,119092,HDFC Money Market Fund - Growth Option - Direct Plan,HDFC Mutual Fund
13-09-2017,3496.77680,119092,HDFC Money Market Fund - Growth Option - Direct Plan,HDFC Mutual Fund
12-09-2017,3496.18830,119092,HDFC Money Market Fund - Growth Option - Direct Plan,HDFC Mutual Fund
11-09-2017,3495.57390,119092,HDFC Money Market Fund - Growth Option - Direct Plan,HDFC Mutual Fund
10-09-2017,3494.97590,119092,HDFC Money Market Fund - Growth Option - Direct Plan,HDFC Mutual Fund
08-09-2017,3493.80690,119092,HDFC Money Market Fund - Growth Option - Direct Plan,HDFC Mutual Fund
07-09-2017,3493.22700,119092,HDFC Money Market Fund - Growth Option - Direct Plan,HDFC Mutual Fund
06-09-2017,3492.63490,119092,HDFC Money Market Fund - Growth Option - Direct Plan,HDFC Mutual Fund
05-09-2017,3492.03550,119092,HDFC Money Market Fund - Growth Option - Direct Plan,HDFC Mutual Fund
04-09-2017,3491.44330,119092,HDFC Money Market Fund - Growth Option - Direct Plan,HDFC Mutual Fund
03-09-2017,3490.82960,119092,HDFC Money Market Fund - Growth Option - Direct Plan,HDFC Mutual Fund
01-09-2017,3489.62080,119092,HDFC Money Market Fund - Growth Option - Direct Plan,HDFC Mutual Fund
31-08-2017,3489.01780,119092,HDFC Money Market Fund - Growth Option - Direct Plan,HDFC Mutual Fund
30-08-2017,3488.40050,119092,HDFC Money Market Fund - Growth Option - Direct Plan,HDFC Mutual Fund
29-08-2017,3487.81570,119092,HDFC Money Market Fund - Growth Option - Direct Plan,HDFC Mutual Fund
28-08-2017,3487.20890,119092,HDFC Money Market Fund - Growth Option - Direct Plan,HDFC Mutual Fund
27-08-2017,3486.62440,119092,HDFC Money Market Fund - Growth Option - Direct Plan,HDFC Mutual Fund
24-08-2017,3484.85610,119092,HDFC Money Market Fund - Growth Option - Direct Plan,HDFC Mutual Fund
23-08-2017,3484.27250,119092,HDFC Money Market Fund - Growth Option - Direct Plan,HDFC Mutual Fund
22-08-2017,3483.66590,119092,HDFC Money Market Fund - Growth Option - Direct Plan,HDFC Mutual Fund
21-08-2017,3483.06320,119092,HDFC Money Market Fund - Growth Option - Direct Plan,HDFC Mutual Fund
20-08-2017,3482.47400,119092,HDFC Money Market Fund - Growth Option - Direct Plan,HDFC Mutual Fund
18-08-2017,3481.28190,119092,HDFC Money Market Fund - Growth Option - Direct Plan,HDFC Mutual Fund
17-08-2017,3480.68840,119092,HDFC Money Market Fund - Growth Option - Direct Plan,HDFC Mutual Fund
16-08-2017,3480.06860,119092,HDFC Money Market Fund - Growth Option - Direct Plan,HDFC Mutual Fund
15-08-2017,3479.49870,119092,HDFC Money Market Fund - Growth Option - Direct Plan,HDFC Mutual Fund
14-08-2017,3478.90370,119092,HDFC Money Market Fund - Growth Option - Direct Plan,HDFC Mutual Fund
13-08-2017,3478.30210,119092,HDFC Money Market Fund - Growth Option - Direct Plan,HDFC Mutual Fund
11-08-2017,3477.11490,119092,HDFC Money Market Fund - Growth Option - Direct Plan,HDFC Mutual Fund
10-08-2017,3476.51180,119092,HDFC Money Market Fund - Growth Option - Direct Plan,HDFC Mutual Fund
09-08-2017,3475.91850,119092,HDFC Money Market Fund - Growth Option - Direct Plan,HDFC Mutual Fund
08-08-2017,3475.30990,119092,HDFC Money Market Fund - Growth Option - Direct Plan,HDFC Mutual Fund
07-08-2017,3474.71150,119092,HDFC Money Market Fund - Growth Option - Direct Plan,HDFC Mutual Fund
06-08-2017,3474.11280,119092,HDFC Money Market Fund - Growth Option - Direct Plan,HDFC Mutual Fund
04-08-2017,3472.91640,119092,HDFC Money Market Fund - Growth Option - Direct Plan,HDFC Mutual Fund
03-08-2017,3472.31710,119092,HDFC Money Market Fund - Growth Option - Direct Plan,HDFC Mutual Fund
02-08-2017,3471.70200,119092,HDFC Money Market Fund - Growth Option - Direct Plan,HDFC Mutual Fund
01-08-2017,3471.09740,119092,HDFC Money Market Fund - Growth Option - Direct Plan,HDFC Mutual Fund
31-07-2017,3470.50920,119092,HDFC Money Market Fund - Growth Option - Direct Plan,HDFC Mutual Fund
30-07-2017,3469.91060,119092,HDFC Money Market Fund - Growth Option - Direct Plan,HDFC Mutual Fund
28-07-2017,3468.70470,119092,HDFC Money Market Fund - Growth Option - Direct Plan,HDFC Mutual Fund
27-07-2017,3468.10700,119092,HDFC Money Market Fund - Growth Option - Direct Plan,HDFC Mutual Fund
26-07-2017,3467.51830,119092,HDFC Money Market Fund - Growth Option - Direct Plan,HDFC Mutual Fund
25-07-2017,3466.88830,119092,HDFC Money Market Fund - Growth Option - Direct Plan,HDFC Mutual Fund
24-07-2017,3466.29280,119092,HDFC Money Market Fund - Growth Option - Direct Plan,HDFC Mutual Fund
23-07-2017,3465.67480,119092,HDFC Money Market Fund - Growth Option - Direct Plan,HDFC Mutual Fund
21-07-2017,3464.46340,119092,HDFC Money Market Fund - Growth Option - Direct Plan,HDFC Mutual Fund
20-07-2017,3463.82720,119092,HDFC Money Market Fund - Growth Option - Direct Plan,HDFC Mutual Fund
19-07-2017,3463.21740,119092,HDFC Money Market Fund - Growth Option - Direct Plan,HDFC Mutual Fund
18-07-2017,3462.56990,119092,HDFC Money Market Fund - Growth Option - Direct Plan,HDFC Mutual Fund
17-07-2017,3461.95200,119092,HDFC Money Market Fund - Growth Option - Direct Plan,HDFC Mutual Fund
16-07-2017,3461.33840,119092,HDFC Money Market Fund - Growth Option - Direct Plan,HDFC Mutual Fund
14-07-2017,3460.13910,119092,HDFC Money Market Fund - Growth Option - Direct Plan,HDFC Mutual Fund
13-07-2017,3459.52010,119092,HDFC Money Market Fund - Growth Option - Direct Plan,HDFC Mutual Fund
12-07-2017,3458.87280,119092,HDFC Money Market Fund - Growth Option - Direct Plan,HDFC Mutual Fund
11-07-2017,3458.23670,119092,HDFC Money Market Fund - Growth Option - Direct Plan,HDFC Mutual Fund
10-07-2017,3457.63270,119092,HDFC Money Market Fund - Growth Option - Direct Plan,HDFC Mutual Fund
09-07-2017,3456.98570,119092,HDFC Money Market Fund - Growth Option - Direct Plan,HDFC Mutual Fund
07-07-2017,3455.78090,119092,HDFC Money Market Fund - Growth Option - Direct Plan,HDFC Mutual Fund
06-07-2017,3455.11290,119092,HDFC Money Market Fund - Growth Option - Direct Plan,HDFC Mutual Fund
05-07-2017,3454.48160,119092,HDFC Money Market Fund - Growth Option - Direct Plan,HDFC Mutual Fund
04-07-2017,3453.85920,119092,HDFC Money Market Fund - Growth Option - Direct Plan,HDFC Mutual Fund
03-07-2017,3453.20700,119092,HDFC Money Market Fund - Growth Option - Direct Plan,HDFC Mutual Fund
02-07-2017,3452.58840,119092,HDFC Money Market Fund - Growth Option - Direct Plan,HDFC Mutual Fund
30-06-2017,3451.24600,119092,HDFC Money Market Fund - Growth Option - Direct Plan,HDFC Mutual Fund
29-06-2017,3450.57480,119092,HDFC Money Market Fund - Growth Option - Direct Plan,HDFC Mutual Fund
28-06-2017,3449.99690,119092,HDFC Money Market Fund - Growth Option - Direct Plan,HDFC Mutual Fund
27-06-2017,3449.41140,119092,HDFC Money Market Fund - Growth Option - Direct Plan,HDFC Mutual Fund
26-06-2017,3448.79660,119092,HDFC Money Market Fund - Growth Option - Direct Plan,HDFC Mutual Fund
23-06-2017,3446.94770,119092,HDFC Money Market Fund - Growth Option - Direct Plan,HDFC Mutual Fund
22-06-2017,3446.32780,119092,HDFC Money Market Fund - Growth Option - Direct Plan,HDFC Mutual Fund
21-06-2017,3445.72050,119092,HDFC Money Market Fund - Growth Option - Direct Plan,HDFC Mutual Fund
20-06-2017,3445.11500,119092,HDFC Money Market Fund - Growth Option - Direct Plan,HDFC Mutual Fund
19-06-2017,3444.51650,119092,HDFC Money Market Fund - Growth Option - Direct Plan,HDFC Mutual Fund
18-06-2017,3443.90800,119092,HDFC Money Market Fund - Growth Option - Direct Plan,HDFC Mutual Fund
16-06-2017,3442.70670,119092,HDFC Money Market Fund - Growth Option - Direct Plan,HDFC Mutual Fund
15-06-2017,3442.11030,119092,HDFC Money Market Fund - Growth Option - Direct Plan,HDFC Mutual Fund
14-06-2017,3441.50290,119092,HDFC Money Market Fund - Growth Option - Direct Plan,HDFC Mutual Fund
13-06-2017,3440.90130,119092,HDFC Money Market Fund - Growth Option - Direct Plan,HDFC Mutual Fund
12-06-2017,3440.27250,119092,HDFC Money Market Fund - Growth Option - Direct Plan,HDFC Mutual Fund
11-06-2017,3439.68160,119092,HDFC Money Market Fund - Growth Option - Direct Plan,HDFC Mutual Fund
09-06-2017,3438.46360,119092,HDFC Money Market Fund - Growth Option - Direct Plan,HDFC Mutual Fund
08-06-2017,3437.82950,119092,HDFC Money Market Fund - Growth Option - Direct Plan,HDFC Mutual Fund
07-06-2017,3437.21810,119092,HDFC Money Market Fund - Growth Option - Direct Plan,HDFC Mutual Fund
06-06-2017,3436.58930,119092,HDFC Money Market Fund - Growth Option - Direct Plan,HDFC Mutual Fund
05-06-2017,3436.00530,119092,HDFC Money Market Fund - Growth Option - Direct Plan,HDFC Mutual Fund
04-06-2017,3435.39280,119092,HDFC Money Market Fund - Growth Option - Direct Plan,HDFC Mutual Fund
02-06-2017,3434.19430,119092,HDFC Money Market Fund - Growth Option - Direct Plan,HDFC Mutual Fund
01-06-2017,3433.55700,119092,HDFC Money Market Fund - Growth Option - Direct Plan,HDFC Mutual Fund
31-05-2017,3432.94630,119092,HDFC Money Market Fund - Growth Option - Direct Plan,HDFC Mutual Fund
30-05-2017,3432.34650,119092,HDFC Money Market Fund - Growth Option - Direct Plan,HDFC Mutual Fund
29-05-2017,3431.74490,119092,HDFC Money Market Fund - Growth Option - Direct Plan,HDFC Mutual Fund
28-05-2017,3431.14150,119092,HDFC Money Market Fund - Growth Option - Direct Plan,HDFC Mutual Fund
26-05-2017,3429.92370,119092,HDFC Money Market Fund - Growth Option - Direct Plan,HDFC Mutual Fund
25-05-2017,3429.30810,119092,HDFC Money Market Fund - Growth Option - Direct Plan,HDFC Mutual Fund
24-05-2017,3428.69650,119092,HDFC Money Market Fund - Growth Option - Direct Plan,HDFC Mutual Fund
23-05-2017,3428.08490,119092,HDFC Money Market Fund - Growth Option - Direct Plan,HDFC Mutual Fund
22-05-2017,3427.46390,119092,HDFC Money Market Fund - Growth Option - Direct Plan,HDFC Mutual Fund
21-05-2017,3426.85360,119092,HDFC Money Market Fund - Growth Option - Direct Plan,HDFC Mutual Fund
19-05-2017,3425.66160,119092,HDFC Money Market Fund - Growth Option - Direct Plan,HDFC Mutual Fund
18-05-2017,3425.05380,119092,HDFC Money Market Fund - Growth Option - Direct Plan,HDFC Mutual Fund
17-05-2017,3424.44510,119092,HDFC Money Market Fund - Growth Option - Direct Plan,HDFC Mutual Fund
16-05-2017,3423.83480,119092,HDFC Money Market Fund - Growth Option - Direct Plan,HDFC Mutual Fund
15-05-2017,3423.21620,119092,HDFC Money Market Fund - Growth Option - Direct Plan,HDFC Mutual Fund
14-05-2017,3422.61030,119092,HDFC Money Market Fund - Growth Option - Direct Plan,HDFC Mutual Fund
12-05-2017,3421.39960,119092,HDFC Money Market Fund - Growth Option - Direct Plan,HDFC Mutual Fund
11-05-2017,3420.81100,119092,HDFC Money Market Fund - Growth Option - Direct Plan,HDFC Mutual Fund
10-05-2017,3420.19780,119092,HDFC Money Market Fund - Growth Option - Direct Plan,HDFC Mutual Fund
09-05-2017,3419.60460,119092,HDFC Money Market Fund - Growth Option - Direct Plan,HDFC Mutual Fund
08-05-2017,3419.00120,119092,HDFC Money Market Fund - Growth Option - Direct Plan,HDFC Mutual Fund
07-05-2017,3418.39940,119092,HDFC Money Market Fund - Growth Option - Direct Plan,HDFC Mutual Fund
05-05-2017,3417.19560,119092,HDFC Money Market Fund - Growth Option - Direct Plan,HDFC Mutual Fund
04-05-2017,3416.59070,119092,HDFC Money Market Fund - Growth Option - Direct Plan,HDFC Mutual Fund
03-05-2017,3415.99340,119092,HDFC Money Market Fund - Growth Option - Direct Plan,HDFC Mutual Fund
02-05-2017,3415.39020,119092,HDFC Money Market Fund - Growth Option - Direct Plan,HDFC Mutual Fund
01-05-2017,3414.78700,119092,HDFC Money Market Fund - Growth Option - Direct Plan,HDFC Mutual Fund
28-04-2017,3412.94830,119092,HDFC Money Market Fund - Growth Option - Direct Plan,HDFC Mutual Fund
27-04-2017,3412.33770,119092,HDFC Money Market Fund - Growth Option - Direct Plan,HDFC Mutual Fund
26-04-2017,3411.73950,119092,HDFC Money Market Fund - Growth Option - Direct Plan,HDFC Mutual Fund
25-04-2017,3411.16440,119092,HDFC Money Market Fund - Growth Option - Direct Plan,HDFC Mutual Fund
24-04-2017,3410.56360,119092,HDFC Money Market Fund - Growth Option - Direct Plan,HDFC Mutual Fund
23-04-2017,3409.97170,119092,HDFC Money Market Fund - Growth Option - Direct Plan,HDFC Mutual Fund
21-04-2017,3408.75670,119092,HDFC Money Market Fund - Growth Option - Direct Plan,HDFC Mutual Fund
20-04-2017,3408.16680,119092,HDFC Money Market Fund - Growth Option - Direct Plan,HDFC Mutual Fund
19-04-2017,3407.57160,119092,HDFC Money Market Fund - Growth Option - Direct Plan,HDFC Mutual Fund
18-04-2017,3406.97510,119092,HDFC Money Market Fund - Growth Option - Direct Plan,HDFC Mutual Fund
17-04-2017,3406.37290,119092,HDFC Money Market Fund - Growth Option - Direct Plan,HDFC Mutual Fund
16-04-2017,3405.77590,119092,HDFC Money Market Fund - Growth Option - Direct Plan,HDFC Mutual Fund
13-04-2017,3403.86680,119092,HDFC Money Market Fund - Growth Option - Direct Plan,HDFC Mutual Fund
12-04-2017,3403.31090,119092,HDFC Money Market Fund - Growth Option - Direct Plan,HDFC Mutual Fund
11-04-2017,3402.69460,119092,HDFC Money Market Fund - Growth Option - Direct Plan,HDFC Mutual Fund
10-04-2017,3402.07150,119092,HDFC Money Market Fund - Growth Option - Direct Plan,HDFC Mutual Fund
09-04-2017,3401.45090,119092,HDFC Money Market Fund - Growth Option - Direct Plan,HDFC Mutual Fund
07-04-2017,3400.28000,119092,HDFC Money Market Fund - Growth Option - Direct Plan,HDFC Mutual Fund
06-04-2017,3399.69780,119092,HDFC Money Market Fund - Growth Option - Direct Plan,HDFC Mutual Fund
05-04-2017,3399.11060,119092,HDFC Money Market Fund - Growth Option - Direct Plan,HDFC Mutual Fund
04-04-2017,3398.51210,119092,HDFC Money Market Fund - Growth Option - Direct Plan,HDFC Mutual Fund
03-04-2017,3397.92860,119092,HDFC Money Market Fund - Growth Option - Direct Plan,HDFC Mutual Fund
02-04-2017,3397.35630,119092,HDFC Money Market Fund - Growth Option - Direct Plan,HDFC Mutual Fund
31-03-2017,3395.84710,119092,HDFC Money Market Fund - Growth Option - Direct Plan,HDFC Mutual Fund
30-03-2017,3394.88010,119092,HDFC Money Market Fund - Growth Option - Direct Plan,HDFC Mutual Fund
29-03-2017,3394.27840,119092,HDFC Money Market Fund - Growth Option - Direct Plan,HDFC Mutual Fund
28-03-2017,3393.66170,119092,HDFC Money Market Fund - Growth Option - Direct Plan,HDFC Mutual Fund
27-03-2017,3393.07390,119092,HDFC Money Market Fund - Growth Option - Direct Plan,HDFC Mutual Fund
26-03-2017,3392.48250,119092,HDFC Money Market Fund - Growth Option - Direct Plan,HDFC Mutual Fund
24-03-2017,3391.22720,119092,HDFC Money Market Fund - Growth Option - Direct Plan,HDFC Mutual Fund
23-03-2017,3390.62520,119092,HDFC Money Market Fund - Growth Option - Direct Plan,HDFC Mutual Fund
22-03-2017,3390.01570,119092,HDFC Money Market Fund - Growth Option - Direct Plan,HDFC Mutual Fund
21-03-2017,3389.36050,119092,HDFC Money Market Fund - Growth Option - Direct Plan,HDFC Mutual Fund
20-03-2017,3388.69120,119092,HDFC Money Market Fund - Growth Option - Direct Plan,HDFC Mutual Fund
19-03-2017,3388.05240,119092,HDFC Money Market Fund - Growth Option - Direct Plan,HDFC Mutual Fund
17-03-2017,3386.69850,119092,HDFC Money Market Fund - Growth Option - Direct Plan,HDFC Mutual Fund
16-03-2017,3386.10960,119092,HDFC Money Market Fund - Growth Option - Direct Plan,HDFC Mutual Fund
15-03-2017,3385.49900,119092,HDFC Money Market Fund - Growth Option - Direct Plan,HDFC Mutual Fund
14-03-2017,3384.86970,119092,HDFC Money Market Fund - Growth Option - Direct Plan,HDFC Mutual Fund
13-03-2017,3384.28040,119092,HDFC Money Market Fund - Growth Option - Direct Plan,HDFC Mutual Fund
10-03-2017,3382.46190,119092,HDFC Money Market Fund - Growth Option - Direct Plan,HDFC Mutual Fund
09-03-2017,3381.89490,119092,HDFC Money Market Fund - Growth Option - Direct Plan,HDFC Mutual Fund
08-03-2017,3381.32110,119092,HDFC Money Market Fund - Growth Option - Direct Plan,HDFC Mutual Fund
07-03-2017,3380.72490,119092,HDFC Money Market Fund - Growth Option - Direct Plan,HDFC Mutual Fund
06-03-2017,3380.13100,119092,HDFC Money Market Fund - Growth Option - Direct Plan,HDFC Mutual Fund
05-03-2017,3379.55490,119092,HDFC Money Market Fund - Growth Option - Direct Plan,HDFC Mutual Fund
03-03-2017,3378.29070,119092,HDFC Money Market Fund - Growth Option - Direct Plan,HDFC Mutual Fund
02-03-2017,3377.70130,119092,HDFC Money Market Fund - Growth Option - Direct Plan,HDFC Mutual Fund
01-03-2017,3377.10590,119092,HDFC Money Market Fund - Growth Option - Direct Plan,HDFC Mutual Fund
28-02-2017,3376.51870,119092,HDFC Money Market Fund - Growth Option - Direct Plan,HDFC Mutual Fund
27-02-2017,3375.90590,119092,HDFC Money Market Fund - Growth Option - Direct Plan,HDFC Mutual Fund
26-02-2017,3375.28920,119092,HDFC Money Market Fund - Growth Option - Direct Plan,HDFC Mutual Fund
23-02-2017,3373.44340,119092,HDFC Money Market Fund - Growth Option - Direct Plan,HDFC Mutual Fund
22-02-2017,3372.80980,119092,HDFC Money Market Fund - Growth Option - Direct Plan,HDFC Mutual Fund
21-02-2017,3372.19640,119092,HDFC Money Market Fund - Growth Option - Direct Plan,HDFC Mutual Fund
20-02-2017,3371.59290,119092,HDFC Money Market Fund - Growth Option - Direct Plan,HDFC Mutual Fund
19-02-2017,3370.99160,119092,HDFC Money Market Fund - Growth Option - Direct Plan,HDFC Mutual Fund
17-02-2017,3369.78840,119092,HDFC Money Market Fund - Growth Option - Direct Plan,HDFC Mutual Fund
16-02-2017,3369.13930,119092,HDFC Money Market Fund - Growth Option - Direct Plan,HDFC Mutual Fund
15-02-2017,3368.53950,119092,HDFC Money Market Fund - Growth Option - Direct Plan,HDFC Mutual Fund
14-02-2017,3367.92340,119092,HDFC Money Market Fund - Growth Option - Direct Plan,HDFC Mutual Fund
13-02-2017,3367.29510,119092,HDFC Money Market Fund - Growth Option - Direct Plan,HDFC Mutual Fund
12-02-2017,3366.66530,119092,HDFC Money Market Fund - Growth Option - Direct Plan,HDFC Mutual Fund
10-02-2017,3365.41490,119092,HDFC Money Market Fund - Growth Option - Direct Plan,HDFC Mutual Fund
09-02-2017,3364.79570,119092,HDFC Money Market Fund - Growth Option - Direct Plan,HDFC Mutual Fund
08-02-2017,3364.19480,119092,HDFC Money Market Fund - Growth Option - Direct Plan,HDFC Mutual Fund
07-02-2017,3363.83160,119092,HDFC Money Market Fund - Growth Option - Direct Plan,HDFC Mutual Fund
06-02-2017,3363.23560,119092,HDFC Money Market Fund - Growth Option - Direct Plan,HDFC Mutual Fund
05-02-2017,3362.63270,119092,HDFC Money Market Fund - Growth Option - Direct Plan,HDFC Mutual Fund
03-02-2017,3361.38760,119092,HDFC Money Market Fund - Growth Option - Direct Plan,HDFC Mutual Fund
02-02-2017,3360.75520,119092,HDFC Money Market Fund - Growth Option - Direct Plan,HDFC Mutual Fund
01-02-2017,3360.15530,119092,HDFC Money Market Fund - Growth Option - Direct Plan,HDFC Mutual Fund
31-01-2017,3359.53640,119092,HDFC Money Market Fund - Growth Option - Direct Plan,HDFC Mutual Fund
30-01-2017,3358.92660,119092,HDFC Money Market Fund - Growth Option - Direct Plan,HDFC Mutual Fund
29-01-2017,3358.31870,119092,HDFC Money Market Fund - Growth Option - Direct Plan,HDFC Mutual Fund
27-01-2017,3357.11710,119092,HDFC Money Market Fund - Growth Option - Direct Plan,HDFC Mutual Fund
26-01-2017,3356.51870,119092,HDFC Money Market Fund - Growth Option - Direct Plan,HDFC Mutual Fund
25-01-2017,3355.88440,119092,HDFC Money Market Fund - Growth Option - Direct Plan,HDFC Mutual Fund
24-01-2017,3355.33100,119092,HDFC Money Market Fund - Growth Option - Direct Plan,HDFC Mutual Fund
23-01-2017,3354.72810,119092,HDFC Money Market Fund - Growth Option - Direct Plan,HDFC Mutual Fund
22-01-2017,3354.13070,119092,HDFC Money Market Fund - Growth Option - Direct Plan,HDFC Mutual Fund
20-01-2017,3352.91190,119092,HDFC Money Market Fund - Growth Option - Direct Plan,HDFC Mutual Fund
19-01-2017,3352.31530,119092,HDFC Money Market Fund - Growth Option - Direct Plan,HDFC Mutual Fund
18-01-2017,3351.71460,119092,HDFC Money Market Fund - Growth Option - Direct Plan,HDFC Mutual Fund
17-01-2017,3351.10520,119092,HDFC Money Market Fund - Growth Option - Direct Plan,HDFC Mutual Fund
16-01-2017,3350.51950,119092,HDFC Money Market Fund - Growth Option - Direct Plan,HDFC Mutual Fund
15-01-2017,3349.92920,119092,HDFC Money Market Fund - Growth Option - Direct Plan,HDFC Mutual Fund
13-01-2017,3348.73210,119092,HDFC Money Market Fund - Growth Option - Direct Plan,HDFC Mutual Fund
12-01-2017,3348.13440,119092,HDFC Money Market Fund - Growth Option - Direct Plan,HDFC Mutual Fund
11-01-2017,3347.54910,119092,HDFC Money Market Fund - Growth Option - Direct Plan,HDFC Mutual Fund
10-01-2017,3346.97520,119092,HDFC Money Market Fund - Growth Option - Direct Plan,HDFC Mutual Fund
09-01-2017,3346.38570,119092,HDFC Money Market Fund - Growth Option - Direct Plan,HDFC Mutual Fund
08-01-2017,3345.80060,119092,HDFC Money Market Fund - Growth Option - Direct Plan,HDFC Mutual Fund
06-01-2017,3344.63770,119092,HDFC Money Market Fund - Growth Option - Direct Plan,HDFC Mutual Fund
05-01-2017,3344.03320,119092,HDFC Money Market Fund - Growth Option - Direct Plan,HDFC Mutual Fund
04-01-2017,3343.45040,119092,HDFC Money Market Fund - Growth Option - Direct Plan,HDFC Mutual Fund
03-01-2017,3342.85810,119092,HDFC Money Market Fund - Growth Option - Direct Plan,HDFC Mutual Fund
02-01-2017,3342.24680,119092,HDFC Money Market Fund - Growth Option - Direct Plan,HDFC Mutual Fund
01-01-2017,3341.62610,119092,HDFC Money Market Fund - Growth Option - Direct Plan,HDFC Mutual Fund
30-12-2016,3340.38310,119092,HDFC Money Market Fund - Growth Option - Direct Plan,HDFC Mutual Fund
29-12-2016,3339.70570,119092,HDFC Money Market Fund - Growth Option - Direct Plan,HDFC Mutual Fund
28-12-2016,3339.10870,119092,HDFC Money Market Fund - Growth Option - Direct Plan,HDFC Mutual Fund
27-12-2016,3338.47420,119092,HDFC Money Market Fund - Growth Option - Direct Plan,HDFC Mutual Fund
26-12-2016,3337.88440,119092,HDFC Money Market Fund - Growth Option - Direct Plan,HDFC Mutual Fund
25-12-2016,3337.30360,119092,HDFC Money Market Fund - Growth Option - Direct Plan,HDFC Mutual Fund
23-12-2016,3335.94150,119092,HDFC Money Market Fund - Growth Option - Direct Plan,HDFC Mutual Fund
22-12-2016,3335.48220,119092,HDFC Money Market Fund - Growth Option - Direct Plan,HDFC Mutual Fund
21-12-2016,3334.93950,119092,HDFC Money Market Fund - Growth Option - Direct Plan,HDFC Mutual Fund
20-12-2016,3334.36490,119092,HDFC Money Market Fund - Growth Option - Direct Plan,HDFC Mutual Fund
19-12-2016,3333.76580,119092,HDFC Money Market Fund - Growth Option - Direct Plan,HDFC Mutual Fund
18-12-2016,3333.20200,119092,HDFC Money Market Fund - Growth Option - Direct Plan,HDFC Mutual Fund
16-12-2016,3331.93110,119092,HDFC Money Market Fund - Growth Option - Direct Plan,HDFC Mutual Fund
15-12-2016,3331.44810,119092,HDFC Money Market Fund - Growth Option - Direct Plan,HDFC Mutual Fund
14-12-2016,3330.84990,119092,HDFC Money Market Fund - Growth Option - Direct Plan,HDFC Mutual Fund
13-12-2016,3330.21770,119092,HDFC Money Market Fund - Growth Option - Direct Plan,HDFC Mutual Fund
12-12-2016,3329.60990,119092,HDFC Money Market Fund - Growth Option - Direct Plan,HDFC Mutual Fund
09-12-2016,3327.87210,119092,HDFC Money Market Fund - Growth Option - Direct Plan,HDFC Mutual Fund
08-12-2016,3327.20600,119092,HDFC Money Market Fund - Growth Option - Direct Plan,HDFC Mutual Fund
07-12-2016,3326.62820,119092,HDFC Money Market Fund - Growth Option - Direct Plan,HDFC Mutual Fund
06-12-2016,3326.52410,119092,HDFC Money Market Fund - Growth Option - Direct Plan,HDFC Mutual Fund
05-12-2016,3325.93630,119092,HDFC Money Market Fund - Growth Option - Direct Plan,HDFC Mutual Fund
04-12-2016,3325.30680,119092,HDFC Money Market Fund - Growth Option - Direct Plan,HDFC Mutual Fund
02-12-2016,3324.09100,119092,HDFC Money Market Fund - Growth Option - Direct Plan,HDFC Mutual Fund
01-12-2016,3323.76850,119092,HDFC Money Market Fund - Growth Option - Direct Plan,HDFC Mutual Fund
30-11-2016,3323.18300,119092,HDFC Money Market Fund - Growth Option - Direct Plan,HDFC Mutual Fund
29-11-2016,3322.54910,119092,HDFC Money Market Fund - Growth Option - Direct Plan,HDFC Mutual Fund
28-11-2016,3321.95330,119092,HDFC Money Market Fund - Growth Option - Direct Plan,HDFC Mutual Fund
27-11-2016,3321.47270,119092,HDFC Money Market Fund - Growth Option - Direct Plan,HDFC Mutual Fund
25-11-2016,3320.28450,119092,HDFC Money Market Fund - Growth Option - Direct Plan,HDFC Mutual Fund
24-11-2016,3319.76740,119092,HDFC Money Market Fund - Growth Option - Direct Plan,HDFC Mutual Fund
23-11-2016,3318.94760,119092,HDFC Money Market Fund - Growth Option - Direct Plan,HDFC Mutual Fund
22-11-2016,3318.31990,119092,HDFC Money Market Fund - Growth Option - Direct Plan,HDFC Mutual Fund
21-11-2016,3317.70770,119092,HDFC Money Market Fund - Growth Option - Direct Plan,HDFC Mutual Fund
20-11-2016,3317.07680,119092,HDFC Money Market Fund - Growth Option - Direct Plan,HDFC Mutual Fund
18-11-2016,3315.83300,119092,HDFC Money Market Fund - Growth Option - Direct Plan,HDFC Mutual Fund
17-11-2016,3315.22360,119092,HDFC Money Market Fund - Growth Option - Direct Plan,HDFC Mutual Fund
16-11-2016,3314.60590,119092,HDFC Money Market Fund - Growth Option - Direct Plan,HDFC Mutual Fund
15-11-2016,3313.96080,119092,HDFC Money Market Fund - Growth Option - Direct Plan,HDFC Mutual Fund
14-11-2016,3313.26320,119092,HDFC Money Market Fund - Growth Option - Direct Plan,HDFC Mutual Fund
11-11-2016,3311.42060,119092,HDFC Money Market Fund - Growth Option - Direct Plan,HDFC Mutual Fund
10-11-2016,3310.79850,119092,HDFC Money Market Fund - Growth Option - Direct Plan,HDFC Mutual Fund
09-11-2016,3310.18410,119092,HDFC Money Market Fund - Growth Option - Direct Plan,HDFC Mutual Fund
08-11-2016,3309.56800,119092,HDFC Money Market Fund - Growth Option - Direct Plan,HDFC Mutual Fund
07-11-2016,3308.95680,119092,HDFC Money Market Fund - Growth Option - Direct Plan,HDFC Mutual Fund
06-11-2016,3308.34600,119092,HDFC Money Market Fund - Growth Option - Direct Plan,HDFC Mutual Fund
04-11-2016,3307.11950,119092,HDFC Money Market Fund - Growth Option - Direct Plan,HDFC Mutual Fund
03-11-2016,3306.50540,119092,HDFC Money Market Fund - Growth Option - Direct Plan,HDFC Mutual Fund
02-11-2016,3305.89020,119092,HDFC Money Market Fund - Growth Option - Direct Plan,HDFC Mutual Fund
01-11-2016,3305.27660,119092,HDFC Money Market Fund - Growth Option - Direct Plan,HDFC Mutual Fund
31-10-2016,3304.65730,119092,HDFC Money Market Fund - Growth Option - Direct Plan,HDFC Mutual Fund
28-10-2016,3302.82250,119092,HDFC Money Market Fund - Growth Option - Direct Plan,HDFC Mutual Fund
27-10-2016,3302.20250,119092,HDFC Money Market Fund - Growth Option - Direct Plan,HDFC Mutual Fund
26-10-2016,3301.59580,119092,HDFC Money Market Fund - Growth Option - Direct Plan,HDFC Mutual Fund
25-10-2016,3300.98630,119092,HDFC Money Market Fund - Growth Option - Direct Plan,HDFC Mutual Fund
24-10-2016,3300.37700,119092,HDFC Money Market Fund - Growth Option - Direct Plan,HDFC Mutual Fund
23-10-2016,3299.76590,119092,HDFC Money Market Fund - Growth Option - Direct Plan,HDFC Mutual Fund
21-10-2016,3298.51550,119092,HDFC Money Market Fund - Growth Option - Direct Plan,HDFC Mutual Fund
20-10-2016,3297.95550,119092,HDFC Money Market Fund - Growth Option - Direct Plan,HDFC Mutual Fund
19-10-2016,3297.34960,119092,HDFC Money Market Fund - Growth Option - Direct Plan,HDFC Mutual Fund
18-10-2016,3296.74420,119092,HDFC Money Market Fund - Growth Option - Direct Plan,HDFC Mutual Fund
17-10-2016,3296.13790,119092,HDFC Money Market Fund - Growth Option - Direct Plan,HDFC Mutual Fund
16-10-2016,3295.52880,119092,HDFC Money Market Fund - Growth Option - Direct Plan,HDFC Mutual Fund
14-10-2016,3294.23760,119092,HDFC Money Market Fund - Growth Option - Direct Plan,HDFC Mutual Fund
13-10-2016,3293.68620,119092,HDFC Money Market Fund - Growth Option - Direct Plan,HDFC Mutual Fund
12-10-2016,3293.07180,119092,HDFC Money Market Fund - Growth Option - Direct Plan,HDFC Mutual Fund
10-10-2016,3291.88920,119092,HDFC Money Market Fund - Growth Option - Direct Plan,HDFC Mutual Fund
09-10-2016,3291.30160,119092,HDFC Money Market Fund - Growth Option - Direct Plan,HDFC Mutual Fund
07-10-2016,3290.07180,119092,HDFC Money Market Fund - Growth Option - Direct Plan,HDFC Mutual Fund
06-10-2016,3289.45480,119092,HDFC Money Market Fund - Growth Option - Direct Plan,HDFC Mutual Fund
05-10-2016,3288.83410,119092,HDFC Money Market Fund - Growth Option - Direct Plan,HDFC Mutual Fund
04-10-2016,3288.21730,119092,HDFC Money Market Fund - Growth Option - Direct Plan,HDFC Mutual Fund
03-10-2016,3287.59740,119092,HDFC Money Market Fund - Growth Option - Direct Plan,HDFC Mutual Fund
02-10-2016,3286.98400,119092,HDFC Money Market Fund - Growth Option - Direct Plan,HDFC Mutual Fund
30-09-2016,3285.57180,119092,HDFC Money Market Fund - Growth Option - Direct Plan,HDFC Mutual Fund
29-09-2016,3284.76430,119092,HDFC Money Market Fund - Growth Option - Direct Plan,HDFC Mutual Fund
28-09-2016,3284.16690,119092,HDFC Money Market Fund - Growth Option - Direct Plan,HDFC Mutual Fund
27-09-2016,3283.55180,119092,HDFC Money Market Fund - Growth Option - Direct Plan,HDFC Mutual Fund
26-09-2016,3282.94080,119092,HDFC Money Market Fund - Growth Option - Direct Plan,HDFC Mutual Fund
25-09-2016,3282.34370,119092,HDFC Money Market Fund - Growth Option - Direct Plan,HDFC Mutual Fund
23-09-2016,3281.10540,119092,HDFC Money Market Fund - Growth Option - Direct Plan,HDFC Mutual Fund
22-09-2016,3280.48140,119092,HDFC Money Market Fund - Growth Option - Direct Plan,HDFC Mutual Fund
21-09-2016,3279.87600,119092,HDFC Money Market Fund - Growth Option - Direct Plan,HDFC Mutual Fund
20-09-2016,3279.27520,119092,HDFC Money Market Fund - Growth Option - Direct Plan,HDFC Mutual Fund
19-09-2016,3278.66300,119092,HDFC Money Market Fund - Growth Option - Direct Plan,HDFC Mutual Fund
18-09-2016,3278.05210,119092,HDFC Money Market Fund - Growth Option - Direct Plan,HDFC Mutual Fund
16-09-2016,3276.80100,119092,HDFC Money Market Fund - Growth Option - Direct Plan,HDFC Mutual Fund
15-09-2016,3276.20650,119092,HDFC Money Market Fund - Growth Option - Direct Plan,HDFC Mutual Fund
14-09-2016,3275.59360,119092,HDFC Money Market Fund - Growth Option - Direct Plan,HDFC Mutual Fund
13-09-2016,3274.97090,119092,HDFC Money Market Fund - Growth Option - Direct Plan,HDFC Mutual Fund
12-09-2016,3274.36420,119092,HDFC Money Market Fund - Growth Option - Direct Plan,HDFC Mutual Fund
11-09-2016,3273.74810,119092,HDFC Money Market Fund - Growth Option - Direct Plan,HDFC Mutual Fund
09-09-2016,3272.51270,119092,HDFC Money Market Fund - Growth Option - Direct Plan,HDFC Mutual Fund
08-09-2016,3271.93330,119092,HDFC Money Market Fund - Growth Option - Direct Plan,HDFC Mutual Fund
07-09-2016,3271.32710,119092,HDFC Money Market Fund - Growth Option - Direct Plan,HDFC Mutual Fund
06-09-2016,3270.71480,119092,HDFC Money Market Fund - Growth Option - Direct Plan,HDFC Mutual Fund
05-09-2016,3270.10440,119092,HDFC Money Market Fund - Growth Option - Direct Plan,HDFC Mutual Fund
02-09-2016,3268.22190,119092,HDFC Money Market Fund - Growth Option - Direct Plan,HDFC Mutual Fund
01-09-2016,3267.61270,119092,HDFC Money Market Fund - Growth Option - Direct Plan,HDFC Mutual Fund
31-08-2016,3267.01600,119092,HDFC Money Market Fund - Growth Option - Direct Plan,HDFC Mutual Fund
30-08-2016,3266.38620,119092,HDFC Money Market Fund - Growth Option - Direct Plan,HDFC Mutual Fund
29-08-2016,3265.80520,119092,HDFC Money Market Fund - Growth Option - Direct Plan,HDFC Mutual Fund
28-08-2016,3265.19350,119092,HDFC Money Market Fund - Growth Option - Direct Plan,HDFC Mutual Fund
26-08-2016,3263.96160,119092,HDFC Money Market Fund - Growth Option - Direct Plan,HDFC Mutual Fund
25-08-2016,3263.32650,119092,HDFC Money Market Fund - Growth Option - Direct Plan,HDFC Mutual Fund
24-08-2016,3262.71010,119092,HDFC Money Market Fund - Growth Option - Direct Plan,HDFC Mutual Fund
23-08-2016,3262.09140,119092,HDFC Money Market Fund - Growth Option - Direct Plan,HDFC Mutual Fund
22-08-2016,3261.47350,119092,HDFC Money Market Fund - Growth Option - Direct Plan,HDFC Mutual Fund
21-08-2016,3260.85260,119092,HDFC Money Market Fund - Growth Option - Direct Plan,HDFC Mutual Fund
19-08-2016,3259.59580,119092,HDFC Money Market Fund - Growth Option - Direct Plan,HDFC Mutual Fund
18-08-2016,3258.96760,119092,HDFC Money Market Fund - Growth Option - Direct Plan,HDFC Mutual Fund
17-08-2016,3258.34930,119092,HDFC Money Market Fund - Growth Option - Direct Plan,HDFC Mutual Fund
16-08-2016,3257.73610,119092,HDFC Money Market Fund - Growth Option - Direct Plan,HDFC Mutual Fund
15-08-2016,3257.11090,119092,HDFC Money Market Fund - Growth Option - Direct Plan,HDFC Mutual Fund
12-08-2016,3255.18900,119092,HDFC Money Market Fund - Growth Option - Direct Plan,HDFC Mutual Fund
11-08-2016,3254.58850,119092,HDFC Money Market Fund - Growth Option - Direct Plan,HDFC Mutual Fund
10-08-2016,3253.93740,119092,HDFC Money Market Fund - Growth Option - Direct Plan,HDFC Mutual Fund
09-08-2016,3253.33840,119092,HDFC Money Market Fund - Growth Option - Direct Plan,HDFC Mutual Fund
08-08-2016,3252.71270,119092,HDFC Money Market Fund - Growth Option - Direct Plan,HDFC Mutual Fund
07-08-2016,3252.07190,119092,HDFC Money Market Fund - Growth Option - Direct Plan,HDFC Mutual Fund
05-08-2016,3250.79340,119092,HDFC Money Market Fund - Growth Option - Direct Plan,HDFC Mutual Fund
04-08-2016,3250.16900,119092,HDFC Money Market Fund - Growth Option - Direct Plan,HDFC Mutual Fund
03-08-2016,3249.55710,119092,HDFC Money Market Fund - Growth Option - Direct Plan,HDFC Mutual Fund
02-08-2016,3248.86410,119092,HDFC Money Market Fund - Growth Option - Direct Plan,HDFC Mutual Fund
01-08-2016,3248.24770,119092,HDFC Money Market Fund - Growth Option - Direct Plan,HDFC Mutual Fund
31-07-2016,3247.62690,119092,HDFC Money Market Fund - Growth Option - Direct Plan,HDFC Mutual Fund
29-07-2016,3246.41860,119092,HDFC Money Market Fund - Growth Option - Direct Plan,HDFC Mutual Fund
28-07-2016,3245.79310,119092,HDFC Money Market Fund - Growth Option - Direct Plan,HDFC Mutual Fund
27-07-2016,3245.14980,119092,HDFC Money Market Fund - Growth Option - Direct Plan,HDFC Mutual Fund
26-07-2016,3244.51380,119092,HDFC Money Market Fund - Growth Option - Direct Plan,HDFC Mutual Fund
25-07-2016,3243.86990,119092,HDFC Money Market Fund - Growth Option - Direct Plan,HDFC Mutual Fund
24-07-2016,3243.24290,119092,HDFC Money Market Fund - Growth Option - Direct Plan,HDFC Mutual Fund
22-07-2016,3241.97220,119092,HDFC Money Market Fund - Growth Option - Direct Plan,HDFC Mutual Fund
21-07-2016,3241.33240,119092,HDFC Money Market Fund - Growth Option - Direct Plan,HDFC Mutual Fund
20-07-2016,3240.69320,119092,HDFC Money Market Fund - Growth Option - Direct Plan,HDFC Mutual Fund
19-07-2016,3240.05090,119092,HDFC Money Market Fund - Growth Option - Direct Plan,HDFC Mutual Fund
18-07-2016,3239.41800,119092,HDFC Money Market Fund - Growth Option - Direct Plan,HDFC Mutual Fund
17-07-2016,3238.78070,119092,HDFC Money Market Fund - Growth Option - Direct Plan,HDFC Mutual Fund
15-07-2016,3237.49480,119092,HDFC Money Market Fund - Growth Option - Direct Plan,HDFC Mutual Fund
14-07-2016,3236.83380,119092,HDFC Money Market Fund - Growth Option - Direct Plan,HDFC Mutual Fund
13-07-2016,3236.13540,119092,HDFC Money Market Fund - Growth Option - Direct Plan,HDFC Mutual Fund
12-07-2016,3235.47890,119092,HDFC Money Market Fund - Growth Option - Direct Plan,HDFC Mutual Fund
11-07-2016,3234.82390,119092,HDFC Money Market Fund - Growth Option - Direct Plan,HDFC Mutual Fund
10-07-2016,3234.17290,119092,HDFC Money Market Fund - Growth Option - Direct Plan,HDFC Mutual Fund
08-07-2016,3232.88050,119092,HDFC Money Market Fund - Growth Option - Direct Plan,HDFC Mutual Fund
07-07-2016,3232.23410,119092,HDFC Money Market Fund - Growth Option - Direct Plan,HDFC Mutual Fund
06-07-2016,3231.55120,119092,HDFC Money Market Fund - Growth Option - Direct Plan,HDFC Mutual Fund
05-07-2016,3230.90130,119092,HDFC Money Market Fund - Growth Option - Direct Plan,HDFC Mutual Fund
04-07-2016,3230.23980,119092,HDFC Money Market Fund - Growth Option - Direct Plan,HDFC Mutual Fund
03-07-2016,3229.58430,119092,HDFC Money Market Fund - Growth Option - Direct Plan,HDFC Mutual Fund
01-07-2016,3228.24910,119092,HDFC Money Market Fund - Growth Option - Direct Plan,HDFC Mutual Fund
30-06-2016,3227.48770,119092,HDFC Money Market Fund - Growth Option - Direct Plan,HDFC Mutual Fund
29-06-2016,3226.65350,119092,HDFC Money Market Fund - Growth Option - Direct Plan,HDFC Mutual Fund
28-06-2016,3225.98810,119092,HDFC Money Market Fund - Growth Option - Direct Plan,HDFC Mutual Fund
27-06-2016,3225.31490,119092,HDFC Money Market Fund - Growth Option - Direct Plan,HDFC Mutual Fund
26-06-2016,3224.64940,119092,HDFC Money Market Fund - Growth Option - Direct Plan,HDFC Mutual Fund
24-06-2016,3223.26050,119092,HDFC Money Market Fund - Growth Option - Direct Plan,HDFC Mutual Fund
23-06-2016,3222.63570,119092,HDFC Money Market Fund - Growth Option - Direct Plan,HDFC Mutual Fund
22-06-2016,3221.97620,119092,HDFC Money Market Fund - Growth Option - Direct Plan,HDFC Mutual Fund
21-06-2016,3221.32280,119092,HDFC Money Market Fund - Growth Option - Direct Plan,HDFC Mutual Fund
20-06-2016,3220.66290,119092,HDFC Money Market Fund - Growth Option - Direct Plan,HDFC Mutual Fund
19-06-2016,3220.02350,119092,HDFC Money Market Fund - Growth Option - Direct Plan,HDFC Mutual Fund
17-06-2016,3218.68670,119092,HDFC Money Market Fund - Growth Option - Direct Plan,HDFC Mutual Fund
16-06-2016,3218.04880,119092,HDFC Money Market Fund - Growth Option - Direct Plan,HDFC Mutual Fund
15-06-2016,3217.38670,119092,HDFC Money Market Fund - Growth Option - Direct Plan,HDFC Mutual Fund
14-06-2016,3216.69620,119092,HDFC Money Market Fund - Growth Option - Direct Plan,HDFC Mutual Fund
13-06-2016,3216.00850,119092,HDFC Money Market Fund - Growth Option - Direct Plan,HDFC Mutual Fund
12-06-2016,3215.33140,119092,HDFC Money Market Fund - Growth Option - Direct Plan,HDFC Mutual Fund
10-06-2016,3213.97640,119092,HDFC Money Market Fund - Growth Option - Direct Plan,HDFC Mutual Fund
09-06-2016,3213.28880,119092,HDFC Money Market Fund - Growth Option - Direct Plan,HDFC Mutual Fund
08-06-2016,3212.63840,119092,HDFC Money Market Fund - Growth Option - Direct Plan,HDFC Mutual Fund
07-06-2016,3211.94770,119092,HDFC Money Market Fund - Growth Option - Direct Plan,HDFC Mutual Fund
06-06-2016,3211.27000,119092,HDFC Money Market Fund - Growth Option - Direct Plan,HDFC Mutual Fund
05-06-2016,3210.54780,119092,HDFC Money Market Fund - Growth Option - Direct Plan,HDFC Mutual Fund
03-06-2016,3209.24800,119092,HDFC Money Market Fund - Growth Option - Direct Plan,HDFC Mutual Fund
02-06-2016,3208.57800,119092,HDFC Money Market Fund - Growth Option - Direct Plan,HDFC Mutual Fund
01-06-2016,3207.88520,119092,HDFC Money Market Fund - Growth Option - Direct Plan,HDFC Mutual Fund
31-05-2016,3207.18920,119092,HDFC Money Market Fund - Growth Option - Direct Plan,HDFC Mutual Fund
30-05-2016,3206.47000,119092,HDFC Money Market Fund - Growth Option - Direct Plan,HDFC Mutual Fund
29-05-2016,3205.81830,119092,HDFC Money Market Fund - Growth Option - Direct Plan,HDFC Mutual Fund
27-05-2016,3204.48250,119092,HDFC Money Market Fund - Growth Option - Direct Plan,HDFC Mutual Fund
26-05-2016,3203.81470,119092,HDFC Money Market Fund - Growth Option - Direct Plan,HDFC Mutual Fund
25-05-2016,3203.16760,119092,HDFC Money Market Fund - Growth Option - Direct Plan,HDFC Mutual Fund
24-05-2016,3202.48850,119092,HDFC Money Market Fund - Growth Option - Direct Plan,HDFC Mutual Fund
23-05-2016,3201.82200,119092,HDFC Money Market Fund - Growth Option - Direct Plan,HDFC Mutual Fund
22-05-2016,3201.14180,119092,HDFC Money Market Fund - Growth Option - Direct Plan,HDFC Mutual Fund
20-05-2016,3199.79750,119092,HDFC Money Market Fund - Growth Option - Direct Plan,HDFC Mutual Fund
19-05-2016,3199.08330,119092,HDFC Money Market Fund - Growth Option - Direct Plan,HDFC Mutual Fund
18-05-2016,3198.40110,119092,HDFC Money Market Fund - Growth Option - Direct Plan,HDFC Mutual Fund
17-05-2016,3197.69360,119092,HDFC Money Market Fund - Growth Option - Direct Plan,HDFC Mutual Fund
16-05-2016,3197.00990,119092,HDFC Money Market Fund - Growth Option - Direct Plan,HDFC Mutual Fund
15-05-2016,3196.31820,119092,HDFC Money Market Fund - Growth Option - Direct Plan,HDFC Mutual Fund
13-05-2016,3194.92800,119092,HDFC Money Market Fund - Growth Option - Direct Plan,HDFC Mutual Fund
12-05-2016,3194.24060,119092,HDFC Money Market Fund - Growth Option - Direct Plan,HDFC Mutual Fund
11-05-2016,3193.55080,119092,HDFC Money Market Fund - Growth Option - Direct Plan,HDFC Mutual Fund
10-05-2016,3192.86400,119092,HDFC Money Market Fund - Growth Option - Direct Plan,HDFC Mutual Fund
09-05-2016,3192.18550,119092,HDFC Money Market Fund - Growth Option - Direct Plan,HDFC Mutual Fund
08-05-2016,3191.50750,119092,HDFC Money Market Fund - Growth Option - Direct Plan,HDFC Mutual Fund
06-05-2016,3190.09270,119092,HDFC Money Market Fund - Growth Option - Direct Plan,HDFC Mutual Fund
05-05-2016,3189.40690,119092,HDFC Money Market Fund - Growth Option - Direct Plan,HDFC Mutual Fund
04-05-2016,3188.71630,119092,HDFC Money Market Fund - Growth Option - Direct Plan,HDFC Mutual Fund
03-05-2016,3188.02790,119092,HDFC Money Market Fund - Growth Option - Direct Plan,HDFC Mutual Fund
02-05-2016,3187.32800,119092,HDFC Money Market Fund - Growth Option - Direct Plan,HDFC Mutual Fund
01-05-2016,3186.62960,119092,HDFC Money Market Fund - Growth Option - Direct Plan,HDFC Mutual Fund
29-04-2016,3185.24100,119092,HDFC Money Market Fund - Growth Option - Direct Plan,HDFC Mutual Fund
28-04-2016,3184.55220,119092,HDFC Money Market Fund - Growth Option - Direct Plan,HDFC Mutual Fund
27-04-2016,3183.85240,119092,HDFC Money Market Fund - Growth Option - Direct Plan,HDFC Mutual Fund
26-04-2016,3183.16700,119092,HDFC Money Market Fund - Growth Option - Direct Plan,HDFC Mutual Fund
25-04-2016,3182.47590,119092,HDFC Money Market Fund - Growth Option - Direct Plan,HDFC Mutual Fund
24-04-2016,3181.79710,119092,HDFC Money Market Fund - Growth Option - Direct Plan,HDFC Mutual Fund
22-04-2016,3180.37910,119092,HDFC Money Market Fund - Growth Option - Direct Plan,HDFC Mutual Fund
21-04-2016,3179.67250,119092,HDFC Money Market Fund - Growth Option - Direct Plan,HDFC Mutual Fund
20-04-2016,3178.99370,119092,HDFC Money Market Fund - Growth Option - Direct Plan,HDFC Mutual Fund
19-04-2016,3178.29890,119092,HDFC Money Market Fund - Growth Option - Direct Plan,HDFC Mutual Fund
18-04-2016,3177.61090,119092,HDFC Money Market Fund - Growth Option - Direct Plan,HDFC Mutual Fund
17-04-2016,3176.92290,119092,HDFC Money Market Fund - Growth Option - Direct Plan,HDFC Mutual Fund
13-04-2016,3174.06090,119092,HDFC Money Market Fund - Growth Option - Direct Plan,HDFC Mutual Fund
12-04-2016,3173.34810,119092,HDFC Money Market Fund - Growth Option - Direct Plan,HDFC Mutual Fund
11-04-2016,3172.66880,119092,HDFC Money Market Fund - Growth Option - Direct Plan,HDFC Mutual Fund
10-04-2016,3171.92990,119092,HDFC Money Market Fund - Growth Option - Direct Plan,HDFC Mutual Fund
07-04-2016,3169.74820,119092,HDFC Money Market Fund - Growth Option - Direct Plan,HDFC Mutual Fund
06-04-2016,3169.00790,119092,HDFC Money Market Fund - Growth Option - Direct Plan,HDFC Mutual Fund
05-04-2016,3168.34160,119092,HDFC Money Market Fund - Growth Option - Direct Plan,HDFC Mutual Fund
04-04-2016,3167.51460,119092,HDFC Money Market Fund - Growth Option - Direct Plan,HDFC Mutual Fund
03-04-2016,3166.68930,119092,HDFC Money Market Fund - Growth Option - Direct Plan,HDFC Mutual Fund
31-03-2016,3163.97490,119092,HDFC Money Market Fund - Growth Option - Direct Plan,HDFC Mutual Fund
30-03-2016,3161.72790,119092,HDFC Money Market Fund - Growth Option - Direct Plan,HDFC Mutual Fund
29-03-2016,3160.74390,119092,HDFC Money Market Fund - Growth Option - Direct Plan,HDFC Mutual Fund
28-03-2016,3159.98470,119092,HDFC Money Market Fund - Growth Option - Direct Plan,HDFC Mutual Fund
27-03-2016,3159.35980,119092,HDFC Money Market Fund - Growth Option - Direct Plan,HDFC Mutual Fund
23-03-2016,3156.47260,119092,HDFC Money Market Fund - Growth Option - Direct Plan,HDFC Mutual Fund
22-03-2016,3155.99230,119092,HDFC Money Market Fund - Growth Option - Direct Plan,HDFC Mutual Fund
21-03-2016,3155.29120,119092,HDFC Money Market Fund - Growth Option - Direct Plan,HDFC Mutual Fund
20-03-2016,3154.57580,119092,HDFC Money Market Fund - Growth Option - Direct Plan,HDFC Mutual Fund
18-03-2016,3153.15280,119092,HDFC Money Market Fund - Growth Option - Direct Plan,HDFC Mutual Fund
17-03-2016,3152.40930,119092,HDFC Money Market Fund - Growth Option - Direct Plan,HDFC Mutual Fund
16-03-2016,3151.67480,119092,HDFC Money Market Fund - Growth Option - Direct Plan,HDFC Mutual Fund
15-03-2016,3150.96350,119092,HDFC Money Market Fund - Growth Option - Direct Plan,HDFC Mutual Fund
14-03-2016,3150.22270,119092,HDFC Money Market Fund - Growth Option - Direct Plan,HDFC Mutual Fund
13-03-2016,3149.40170,119092,HDFC Money Market Fund - Growth Option - Direct Plan,HDFC Mutual Fund
11-03-2016,3147.97840,119092,HDFC Money Market Fund - Growth Option - Direct Plan,HDFC Mutual Fund
10-03-2016,3147.25840,119092,HDFC Money Market Fund - Growth Option - Direct Plan,HDFC Mutual Fund
09-03-2016,3146.60360,119092,HDFC Money Market Fund - Growth Option - Direct Plan,HDFC Mutual Fund
08-03-2016,3145.92210,119092,HDFC Money Market Fund - Growth Option - Direct Plan,HDFC Mutual Fund
07-03-2016,3145.28050,119092,HDFC Money Market Fund - Growth Option - Direct Plan,HDFC Mutual Fund
04-03-2016,3143.22080,119092,HDFC Money Market Fund - Growth Option - Direct Plan,HDFC Mutual Fund
03-03-2016,3142.55770,119092,HDFC Money Market Fund - Growth Option - Direct Plan,HDFC Mutual Fund
02-03-2016,3141.87210,119092,HDFC Money Market Fund - Growth Option - Direct Plan,HDFC Mutual Fund
01-03-2016,3141.16790,119092,HDFC Money Market Fund - Growth Option - Direct Plan,HDFC Mutual Fund
29-02-2016,3140.46910,119092,HDFC Money Market Fund - Growth Option - Direct Plan,HDFC Mutual Fund
28-02-2016,3139.75740,119092,HDFC Money Market Fund - Growth Option - Direct Plan,HDFC Mutual Fund
26-02-2016,3138.39210,119092,HDFC Money Market Fund - Growth Option - Direct Plan,HDFC Mutual Fund
25-02-2016,3137.78350,119092,HDFC Money Market Fund - Growth Option - Direct Plan,HDFC Mutual Fund
24-02-2016,3137.16090,119092,HDFC Money Market Fund - Growth Option - Direct Plan,HDFC Mutual Fund
23-02-2016,3136.53310,119092,HDFC Money Market Fund - Growth Option - Direct Plan,HDFC Mutual Fund
22-02-2016,3135.89170,119092,HDFC Money Market Fund - Growth Option - Direct Plan,HDFC Mutual Fund
21-02-2016,3135.23880,119092,HDFC Money Market Fund - Growth Option - Direct Plan,HDFC Mutual Fund
18-02-2016,3133.21120,119092,HDFC Money Market Fund - Growth Option - Direct Plan,HDFC Mutual Fund
17-02-2016,3132.58460,119092,HDFC Money Market Fund - Growth Option - Direct Plan,HDFC Mutual Fund
16-02-2016,3131.92760,119092,HDFC Money Market Fund - Growth Option - Direct Plan,HDFC Mutual Fund
15-02-2016,3131.26980,119092,HDFC Money Market Fund - Growth Option - Direct Plan,HDFC Mutual Fund
14-02-2016,3130.61520,119092,HDFC Money Market Fund - Growth Option - Direct Plan,HDFC Mutual Fund
12-02-2016,3129.28840,119092,HDFC Money Market Fund - Growth Option - Direct Plan,HDFC Mutual Fund
11-02-2016,3128.61960,119092,HDFC Money Market Fund - Growth Option - Direct Plan,HDFC Mutual Fund
10-02-2016,3127.96450,119092,HDFC Money Market Fund - Growth Option - Direct Plan,HDFC Mutual Fund
09-02-2016,3127.29830,119092,HDFC Money Market Fund - Growth Option - Direct Plan,HDFC Mutual Fund
08-02-2016,3126.62690,119092,HDFC Money Market Fund - Growth Option - Direct Plan,HDFC Mutual Fund
07-02-2016,3125.97410,119092,HDFC Money Market Fund - Growth Option - Direct Plan,HDFC Mutual Fund
05-02-2016,3124.61540,119092,HDFC Money Market Fund - Growth Option - Direct Plan,HDFC Mutual Fund
04-02-2016,3124.01790,119092,HDFC Money Market Fund - Growth Option - Direct Plan,HDFC Mutual Fund
03-02-2016,3123.37970,119092,HDFC Money Market Fund - Growth Option - Direct Plan,HDFC Mutual Fund
02-02-2016,3122.74470,119092,HDFC Money Market Fund - Growth Option - Direct Plan,HDFC Mutual Fund
01-02-2016,3122.10560,119092,HDFC Money Market Fund - Growth Option - Direct Plan,HDFC Mutual Fund
31-01-2016,3121.46240,119092,HDFC Money Market Fund - Growth Option - Direct Plan,HDFC Mutual Fund
29-01-2016,3120.16050,119092,HDFC Money Market Fund - Growth Option - Direct Plan,HDFC Mutual Fund
28-01-2016,3119.52840,119092,HDFC Money Market Fund - Growth Option - Direct Plan,HDFC Mutual Fund
27-01-2016,3118.88940,119092,HDFC Money Market Fund - Growth Option - Direct Plan,HDFC Mutual Fund
26-01-2016,3118.25750,119092,HDFC Money Market Fund - Growth Option - Direct Plan,HDFC Mutual Fund
25-01-2016,3117.61200,119092,HDFC Money Market Fund - Growth Option - Direct Plan,HDFC Mutual Fund
24-01-2016,3116.99440,119092,HDFC Money Market Fund - Growth Option - Direct Plan,HDFC Mutual Fund
22-01-2016,3115.71750,119092,HDFC Money Market Fund - Growth Option - Direct Plan,HDFC Mutual Fund
21-01-2016,3115.08460,119092,HDFC Money Market Fund - Growth Option - Direct Plan,HDFC Mutual Fund
20-01-2016,3114.46130,119092,HDFC Money Market Fund - Growth Option - Direct Plan,HDFC Mutual Fund
19-01-2016,3113.82480,119092,HDFC Money Market Fund - Growth Option - Direct Plan,HDFC Mutual Fund
18-01-2016,3113.21470,119092,HDFC Money Market Fund - Growth Option - Direct Plan,HDFC Mutual Fund
17-01-2016,3112.58580,119092,HDFC Money Market Fund - Growth Option - Direct Plan,HDFC Mutual Fund
15-01-2016,3111.29110,119092,HDFC Money Market Fund - Growth Option - Direct Plan,HDFC Mutual Fund
14-01-2016,3110.64990,119092,HDFC Money Market Fund - Growth Option - Direct Plan,HDFC Mutual Fund
13-01-2016,3110.01700,119092,HDFC Money Market Fund - Growth Option - Direct Plan,HDFC Mutual Fund
12-01-2016,3109.37680,119092,HDFC Money Market Fund - Growth Option - Direct Plan,HDFC Mutual Fund
11-01-2016,3108.74840,119092,HDFC Money Market Fund - Growth Option - Direct Plan,HDFC Mutual Fund
10-01-2016,3108.11520,119092,HDFC Money Market Fund - Growth Option - Direct Plan,HDFC Mutual Fund
08-01-2016,3106.82930,119092,HDFC Money Market Fund - Growth Option - Direct Plan,HDFC Mutual Fund
07-01-2016,3106.18470,119092,HDFC Money Market Fund - Growth Option - Direct Plan,HDFC Mutual Fund
06-01-2016,3105.54550,119092,HDFC Money Market Fund - Growth Option - Direct Plan,HDFC Mutual Fund
05-01-2016,3104.87510,119092,HDFC Money Market Fund - Growth Option - Direct Plan,HDFC Mutual Fund
04-01-2016,3104.22500,119092,HDFC Money Market Fund - Growth Option - Direct Plan,HDFC Mutual Fund
03-01-2016,3103.59540,119092,HDFC Money Market Fund - Growth Option - Direct Plan,HDFC Mutual Fund
01-01-2016,3102.38380,119092,HDFC Money Market Fund - Growth Option - Direct Plan,HDFC Mutual Fund
31-12-2015,3101.69250,119092,HDFC Money Market Fund - Growth Option - Direct Plan,HDFC Mutual Fund
30-12-2015,3100.90720,119092,HDFC Money Market Fund - Growth Option - Direct Plan,HDFC Mutual Fund
29-12-2015,3100.26400,119092,HDFC Money Market Fund - Growth Option - Direct Plan,HDFC Mutual Fund
28-12-2015,3099.62210,119092,HDFC Money Market Fund - Growth Option - Direct Plan,HDFC Mutual Fund
27-12-2015,3098.99650,119092,HDFC Money Market Fund - Growth Option - Direct Plan,HDFC Mutual Fund
23-12-2015,3096.39370,119092,HDFC Money Market Fund - Growth Option - Direct Plan,HDFC Mutual Fund
22-12-2015,3095.74070,119092,HDFC Money Market Fund - Growth Option - Direct Plan,HDFC Mutual Fund
21-12-2015,3095.10290,119092,HDFC Money Market Fund - Growth Option - Direct Plan,HDFC Mutual Fund
20-12-2015,3094.46180,119092,HDFC Money Market Fund - Growth Option - Direct Plan,HDFC Mutual Fund
18-12-2015,3093.15130,119092,HDFC Money Market Fund - Growth Option - Direct Plan,HDFC Mutual Fund
17-12-2015,3092.50230,119092,HDFC Money Market Fund - Growth Option - Direct Plan,HDFC Mutual Fund
16-12-2015,3091.87070,119092,HDFC Money Market Fund - Growth Option - Direct Plan,HDFC Mutual Fund
15-12-2015,3091.23490,119092,HDFC Money Market Fund - Growth Option - Direct Plan,HDFC Mutual Fund
14-12-2015,3090.57920,119092,HDFC Money Market Fund - Growth Option - Direct Plan,HDFC Mutual Fund
13-12-2015,3089.97340,119092,HDFC Money Market Fund - Growth Option - Direct Plan,HDFC Mutual Fund
11-12-2015,3088.69270,119092,HDFC Money Market Fund - Growth Option - Direct Plan,HDFC Mutual Fund
10-12-2015,3088.08130,119092,HDFC Money Market Fund - Growth Option - Direct Plan,HDFC Mutual Fund
09-12-2015,3087.47360,119092,HDFC Money Market Fund - Growth Option - Direct Plan,HDFC Mutual Fund
08-12-2015,3086.87120,119092,HDFC Money Market Fund - Growth Option - Direct Plan,HDFC Mutual Fund
07-12-2015,3086.25560,119092,HDFC Money Market Fund - Growth Option - Direct Plan,HDFC Mutual Fund
06-12-2015,3085.64650,119092,HDFC Money Market Fund - Growth Option - Direct Plan,HDFC Mutual Fund
04-12-2015,3084.38770,119092,HDFC Money Market Fund - Growth Option - Direct Plan,HDFC Mutual Fund
03-12-2015,3083.76810,119092,HDFC Money Market Fund - Growth Option - Direct Plan,HDFC Mutual Fund
02-12-2015,3083.15250,119092,HDFC Money Market Fund - Growth Option - Direct Plan,HDFC Mutual Fund
01-12-2015,3082.53880,119092,HDFC Money Market Fund - Growth Option - Direct Plan,HDFC Mutual Fund
30-11-2015,3081.93300,119092,HDFC Money Market Fund - Growth Option - Direct Plan,HDFC Mutual Fund
29-11-2015,3081.32290,119092,HDFC Money Market Fund - Growth Option - Direct Plan,HDFC Mutual Fund
27-11-2015,3080.13700,119092,HDFC Money Market Fund - Growth Option - Direct Plan,HDFC Mutual Fund
26-11-2015,3079.50450,119092,HDFC Money Market Fund - Growth Option - Direct Plan,HDFC Mutual Fund
25-11-2015,3078.86590,119092,HDFC Money Market Fund - Growth Option - Direct Plan,HDFC Mutual Fund
24-11-2015,3078.21890,119092,HDFC Money Market Fund - Growth Option - Direct Plan,HDFC Mutual Fund
23-11-2015,3077.59690,119092,HDFC Money Market Fund - Growth Option - Direct Plan,HDFC Mutual Fund
22-11-2015,3076.98200,119092,HDFC Money Market Fund - Growth Option - Direct Plan,HDFC Mutual Fund
20-11-2015,3075.68720,119092,HDFC Money Market Fund - Growth Option - Direct Plan,HDFC Mutual Fund
19-11-2015,3075.13280,119092,HDFC Money Market Fund - Growth Option - Direct Plan,HDFC Mutual Fund
18-11-2015,3074.50850,119092,HDFC Money Market Fund - Growth Option - Direct Plan,HDFC Mutual Fund
17-11-2015,3073.89010,119092,HDFC Money Market Fund - Growth Option - Direct Plan,HDFC Mutual Fund
16-11-2015,3073.25850,119092,HDFC Money Market Fund - Growth Option - Direct Plan,HDFC Mutual Fund
15-11-2015,3072.63550,119092,HDFC Money Market Fund - Growth Option - Direct Plan,HDFC Mutual Fund
13-11-2015,3071.36420,119092,HDFC Money Market Fund - Growth Option - Direct Plan,HDFC Mutual Fund
12-11-2015,3070.72430,119092,HDFC Money Market Fund - Growth Option - Direct Plan,HDFC Mutual Fund
10-11-2015,3069.47600,119092,HDFC Money Market Fund - Growth Option - Direct Plan,HDFC Mutual Fund
09-11-2015,3068.83750,119092,HDFC Money Market Fund - Growth Option - Direct Plan,HDFC Mutual Fund
08-11-2015,3068.21490,119092,HDFC Money Market Fund - Growth Option - Direct Plan,HDFC Mutual Fund
06-11-2015,3066.93140,119092,HDFC Money Market Fund - Growth Option - Direct Plan,HDFC Mutual Fund
05-11-2015,3066.28830,119092,HDFC Money Market Fund - Growth Option - Direct Plan,HDFC Mutual Fund
04-11-2015,3065.66460,119092,HDFC Money Market Fund - Growth Option - Direct Plan,HDFC Mutual Fund
03-11-2015,3065.04680,119092,HDFC Money Market Fund - Growth Option - Direct Plan,HDFC Mutual Fund
02-11-2015,3064.42800,119092,HDFC Money Market Fund - Growth Option - Direct Plan,HDFC Mutual Fund
01-11-2015,3063.81070,119092,HDFC Money Market Fund - Growth Option - Direct Plan,HDFC Mutual Fund
30-10-2015,3062.52040,119092,HDFC Money Market Fund - Growth Option - Direct Plan,HDFC Mutual Fund
29-10-2015,3061.87100,119092,HDFC Money Market Fund - Growth Option - Direct Plan,HDFC Mutual Fund
28-10-2015,3061.25130,119092,HDFC Money Market Fund - Growth Option - Direct Plan,HDFC Mutual Fund
27-10-2015,3060.61230,119092,HDFC Money Market Fund - Growth Option - Direct Plan,HDFC Mutual Fund
26-10-2015,3059.99190,119092,HDFC Money Market Fund - Growth Option - Direct Plan,HDFC Mutual Fund
25-10-2015,3059.34990,119092,HDFC Money Market Fund - Growth Option - Direct Plan,HDFC Mutual Fund
23-10-2015,3058.10400,119092,HDFC Money Market Fund - Growth Option - Direct Plan,HDFC Mutual Fund
22-10-2015,3057.48030,119092,HDFC Money Market Fund - Growth Option - Direct Plan,HDFC Mutual Fund
21-10-2015,3056.83800,119092,HDFC Money Market Fund - Growth Option - Direct Plan,HDFC Mutual Fund
20-10-2015,3056.19570,119092,HDFC Money Market Fund - Growth Option - Direct Plan,HDFC Mutual Fund
19-10-2015,3055.57200,119092,HDFC Money Market Fund - Growth Option - Direct Plan,HDFC Mutual Fund
18-10-2015,3054.95080,119092,HDFC Money Market Fund - Growth Option - Direct Plan,HDFC Mutual Fund
16-10-2015,3053.66830,119092,HDFC Money Market Fund - Growth Option - Direct Plan,HDFC Mutual Fund
15-10-2015,3053.02720,119092,HDFC Money Market Fund - Growth Option - Direct Plan,HDFC Mutual Fund
14-10-2015,3052.40500,119092,HDFC Money Market Fund - Growth Option - Direct Plan,HDFC Mutual Fund
13-10-2015,3051.77630,119092,HDFC Money Market Fund - Growth Option - Direct Plan,HDFC Mutual Fund
12-10-2015,3051.15260,119092,HDFC Money Market Fund - Growth Option - Direct Plan,HDFC Mutual Fund
11-10-2015,3050.52470,119092,HDFC Money Market Fund - Growth Option - Direct Plan,HDFC Mutual Fund
09-10-2015,3049.25650,119092,HDFC Money Market Fund - Growth Option - Direct Plan,HDFC Mutual Fund
08-10-2015,3048.61090,119092,HDFC Money Market Fund - Growth Option - Direct Plan,HDFC Mutual Fund
07-10-2015,3047.98110,119092,HDFC Money Market Fund - Growth Option - Direct Plan,HDFC Mutual Fund
06-10-2015,3047.34800,119092,HDFC Money Market Fund - Growth Option - Direct Plan,HDFC Mutual Fund
05-10-2015,3046.71710,119092,HDFC Money Market Fund - Growth Option - Direct Plan,HDFC Mutual Fund
04-10-2015,3046.08150,119092,HDFC Money Market Fund - Growth Option - Direct Plan,HDFC Mutual Fund
01-10-2015,3044.11520,119092,HDFC Money Market Fund - Growth Option - Direct Plan,HDFC Mutual Fund
30-09-2015,3043.44430,119092,HDFC Money Market Fund - Growth Option - Direct Plan,HDFC Mutual Fund
29-09-2015,3042.67180,119092,HDFC Money Market Fund - Growth Option - Direct Plan,HDFC Mutual Fund
28-09-2015,3041.80500,119092,HDFC Money Market Fund - Growth Option - Direct Plan,HDFC Mutual Fund
27-09-2015,3041.16590,119092,HDFC Money Market Fund - Growth Option - Direct Plan,HDFC Mutual Fund
24-09-2015,3039.22210,119092,HDFC Money Market Fund - Growth Option - Direct Plan,HDFC Mutual Fund
23-09-2015,3038.59200,119092,HDFC Money Market Fund - Growth Option - Direct Plan,HDFC Mutual Fund
22-09-2015,3037.96140,119092,HDFC Money Market Fund - Growth Option - Direct Plan,HDFC Mutual Fund
21-09-2015,3037.33160,119092,HDFC Money Market Fund - Growth Option - Direct Plan,HDFC Mutual Fund
20-09-2015,3036.69630,119092,HDFC Money Market Fund - Growth Option - Direct Plan,HDFC Mutual Fund
18-09-2015,3035.41120,119092,HDFC Money Market Fund - Growth Option - Direct Plan,HDFC Mutual Fund
17-09-2015,3034.76690,119092,HDFC Money Market Fund - Growth Option - Direct Plan,HDFC Mutual Fund
16-09-2015,3034.14440,119092,HDFC Money Market Fund - Growth Option - Direct Plan,HDFC Mutual Fund
15-09-2015,3033.52290,119092,HDFC Money Market Fund - Growth Option - Direct Plan,HDFC Mutual Fund
14-09-2015,3032.89140,119092,HDFC Money Market Fund - Growth Option - Direct Plan,HDFC Mutual Fund
13-09-2015,3032.26990,119092,HDFC Money Market Fund - Growth Option - Direct Plan,HDFC Mutual Fund
11-09-2015,3030.97230,119092,HDFC Money Market Fund - Growth Option - Direct Plan,HDFC Mutual Fund
10-09-2015,3030.37530,119092,HDFC Money Market Fund - Growth Option - Direct Plan,HDFC Mutual Fund
09-09-2015,3029.77920,119092,HDFC Money Market Fund - Growth Option - Direct Plan,HDFC Mutual Fund
08-09-2015,3029.15600,119092,HDFC Money Market Fund - Growth Option - Direct Plan,HDFC Mutual Fund
07-09-2015,3028.53490,119092,HDFC Money Market Fund - Growth Option - Direct Plan,HDFC Mutual Fund
06-09-2015,3027.90990,119092,HDFC Money Market Fund - Growth Option - Direct Plan,HDFC Mutual Fund
04-09-2015,3026.59830,119092,HDFC Money Market Fund - Growth Option - Direct Plan,HDFC Mutual Fund
03-09-2015,3025.97350,119092,HDFC Money Market Fund - Growth Option - Direct Plan,HDFC Mutual Fund
02-09-2015,3025.34610,119092,HDFC Money Market Fund - Growth Option - Direct Plan,HDFC Mutual Fund
01-09-2015,3024.72170,119092,HDFC Money Market Fund - Growth Option - Direct Plan,HDFC Mutual Fund
31-08-2015,3024.09400,119092,HDFC Money Market Fund - Growth Option - Direct Plan,HDFC Mutual Fund
30-08-2015,3023.47000,119092,HDFC Money Market Fund - Growth Option - Direct Plan,HDFC Mutual Fund
28-08-2015,30.22190,119092,HDFC Money Market Fund - Growth Option - Direct Plan,HDFC Mutual Fund
27-08-2015,30.21560,119092,HDFC Money Market Fund - Growth Option - Direct Plan,HDFC Mutual Fund
26-08-2015,30.20930,119092,HDFC Money Market Fund - Growth Option - Direct Plan,HDFC Mutual Fund
25-08-2015,30.20300,119092,HDFC Money Market Fund - Growth Option - Direct Plan,HDFC Mutual Fund
24-08-2015,30.19670,119092,HDFC Money Market Fund - Growth Option - Direct Plan,HDFC Mutual Fund
23-08-2015,30.19050,119092,HDFC Money Market Fund - Growth Option - Direct Plan,HDFC Mutual Fund
21-08-2015,30.17770,119092,HDFC Money Market Fund - Growth Option - Direct Plan,HDFC Mutual Fund
20-08-2015,30.17120,119092,HDFC Money Market Fund - Growth Option - Direct Plan,HDFC Mutual Fund
19-08-2015,30.16490,119092,HDFC Money Market Fund - Growth Option - Direct Plan,HDFC Mutual Fund
18-08-2015,30.15870,119092,HDFC Money Market Fund - Growth Option - Direct Plan,HDFC Mutual Fund
17-08-2015,30.15240,119092,HDFC Money Market Fund - Growth Option - Direct Plan,HDFC Mutual Fund
16-08-2015,30.14630,119092,HDFC Money Market Fund - Growth Option - Direct Plan,HDFC Mutual Fund
14-08-2015,30.13320,119092,HDFC Money Market Fund - Growth Option - Direct Plan,HDFC Mutual Fund
13-08-2015,30.12670,119092,HDFC Money Market Fund - Growth Option - Direct Plan,HDFC Mutual Fund
12-08-2015,30.12040,119092,HDFC Money Market Fund - Growth Option - Direct Plan,HDFC Mutual Fund
11-08-2015,30.11390,119092,HDFC Money Market Fund - Growth Option - Direct Plan,HDFC Mutual Fund
10-08-2015,30.10760,119092,HDFC Money Market Fund - Growth Option - Direct Plan,HDFC Mutual Fund
09-08-2015,30.10110,119092,HDFC Money Market Fund - Growth Option - Direct Plan,HDFC Mutual Fund
07-08-2015,30.08790,119092,HDFC Money Market Fund - Growth Option - Direct Plan,HDFC Mutual Fund
06-08-2015,30.08130,119092,HDFC Money Market Fund - Growth Option - Direct Plan,HDFC Mutual Fund
05-08-2015,30.07500,119092,HDFC Money Market Fund - Growth Option - Direct Plan,HDFC Mutual Fund
04-08-2015,30.06850,119092,HDFC Money Market Fund - Growth Option - Direct Plan,HDFC Mutual Fund
03-08-2015,30.06200,119092,HDFC Money Market Fund - Growth Option - Direct Plan,HDFC Mutual Fund
02-08-2015,30.05560,119092,HDFC Money Market Fund - Growth Option - Direct Plan,HDFC Mutual Fund
31-07-2015,30.04250,119092,HDFC Money Market Fund - Growth Option - Direct Plan,HDFC Mutual Fund
30-07-2015,30.03610,119092,HDFC Money Market Fund - Growth Option - Direct Plan,HDFC Mutual Fund
29-07-2015,30.02960,119092,HDFC Money Market Fund - Growth Option - Direct Plan,HDFC Mutual Fund
28-07-2015,30.02310,119092,HDFC Money Market Fund - Growth Option - Direct Plan,HDFC Mutual Fund
27-07-2015,30.01660,119092,HDFC Money Market Fund - Growth Option - Direct Plan,HDFC Mutual Fund
26-07-2015,30.01020,119092,HDFC Money Market Fund - Growth Option - Direct Plan,HDFC Mutual Fund
24-07-2015,29.99700,119092,HDFC Money Market Fund - Growth Option - Direct Plan,HDFC Mutual Fund
23-07-2015,29.99040,119092,HDFC Money Market Fund - Growth Option - Direct Plan,HDFC Mutual Fund
22-07-2015,29.98390,119092,HDFC Money Market Fund - Growth Option - Direct Plan,HDFC Mutual Fund
21-07-2015,29.97740,119092,HDFC Money Market Fund - Growth Option - Direct Plan,HDFC Mutual Fund
20-07-2015,29.97080,119092,HDFC Money Market Fund - Growth Option - Direct Plan,HDFC Mutual Fund
19-07-2015,29.96430,119092,HDFC Money Market Fund - Growth Option - Direct Plan,HDFC Mutual Fund
17-07-2015,29.95110,119092,HDFC Money Market Fund - Growth Option - Direct Plan,HDFC Mutual Fund
16-07-2015,29.94450,119092,HDFC Money Market Fund - Growth Option - Direct Plan,HDFC Mutual Fund
15-07-2015,29.93800,119092,HDFC Money Market Fund - Growth Option - Direct Plan,HDFC Mutual Fund
14-07-2015,29.93150,119092,HDFC Money Market Fund - Growth Option - Direct Plan,HDFC Mutual Fund
13-07-2015,29.92490,119092,HDFC Money Market Fund - Growth Option - Direct Plan,HDFC Mutual Fund
12-07-2015,29.91840,119092,HDFC Money Market Fund - Growth Option - Direct Plan,HDFC Mutual Fund
10-07-2015,29.90520,119092,HDFC Money Market Fund - Growth Option - Direct Plan,HDFC Mutual Fund
09-07-2015,29.89860,119092,HDFC Money Market Fund - Growth Option - Direct Plan,HDFC Mutual Fund
08-07-2015,29.89210,119092,HDFC Money Market Fund - Growth Option - Direct Plan,HDFC Mutual Fund
07-07-2015,29.88560,119092,HDFC Money Market Fund - Growth Option - Direct Plan,HDFC Mutual Fund
06-07-2015,29.87910,119092,HDFC Money Market Fund - Growth Option - Direct Plan,HDFC Mutual Fund
05-07-2015,29.87240,119092,HDFC Money Market Fund - Growth Option - Direct Plan,HDFC Mutual Fund
03-07-2015,29.85950,119092,HDFC Money Market Fund - Growth Option - Direct Plan,HDFC Mutual Fund
02-07-2015,29.85280,119092,HDFC Money Market Fund - Growth Option - Direct Plan,HDFC Mutual Fund
01-07-2015,29.84620,119092,HDFC Money Market Fund - Growth Option - Direct Plan,HDFC Mutual Fund
30-06-2015,29.83960,119092,HDFC Money Market Fund - Growth Option - Direct Plan,HDFC Mutual Fund
29-06-2015,29.83170,119092,HDFC Money Market Fund - Growth Option - Direct Plan,HDFC Mutual Fund
28-06-2015,29.82510,119092,HDFC Money Market Fund - Growth Option - Direct Plan,HDFC Mutual Fund
26-06-2015,29.81210,119092,HDFC Money Market Fund - Growth Option - Direct Plan,HDFC Mutual Fund
25-06-2015,29.80540,119092,HDFC Money Market Fund - Growth Option - Direct Plan,HDFC Mutual Fund
24-06-2015,29.79890,119092,HDFC Money Market Fund - Growth Option - Direct Plan,HDFC Mutual Fund
23-06-2015,29.79230,119092,HDFC Money Market Fund - Growth Option - Direct Plan,HDFC Mutual Fund
22-06-2015,29.78580,119092,HDFC Money Market Fund - Growth Option - Direct Plan,HDFC Mutual Fund
21-06-2015,29.77930,119092,HDFC Money Market Fund - Growth Option - Direct Plan,HDFC Mutual Fund
19-06-2015,29.76640,119092,HDFC Money Market Fund - Growth Option - Direct Plan,HDFC Mutual Fund
18-06-2015,29.75970,119092,HDFC Money Market Fund - Growth Option - Direct Plan,HDFC Mutual Fund
17-06-2015,29.75320,119092,HDFC Money Market Fund - Growth Option - Direct Plan,HDFC Mutual Fund
16-06-2015,29.74660,119092,HDFC Money Market Fund - Growth Option - Direct Plan,HDFC Mutual Fund
15-06-2015,29.74010,119092,HDFC Money Market Fund - Growth Option - Direct Plan,HDFC Mutual Fund
14-06-2015,29.73360,119092,HDFC Money Market Fund - Growth Option - Direct Plan,HDFC Mutual Fund
12-06-2015,29.72030,119092,HDFC Money Market Fund - Growth Option - Direct Plan,HDFC Mutual Fund
11-06-2015,29.71370,119092,HDFC Money Market Fund - Growth Option - Direct Plan,HDFC Mutual Fund
10-06-2015,29.70710,119092,HDFC Money Market Fund - Growth Option - Direct Plan,HDFC Mutual Fund
09-06-2015,29.70040,119092,HDFC Money Market Fund - Growth Option - Direct Plan,HDFC Mutual Fund
08-06-2015,29.69370,119092,HDFC Money Market Fund - Growth Option - Direct Plan,HDFC Mutual Fund
07-06-2015,29.68710,119092,HDFC Money Market Fund - Growth Option - Direct Plan,HDFC Mutual Fund
05-06-2015,29.67390,119092,HDFC Money Market Fund - Growth Option - Direct Plan,HDFC Mutual Fund
04-06-2015,29.66730,119092,HDFC Money Market Fund - Growth Option - Direct Plan,HDFC Mutual Fund
03-06-2015,29.66050,119092,HDFC Money Market Fund - Growth Option - Direct Plan,HDFC Mutual Fund
02-06-2015,29.65370,119092,HDFC Money Market Fund - Growth Option - Direct Plan,HDFC Mutual Fund
01-06-2015,29.64700,119092,HDFC Money Market Fund - Growth Option - Direct Plan,HDFC Mutual Fund
31-05-2015,29.64000,119092,HDFC Money Market Fund - Growth Option - Direct Plan,HDFC Mutual Fund
29-05-2015,29.62690,119092,HDFC Money Market Fund - Growth Option - Direct Plan,HDFC Mutual Fund
28-05-2015,29.61990,119092,HDFC Money Market Fund - Growth Option - Direct Plan,HDFC Mutual Fund
27-05-2015,29.61310,119092,HDFC Money Market Fund - Growth Option - Direct Plan,HDFC Mutual Fund
26-05-2015,29.60630,119092,HDFC Money Market Fund - Growth Option - Direct Plan,HDFC Mutual Fund
25-05-2015,29.59940,119092,HDFC Money Market Fund - Growth Option - Direct Plan,HDFC Mutual Fund
24-05-2015,29.59250,119092,HDFC Money Market Fund - Growth Option - Direct Plan,HDFC Mutual Fund
22-05-2015,29.57940,119092,HDFC Money Market Fund - Growth Option - Direct Plan,HDFC Mutual Fund
21-05-2015,29.57260,119092,HDFC Money Market Fund - Growth Option - Direct Plan,HDFC Mutual Fund
20-05-2015,29.56550,119092,HDFC Money Market Fund - Growth Option - Direct Plan,HDFC Mutual Fund
19-05-2015,29.55880,119092,HDFC Money Market Fund - Growth Option - Direct Plan,HDFC Mutual Fund
18-05-2015,29.55190,119092,HDFC Money Market Fund - Growth Option - Direct Plan,HDFC Mutual Fund
17-05-2015,29.54480,119092,HDFC Money Market Fund - Growth Option - Direct Plan,HDFC Mutual Fund
15-05-2015,29.53100,119092,HDFC Money Market Fund - Growth Option - Direct Plan,HDFC Mutual Fund
14-05-2015,29.52430,119092,HDFC Money Market Fund - Growth Option - Direct Plan,HDFC Mutual Fund
13-05-2015,29.51740,119092,HDFC Money Market Fund - Growth Option - Direct Plan,HDFC Mutual Fund
12-05-2015,29.51060,119092,HDFC Money Market Fund - Growth Option - Direct Plan,HDFC Mutual Fund
11-05-2015,29.50380,119092,HDFC Money Market Fund - Growth Option - Direct Plan,HDFC Mutual Fund
10-05-2015,29.49700,119092,HDFC Money Market Fund - Growth Option - Direct Plan,HDFC Mutual Fund
08-05-2015,29.48350,119092,HDFC Money Market Fund - Growth Option - Direct Plan,HDFC Mutual Fund
07-05-2015,29.47680,119092,HDFC Money Market Fund - Growth Option - Direct Plan,HDFC Mutual Fund
06-05-2015,29.47020,119092,HDFC Money Market Fund - Growth Option - Direct Plan,HDFC Mutual Fund
05-05-2015,29.46350,119092,HDFC Money Market Fund - Growth Option - Direct Plan,HDFC Mutual Fund
04-05-2015,29.45690,119092,HDFC Money Market Fund - Growth Option - Direct Plan,HDFC Mutual Fund
30-04-2015,29.42940,119092,HDFC Money Market Fund - Growth Option - Direct Plan,HDFC Mutual Fund
29-04-2015,29.42270,119092,HDFC Money Market Fund - Growth Option - Direct Plan,HDFC Mutual Fund
28-04-2015,29.41580,119092,HDFC Money Market Fund - Growth Option - Direct Plan,HDFC Mutual Fund
27-04-2015,29.40900,119092,HDFC Money Market Fund - Growth Option - Direct Plan,HDFC Mutual Fund
26-04-2015,29.40230,119092,HDFC Money Market Fund - Growth Option - Direct Plan,HDFC Mutual Fund
24-04-2015,29.38870,119092,HDFC Money Market Fund - Growth Option - Direct Plan,HDFC Mutual Fund
23-04-2015,29.38190,119092,HDFC Money Market Fund - Growth Option - Direct Plan,HDFC Mutual Fund
22-04-2015,29.37510,119092,HDFC Money Market Fund - Growth Option - Direct Plan,HDFC Mutual Fund
21-04-2015,29.36840,119092,HDFC Money Market Fund - Growth Option - Direct Plan,HDFC Mutual Fund
20-04-2015,29.36160,119092,HDFC Money Market Fund - Growth Option - Direct Plan,HDFC Mutual Fund
19-04-2015,29.35480,119092,HDFC Money Market Fund - Growth Option - Direct Plan,HDFC Mutual Fund
17-04-2015,29.34110,119092,HDFC Money Market Fund - Growth Option - Direct Plan,HDFC Mutual Fund
16-04-2015,29.33430,119092,HDFC Money Market Fund - Growth Option - Direct Plan,HDFC Mutual Fund
15-04-2015,29.32760,119092,HDFC Money Market Fund - Growth Option - Direct Plan,HDFC Mutual Fund
14-04-2015,29.32080,119092,HDFC Money Market Fund - Growth Option - Direct Plan,HDFC Mutual Fund
13-04-2015,29.31400,119092,HDFC Money Market Fund - Growth Option - Direct Plan,HDFC Mutual Fund
12-04-2015,29.30730,119092,HDFC Money Market Fund - Growth Option - Direct Plan,HDFC Mutual Fund
10-04-2015,29.29360,119092,HDFC Money Market Fund - Growth Option - Direct Plan,HDFC Mutual Fund
09-04-2015,29.28710,119092,HDFC Money Market Fund - Growth Option - Direct Plan,HDFC Mutual Fund
08-04-2015,29.28010,119092,HDFC Money Market Fund - Growth Option - Direct Plan,HDFC Mutual Fund
07-04-2015,29.27350,119092,HDFC Money Market Fund - Growth Option - Direct Plan,HDFC Mutual Fund
06-04-2015,29.26650,119092,HDFC Money Market Fund - Growth Option - Direct Plan,HDFC Mutual Fund
05-04-2015,29.25880,119092,HDFC Money Market Fund - Growth Option - Direct Plan,HDFC Mutual Fund
31-03-2015,29.21910,119092,HDFC Money Market Fund - Growth Option - Direct Plan,HDFC Mutual Fund
30-03-2015,29.20560,119092,HDFC Money Market Fund - Growth Option - Direct Plan,HDFC Mutual Fund
29-03-2015,29.19780,119092,HDFC Money Market Fund - Growth Option - Direct Plan,HDFC Mutual Fund
27-03-2015,29.18380,119092,HDFC Money Market Fund - Growth Option - Direct Plan,HDFC Mutual Fund
26-03-2015,29.17680,119092,HDFC Money Market Fund - Growth Option - Direct Plan,HDFC Mutual Fund
25-03-2015,29.16980,119092,HDFC Money Market Fund - Growth Option - Direct Plan,HDFC Mutual Fund
24-03-2015,29.16310,119092,HDFC Money Market Fund - Growth Option - Direct Plan,HDFC Mutual Fund
23-03-2015,29.15660,119092,HDFC Money Market Fund - Growth Option - Direct Plan,HDFC Mutual Fund
22-03-2015,29.15000,119092,HDFC Money Market Fund - Growth Option - Direct Plan,HDFC Mutual Fund
20-03-2015,29.13610,119092,HDFC Money Market Fund - Growth Option - Direct Plan,HDFC Mutual Fund
19-03-2015,29.12930,119092,HDFC Money Market Fund - Growth Option - Direct Plan,HDFC Mutual Fund
18-03-2015,29.12250,119092,HDFC Money Market Fund - Growth Option - Direct Plan,HDFC Mutual Fund
17-03-2015,29.11570,119092,HDFC Money Market Fund - Growth Option - Direct Plan,HDFC Mutual Fund
16-03-2015,29.10890,119092,HDFC Money Market Fund - Growth Option - Direct Plan,HDFC Mutual Fund
15-03-2015,29.10210,119092,HDFC Money Market Fund - Growth Option - Direct Plan,HDFC Mutual Fund
13-03-2015,29.08810,119092,HDFC Money Market Fund - Growth Option - Direct Plan,HDFC Mutual Fund
12-03-2015,29.08130,119092,HDFC Money Market Fund - Growth Option - Direct Plan,HDFC Mutual Fund
11-03-2015,29.07460,119092,HDFC Money Market Fund - Growth Option - Direct Plan,HDFC Mutual Fund
10-03-2015,29.06800,119092,HDFC Money Market Fund - Growth Option - Direct Plan,HDFC Mutual Fund
09-03-2015,29.06120,119092,HDFC Money Market Fund - Growth Option - Direct Plan,HDFC Mutual Fund
08-03-2015,29.05460,119092,HDFC Money Market Fund - Growth Option - Direct Plan,HDFC Mutual Fund
05-03-2015,29.03400,119092,HDFC Money Market Fund - Growth Option - Direct Plan,HDFC Mutual Fund
04-03-2015,29.02690,119092,HDFC Money Market Fund - Growth Option - Direct Plan,HDFC Mutual Fund
03-03-2015,29.01960,119092,HDFC Money Market Fund - Growth Option - Direct Plan,HDFC Mutual Fund
02-03-2015,29.01280,119092,HDFC Money Market Fund - Growth Option - Direct Plan,HDFC Mutual Fund
01-03-2015,29.00620,119092,HDFC Money Market Fund - Growth Option - Direct Plan,HDFC Mutual Fund
27-02-2015,28.99250,119092,HDFC Money Market Fund - Growth Option - Direct Plan,HDFC Mutual Fund
26-02-2015,28.98570,119092,HDFC Money Market Fund - Growth Option - Direct Plan,HDFC Mutual Fund
25-02-2015,28.97890,119092,HDFC Money Market Fund - Growth Option - Direct Plan,HDFC Mutual Fund
24-02-2015,28.97230,119092,HDFC Money Market Fund - Growth Option - Direct Plan,HDFC Mutual Fund
23-02-2015,28.96570,119092,HDFC Money Market Fund - Growth Option - Direct Plan,HDFC Mutual Fund
22-02-2015,28.95910,119092,HDFC Money Market Fund - Growth Option - Direct Plan,HDFC Mutual Fund
20-02-2015,28.94580,119092,HDFC Money Market Fund - Growth Option - Direct Plan,HDFC Mutual Fund
19-02-2015,28.93920,119092,HDFC Money Market Fund - Growth Option - Direct Plan,HDFC Mutual Fund
18-02-2015,28.93260,119092,HDFC Money Market Fund - Growth Option - Direct Plan,HDFC Mutual Fund
17-02-2015,28.92600,119092,HDFC Money Market Fund - Growth Option - Direct Plan,HDFC Mutual Fund
16-02-2015,28.91950,119092,HDFC Money Market Fund - Growth Option - Direct Plan,HDFC Mutual Fund
15-02-2015,28.91290,119092,HDFC Money Market Fund - Growth Option - Direct Plan,HDFC Mutual Fund
13-02-2015,28.89970,119092,HDFC Money Market Fund - Growth Option - Direct Plan,HDFC Mutual Fund
12-02-2015,28.89310,119092,HDFC Money Market Fund - Growth Option - Direct Plan,HDFC Mutual Fund
11-02-2015,28.88650,119092,HDFC Money Market Fund - Growth Option - Direct Plan,HDFC Mutual Fund
10-02-2015,28.87990,119092,HDFC Money Market Fund - Growth Option - Direct Plan,HDFC Mutual Fund
09-02-2015,28.87330,119092,HDFC Money Market Fund - Growth Option - Direct Plan,HDFC Mutual Fund
08-02-2015,28.86670,119092,HDFC Money Market Fund - Growth Option - Direct Plan,HDFC Mutual Fund
06-02-2015,28.85350,119092,HDFC Money Market Fund - Growth Option - Direct Plan,HDFC Mutual Fund
05-02-2015,28.84690,119092,HDFC Money Market Fund - Growth Option - Direct Plan,HDFC Mutual Fund
04-02-2015,28.84030,119092,HDFC Money Market Fund - Growth Option - Direct Plan,HDFC Mutual Fund
03-02-2015,28.83370,119092,HDFC Money Market Fund - Growth Option - Direct Plan,HDFC Mutual Fund
02-02-2015,28.82720,119092,HDFC Money Market Fund - Growth Option - Direct Plan,HDFC Mutual Fund
01-02-2015,28.82060,119092,HDFC Money Market Fund - Growth Option - Direct Plan,HDFC Mutual Fund
30-01-2015,28.80740,119092,HDFC Money Market Fund - Growth Option - Direct Plan,HDFC Mutual Fund
29-01-2015,28.80070,119092,HDFC Money Market Fund - Growth Option - Direct Plan,HDFC Mutual Fund
28-01-2015,28.79410,119092,HDFC Money Market Fund - Growth Option - Direct Plan,HDFC Mutual Fund
27-01-2015,28.78750,119092,HDFC Money Market Fund - Growth Option - Direct Plan,HDFC Mutual Fund
26-01-2015,28.78080,119092,HDFC Money Market Fund - Growth Option - Direct Plan,HDFC Mutual Fund
23-01-2015,28.76120,119092,HDFC Money Market Fund - Growth Option - Direct Plan,HDFC Mutual Fund
22-01-2015,28.75460,119092,HDFC Money Market Fund - Growth Option - Direct Plan,HDFC Mutual Fund
21-01-2015,28.74800,119092,HDFC Money Market Fund - Growth Option - Direct Plan,HDFC Mutual Fund
20-01-2015,28.74140,119092,HDFC Money Market Fund - Growth Option - Direct Plan,HDFC Mutual Fund
19-01-2015,28.73480,119092,HDFC Money Market Fund - Growth Option - Direct Plan,HDFC Mutual Fund
18-01-2015,28.72820,119092,HDFC Money Market Fund - Growth Option - Direct Plan,HDFC Mutual Fund
16-01-2015,28.71500,119092,HDFC Money Market Fund - Growth Option - Direct Plan,HDFC Mutual Fund
15-01-2015,28.70840,119092,HDFC Money Market Fund - Growth Option - Direct Plan,HDFC Mutual Fund
14-01-2015,28.70170,119092,HDFC Money Market Fund - Growth Option - Direct Plan,HDFC Mutual Fund
13-01-2015,28.69510,119092,HDFC Money Market Fund - Growth Option - Direct Plan,HDFC Mutual Fund
12-01-2015,28.68850,119092,HDFC Money Market Fund - Growth Option - Direct Plan,HDFC Mutual Fund
11-01-2015,28.68190,119092,HDFC Money Market Fund - Growth Option - Direct Plan,HDFC Mutual Fund
09-01-2015,28.66870,119092,HDFC Money Market Fund - Growth Option - Direct Plan,HDFC Mutual Fund
08-01-2015,28.66210,119092,HDFC Money Market Fund - Growth Option - Direct Plan,HDFC Mutual Fund
07-01-2015,28.65550,119092,HDFC Money Market Fund - Growth Option - Direct Plan,HDFC Mutual Fund
06-01-2015,28.64890,119092,HDFC Money Market Fund - Growth Option - Direct Plan,HDFC Mutual Fund
05-01-2015,28.64230,119092,HDFC Money Market Fund - Growth Option - Direct Plan,HDFC Mutual Fund
04-01-2015,28.63570,119092,HDFC Money Market Fund - Growth Option - Direct Plan,HDFC Mutual Fund
02-01-2015,28.62260,119092,HDFC Money Market Fund - Growth Option - Direct Plan,HDFC Mutual Fund
01-01-2015,28.61600,119092,HDFC Money Market Fund - Growth Option - Direct Plan,HDFC Mutual Fund
31-12-2014,28.60910,119092,HDFC Money Market Fund - Growth Option - Direct Plan,HDFC Mutual Fund
30-12-2014,28.60190,119092,HDFC Money Market Fund - Growth Option - Direct Plan,HDFC Mutual Fund
29-12-2014,28.59520,119092,HDFC Money Market Fund - Growth Option - Direct Plan,HDFC Mutual Fund
28-12-2014,28.58860,119092,HDFC Money Market Fund - Growth Option - Direct Plan,HDFC Mutual Fund
26-12-2014,28.57540,119092,HDFC Money Market Fund - Growth Option - Direct Plan,HDFC Mutual Fund
25-12-2014,28.56900,119092,HDFC Money Market Fund - Growth Option - Direct Plan,HDFC Mutual Fund
24-12-2014,28.56240,119092,HDFC Money Market Fund - Growth Option - Direct Plan,HDFC Mutual Fund
23-12-2014,28.55590,119092,HDFC Money Market Fund - Growth Option - Direct Plan,HDFC Mutual Fund
22-12-2014,28.54930,119092,HDFC Money Market Fund - Growth Option - Direct Plan,HDFC Mutual Fund
21-12-2014,28.54300,119092,HDFC Money Market Fund - Growth Option - Direct Plan,HDFC Mutual Fund
19-12-2014,28.52990,119092,HDFC Money Market Fund - Growth Option - Direct Plan,HDFC Mutual Fund
18-12-2014,28.52340,119092,HDFC Money Market Fund - Growth Option - Direct Plan,HDFC Mutual Fund
17-12-2014,28.51690,119092,HDFC Money Market Fund - Growth Option - Direct Plan,HDFC Mutual Fund
16-12-2014,28.51040,119092,HDFC Money Market Fund - Growth Option - Direct Plan,HDFC Mutual Fund
15-12-2014,28.50390,119092,HDFC Money Market Fund - Growth Option - Direct Plan,HDFC Mutual Fund
14-12-2014,28.49750,119092,HDFC Money Market Fund - Growth Option - Direct Plan,HDFC Mutual Fund
12-12-2014,28.48460,119092,HDFC Money Market Fund - Growth Option - Direct Plan,HDFC Mutual Fund
11-12-2014,28.47790,119092,HDFC Money Market Fund - Growth Option - Direct Plan,HDFC Mutual Fund
10-12-2014,28.47130,119092,HDFC Money Market Fund - Growth Option - Direct Plan,HDFC Mutual Fund
09-12-2014,28.46480,119092,HDFC Money Market Fund - Growth Option - Direct Plan,HDFC Mutual Fund
08-12-2014,28.45820,119092,HDFC Money Market Fund - Growth Option - Direct Plan,HDFC Mutual Fund
07-12-2014,28.45170,119092,HDFC Money Market Fund - Growth Option - Direct Plan,HDFC Mutual Fund
05-12-2014,28.43870,119092,HDFC Money Market Fund - Growth Option - Direct Plan,HDFC Mutual Fund
04-12-2014,28.43210,119092,HDFC Money Market Fund - Growth Option - Direct Plan,HDFC Mutual Fund
03-12-2014,28.42560,119092,HDFC Money Market Fund - Growth Option - Direct Plan,HDFC Mutual Fund
02-12-2014,28.41900,119092,HDFC Money Market Fund - Growth Option - Direct Plan,HDFC Mutual Fund
01-12-2014,28.41240,119092,HDFC Money Market Fund - Growth Option - Direct Plan,HDFC Mutual Fund
30-11-2014,28.40570,119092,HDFC Money Market Fund - Growth Option - Direct Plan,HDFC Mutual Fund
28-11-2014,28.39260,119092,HDFC Money Market Fund - Growth Option - Direct Plan,HDFC Mutual Fund
27-11-2014,28.38610,119092,HDFC Money Market Fund - Growth Option - Direct Plan,HDFC Mutual Fund
26-11-2014,28.37950,119092,HDFC Money Market Fund - Growth Option - Direct Plan,HDFC Mutual Fund
25-11-2014,28.37300,119092,HDFC Money Market Fund - Growth Option - Direct Plan,HDFC Mutual Fund
24-11-2014,28.36640,119092,HDFC Money Market Fund - Growth Option - Direct Plan,HDFC Mutual Fund
23-11-2014,28.35980,119092,HDFC Money Market Fund - Growth Option - Direct Plan,HDFC Mutual Fund
21-11-2014,28.34650,119092,HDFC Money Market Fund - Growth Option - Direct Plan,HDFC Mutual Fund
20-11-2014,28.33980,119092,HDFC Money Market Fund - Growth Option - Direct Plan,HDFC Mutual Fund
19-11-2014,28.33320,119092,HDFC Money Market Fund - Growth Option - Direct Plan,HDFC Mutual Fund
18-11-2014,28.32650,119092,HDFC Money Market Fund - Growth Option - Direct Plan,HDFC Mutual Fund
17-11-2014,28.31990,119092,HDFC Money Market Fund - Growth Option - Direct Plan,HDFC Mutual Fund
16-11-2014,28.31320,119092,HDFC Money Market Fund - Growth Option - Direct Plan,HDFC Mutual Fund
14-11-2014,28.30000,119092,HDFC Money Market Fund - Growth Option - Direct Plan,HDFC Mutual Fund
13-11-2014,28.29340,119092,HDFC Money Market Fund - Growth Option - Direct Plan,HDFC Mutual Fund
12-11-2014,28.28680,119092,HDFC Money Market Fund - Growth Option - Direct Plan,HDFC Mutual Fund
11-11-2014,28.28020,119092,HDFC Money Market Fund - Growth Option - Direct Plan,HDFC Mutual Fund
10-11-2014,28.27360,119092,HDFC Money Market Fund - Growth Option - Direct Plan,HDFC Mutual Fund
09-11-2014,28.26690,119092,HDFC Money Market Fund - Growth Option - Direct Plan,HDFC Mutual Fund
07-11-2014,28.25380,119092,HDFC Money Market Fund - Growth Option - Direct Plan,HDFC Mutual Fund
06-11-2014,28.24700,119092,HDFC Money Market Fund - Growth Option - Direct Plan,HDFC Mutual Fund
05-11-2014,28.24040,119092,HDFC Money Market Fund - Growth Option - Direct Plan,HDFC Mutual Fund
04-11-2014,28.23360,119092,HDFC Money Market Fund - Growth Option - Direct Plan,HDFC Mutual Fund
03-11-2014,28.22700,119092,HDFC Money Market Fund - Growth Option - Direct Plan,HDFC Mutual Fund
02-11-2014,28.22030,119092,HDFC Money Market Fund - Growth Option - Direct Plan,HDFC Mutual Fund
31-10-2014,28.20690,119092,HDFC Money Market Fund - Growth Option - Direct Plan,HDFC Mutual Fund
30-10-2014,28.20010,119092,HDFC Money Market Fund - Growth Option - Direct Plan,HDFC Mutual Fund
29-10-2014,28.19340,119092,HDFC Money Market Fund - Growth Option - Direct Plan,HDFC Mutual Fund
28-10-2014,28.18670,119092,HDFC Money Market Fund - Growth Option - Direct Plan,HDFC Mutual Fund
27-10-2014,28.18010,119092,HDFC Money Market Fund - Growth Option - Direct Plan,HDFC Mutual Fund
26-10-2014,28.17340,119092,HDFC Money Market Fund - Growth Option - Direct Plan,HDFC Mutual Fund
22-10-2014,28.14660,119092,HDFC Money Market Fund - Growth Option - Direct Plan,HDFC Mutual Fund
21-10-2014,28.14040,119092,HDFC Money Market Fund - Growth Option - Direct Plan,HDFC Mutual Fund
20-10-2014,28.13380,119092,HDFC Money Market Fund - Growth Option - Direct Plan,HDFC Mutual Fund
19-10-2014,28.12720,119092,HDFC Money Market Fund - Growth Option - Direct Plan,HDFC Mutual Fund
17-10-2014,28.11400,119092,HDFC Money Market Fund - Growth Option - Direct Plan,HDFC Mutual Fund
16-10-2014,28.10730,119092,HDFC Money Market Fund - Growth Option - Direct Plan,HDFC Mutual Fund
15-10-2014,28.10060,119092,HDFC Money Market Fund - Growth Option - Direct Plan,HDFC Mutual Fund
14-10-2014,28.09400,119092,HDFC Money Market Fund - Growth Option - Direct Plan,HDFC Mutual Fund
13-10-2014,28.08730,119092,HDFC Money Market Fund - Growth Option - Direct Plan,HDFC Mutual Fund
12-10-2014,28.08060,119092,HDFC Money Market Fund - Growth Option - Direct Plan,HDFC Mutual Fund
10-10-2014,28.06740,119092,HDFC Money Market Fund - Growth Option - Direct Plan,HDFC Mutual Fund
09-10-2014,28.06080,119092,HDFC Money Market Fund - Growth Option - Direct Plan,HDFC Mutual Fund
08-10-2014,28.05420,119092,HDFC Money Market Fund - Growth Option - Direct Plan,HDFC Mutual Fund
07-10-2014,28.04730,119092,HDFC Money Market Fund - Growth Option - Direct Plan,HDFC Mutual Fund
06-10-2014,28.04060,119092,HDFC Money Market Fund - Growth Option - Direct Plan,HDFC Mutual Fund
01-10-2014,28.00600,119092,HDFC Money Market Fund - Growth Option - Direct Plan,HDFC Mutual Fund
30-09-2014,28.00020,119092,HDFC Money Market Fund - Growth Option - Direct Plan,HDFC Mutual Fund
29-09-2014,27.99240,119092,HDFC Money Market Fund - Growth Option - Direct Plan,HDFC Mutual Fund
28-09-2014,27.98580,119092,HDFC Money Market Fund - Growth Option - Direct Plan,HDFC Mutual Fund
26-09-2014,27.97270,119092,HDFC Money Market Fund - Growth Option - Direct Plan,HDFC Mutual Fund
25-09-2014,27.96610,119092,HDFC Money Market Fund - Growth Option - Direct Plan,HDFC Mutual Fund
24-09-2014,27.95950,119092,HDFC Money Market Fund - Growth Option - Direct Plan,HDFC Mutual Fund
23-09-2014,27.95280,119092,HDFC Money Market Fund - Growth Option - Direct Plan,HDFC Mutual Fund
22-09-2014,27.94610,119092,HDFC Money Market Fund - Growth Option - Direct Plan,HDFC Mutual Fund
21-09-2014,27.93950,119092,HDFC Money Market Fund - Growth Option - Direct Plan,HDFC Mutual Fund
19-09-2014,27.92620,119092,HDFC Money Market Fund - Growth Option - Direct Plan,HDFC Mutual Fund
18-09-2014,27.91950,119092,HDFC Money Market Fund - Growth Option - Direct Plan,HDFC Mutual Fund
17-09-2014,27.91280,119092,HDFC Money Market Fund - Growth Option - Direct Plan,HDFC Mutual Fund
16-09-2014,27.90620,119092,HDFC Money Market Fund - Growth Option - Direct Plan,HDFC Mutual Fund
15-09-2014,27.89960,119092,HDFC Money Market Fund - Growth Option - Direct Plan,HDFC Mutual Fund
14-09-2014,27.89300,119092,HDFC Money Market Fund - Growth Option - Direct Plan,HDFC Mutual Fund
12-09-2014,27.87990,119092,HDFC Money Market Fund - Growth Option - Direct Plan,HDFC Mutual Fund
11-09-2014,27.87340,119092,HDFC Money Market Fund - Growth Option - Direct Plan,HDFC Mutual Fund
10-09-2014,27.86690,119092,HDFC Money Market Fund - Growth Option - Direct Plan,HDFC Mutual Fund
09-09-2014,27.86030,119092,HDFC Money Market Fund - Growth Option - Direct Plan,HDFC Mutual Fund
08-09-2014,27.85380,119092,HDFC Money Market Fund - Growth Option - Direct Plan,HDFC Mutual Fund
07-09-2014,27.84720,119092,HDFC Money Market Fund - Growth Option - Direct Plan,HDFC Mutual Fund
05-09-2014,27.83420,119092,HDFC Money Market Fund - Growth Option - Direct Plan,HDFC Mutual Fund
04-09-2014,27.82770,119092,HDFC Money Market Fund - Growth Option - Direct Plan,HDFC Mutual Fund
03-09-2014,27.82110,119092,HDFC Money Market Fund - Growth Option - Direct Plan,HDFC Mutual Fund
02-09-2014,27.81460,119092,HDFC Money Market Fund - Growth Option - Direct Plan,HDFC Mutual Fund
01-09-2014,27.80810,119092,HDFC Money Market Fund - Growth Option - Direct Plan,HDFC Mutual Fund
31-08-2014,27.80160,119092,HDFC Money Market Fund - Growth Option - Direct Plan,HDFC Mutual Fund
28-08-2014,27.78210,119092,HDFC Money Market Fund - Growth Option - Direct Plan,HDFC Mutual Fund
27-08-2014,27.77540,119092,HDFC Money Market Fund - Growth Option - Direct Plan,HDFC Mutual Fund
26-08-2014,27.76900,119092,HDFC Money Market Fund - Growth Option - Direct Plan,HDFC Mutual Fund
25-08-2014,27.76240,119092,HDFC Money Market Fund - Growth Option - Direct Plan,HDFC Mutual Fund
24-08-2014,27.75590,119092,HDFC Money Market Fund - Growth Option - Direct Plan,HDFC Mutual Fund
22-08-2014,27.74310,119092,HDFC Money Market Fund - Growth Option - Direct Plan,HDFC Mutual Fund
21-08-2014,27.73660,119092,HDFC Money Market Fund - Growth Option - Direct Plan,HDFC Mutual Fund
20-08-2014,27.73010,119092,HDFC Money Market Fund - Growth Option - Direct Plan,HDFC Mutual Fund
19-08-2014,27.72370,119092,HDFC Money Market Fund - Growth Option - Direct Plan,HDFC Mutual Fund
18-08-2014,27.71730,119092,HDFC Money Market Fund - Growth Option - Direct Plan,HDFC Mutual Fund
14-08-2014,27.69150,119092,HDFC Money Market Fund - Growth Option - Direct Plan,HDFC Mutual Fund
13-08-2014,27.68510,119092,HDFC Money Market Fund - Growth Option - Direct Plan,HDFC Mutual Fund
12-08-2014,27.67870,119092,HDFC Money Market Fund - Growth Option - Direct Plan,HDFC Mutual Fund
11-08-2014,27.67230,119092,HDFC Money Market Fund - Growth Option - Direct Plan,HDFC Mutual Fund
10-08-2014,27.66590,119092,HDFC Money Market Fund - Growth Option - Direct Plan,HDFC Mutual Fund
08-08-2014,27.65310,119092,HDFC Money Market Fund - Growth Option - Direct Plan,HDFC Mutual Fund
07-08-2014,27.64680,119092,HDFC Money Market Fund - Growth Option - Direct Plan,HDFC Mutual Fund
06-08-2014,27.64040,119092,HDFC Money Market Fund - Growth Option - Direct Plan,HDFC Mutual Fund
05-08-2014,27.63410,119092,HDFC Money Market Fund - Growth Option - Direct Plan,HDFC Mutual Fund
04-08-2014,27.62770,119092,HDFC Money Market Fund - Growth Option - Direct Plan,HDFC Mutual Fund
03-08-2014,27.62130,119092,HDFC Money Market Fund - Growth Option - Direct Plan,HDFC Mutual Fund
01-08-2014,27.60860,119092,HDFC Money Market Fund - Growth Option - Direct Plan,HDFC Mutual Fund
31-07-2014,27.60220,119092,HDFC Money Market Fund - Growth Option - Direct Plan,HDFC Mutual Fund
30-07-2014,27.59590,119092,HDFC Money Market Fund - Growth Option - Direct Plan,HDFC Mutual Fund
29-07-2014,27.58950,119092,HDFC Money Market Fund - Growth Option - Direct Plan,HDFC Mutual Fund
28-07-2014,27.58320,119092,HDFC Money Market Fund - Growth Option - Direct Plan,HDFC Mutual Fund
27-07-2014,27.57690,119092,HDFC Money Market Fund - Growth Option - Direct Plan,HDFC Mutual Fund
25-07-2014,27.56430,119092,HDFC Money Market Fund - Growth Option - Direct Plan,HDFC Mutual Fund
24-07-2014,27.55790,119092,HDFC Money Market Fund - Growth Option - Direct Plan,HDFC Mutual Fund
23-07-2014,27.55170,119092,HDFC Money Market Fund - Growth Option - Direct Plan,HDFC Mutual Fund
22-07-2014,27.54560,119092,HDFC Money Market Fund - Growth Option - Direct Plan,HDFC Mutual Fund
21-07-2014,27.53940,119092,HDFC Money Market Fund - Growth Option - Direct Plan,HDFC Mutual Fund
20-07-2014,27.53300,119092,HDFC Money Market Fund - Growth Option - Direct Plan,HDFC Mutual Fund
18-07-2014,27.52050,119092,HDFC Money Market Fund - Growth Option - Direct Plan,HDFC Mutual Fund
17-07-2014,27.51410,119092,HDFC Money Market Fund - Growth Option - Direct Plan,HDFC Mutual Fund
16-07-2014,27.50770,119092,HDFC Money Market Fund - Growth Option - Direct Plan,HDFC Mutual Fund
15-07-2014,27.50140,119092,HDFC Money Market Fund - Growth Option - Direct Plan,HDFC Mutual Fund
14-07-2014,27.49500,119092,HDFC Money Market Fund - Growth Option - Direct Plan,HDFC Mutual Fund
13-07-2014,27.48880,119092,HDFC Money Market Fund - Growth Option - Direct Plan,HDFC Mutual Fund
11-07-2014,27.47620,119092,HDFC Money Market Fund - Growth Option - Direct Plan,HDFC Mutual Fund
10-07-2014,27.47010,119092,HDFC Money Market Fund - Growth Option - Direct Plan,HDFC Mutual Fund
09-07-2014,27.46390,119092,HDFC Money Market Fund - Growth Option - Direct Plan,HDFC Mutual Fund
08-07-2014,27.45760,119092,HDFC Money Market Fund - Growth Option - Direct Plan,HDFC Mutual Fund
07-07-2014,27.45130,119092,HDFC Money Market Fund - Growth Option - Direct Plan,HDFC Mutual Fund
06-07-2014,27.44490,119092,HDFC Money Market Fund - Growth Option - Direct Plan,HDFC Mutual Fund
04-07-2014,27.43230,119092,HDFC Money Market Fund - Growth Option - Direct Plan,HDFC Mutual Fund
03-07-2014,27.42600,119092,HDFC Money Market Fund - Growth Option - Direct Plan,HDFC Mutual Fund
02-07-2014,27.41960,119092,HDFC Money Market Fund - Growth Option - Direct Plan,HDFC Mutual Fund
01-07-2014,27.41310,119092,HDFC Money Market Fund - Growth Option - Direct Plan,HDFC Mutual Fund
30-06-2014,27.40570,119092,HDFC Money Market Fund - Growth Option - Direct Plan,HDFC Mutual Fund
29-06-2014,27.39870,119092,HDFC Money Market Fund - Growth Option - Direct Plan,HDFC Mutual Fund
27-06-2014,27.38600,119092,HDFC Money Market Fund - Growth Option - Direct Plan,HDFC Mutual Fund
26-06-2014,27.37960,119092,HDFC Money Market Fund - Growth Option - Direct Plan,HDFC Mutual Fund
25-06-2014,27.37320,119092,HDFC Money Market Fund - Growth Option - Direct Plan,HDFC Mutual Fund
24-06-2014,27.36680,119092,HDFC Money Market Fund - Growth Option - Direct Plan,HDFC Mutual Fund
23-06-2014,27.36050,119092,HDFC Money Market Fund - Growth Option - Direct Plan,HDFC Mutual Fund
22-06-2014,27.35420,119092,HDFC Money Market Fund - Growth Option - Direct Plan,HDFC Mutual Fund
20-06-2014,27.34150,119092,HDFC Money Market Fund - Growth Option - Direct Plan,HDFC Mutual Fund
19-06-2014,27.33520,119092,HDFC Money Market Fund - Growth Option - Direct Plan,HDFC Mutual Fund
18-06-2014,27.32860,119092,HDFC Money Market Fund - Growth Option - Direct Plan,HDFC Mutual Fund
17-06-2014,27.32220,119092,HDFC Money Market Fund - Growth Option - Direct Plan,HDFC Mutual Fund
16-06-2014,27.31570,119092,HDFC Money Market Fund - Growth Option - Direct Plan,HDFC Mutual Fund
15-06-2014,27.30940,119092,HDFC Money Market Fund - Growth Option - Direct Plan,HDFC Mutual Fund
13-06-2014,27.29630,119092,HDFC Money Market Fund - Growth Option - Direct Plan,HDFC Mutual Fund
12-06-2014,27.29020,119092,HDFC Money Market Fund - Growth Option - Direct Plan,HDFC Mutual Fund
11-06-2014,27.28380,119092,HDFC Money Market Fund - Growth Option - Direct Plan,HDFC Mutual Fund
10-06-2014,27.27730,119092,HDFC Money Market Fund - Growth Option - Direct Plan,HDFC Mutual Fund
09-06-2014,27.27080,119092,HDFC Money Market Fund - Growth Option - Direct Plan,HDFC Mutual Fund
08-06-2014,27.26430,119092,HDFC Money Market Fund - Growth Option - Direct Plan,HDFC Mutual Fund
06-06-2014,27.25140,119092,HDFC Money Market Fund - Growth Option - Direct Plan,HDFC Mutual Fund
05-06-2014,27.24490,119092,HDFC Money Market Fund - Growth Option - Direct Plan,HDFC Mutual Fund
04-06-2014,27.23850,119092,HDFC Money Market Fund - Growth Option - Direct Plan,HDFC Mutual Fund
03-06-2014,27.23190,119092,HDFC Money Market Fund - Growth Option - Direct Plan,HDFC Mutual Fund
02-06-2014,27.22520,119092,HDFC Money Market Fund - Growth Option - Direct Plan,HDFC Mutual Fund
01-06-2014,27.21890,119092,HDFC Money Market Fund - Growth Option - Direct Plan,HDFC Mutual Fund
30-05-2014,27.20600,119092,HDFC Money Market Fund - Growth Option - Direct Plan,HDFC Mutual Fund
29-05-2014,27.19940,119092,HDFC Money Market Fund - Growth Option - Direct Plan,HDFC Mutual Fund
28-05-2014,27.19280,119092,HDFC Money Market Fund - Growth Option - Direct Plan,HDFC Mutual Fund
27-05-2014,27.18630,119092,HDFC Money Market Fund - Growth Option - Direct Plan,HDFC Mutual Fund
26-05-2014,27.17980,119092,HDFC Money Market Fund - Growth Option - Direct Plan,HDFC Mutual Fund
25-05-2014,27.17330,119092,HDFC Money Market Fund - Growth Option - Direct Plan,HDFC Mutual Fund
23-05-2014,27.16040,119092,HDFC Money Market Fund - Growth Option - Direct Plan,HDFC Mutual Fund
22-05-2014,27.15400,119092,HDFC Money Market Fund - Growth Option - Direct Plan,HDFC Mutual Fund
21-05-2014,27.14740,119092,HDFC Money Market Fund - Growth Option - Direct Plan,HDFC Mutual Fund
20-05-2014,27.14060,119092,HDFC Money Market Fund - Growth Option - Direct Plan,HDFC Mutual Fund
19-05-2014,27.13380,119092,HDFC Money Market Fund - Growth Option - Direct Plan,HDFC Mutual Fund
18-05-2014,27.12740,119092,HDFC Money Market Fund - Growth Option - Direct Plan,HDFC Mutual Fund
16-05-2014,27.11370,119092,HDFC Money Market Fund - Growth Option - Direct Plan,HDFC Mutual Fund
15-05-2014,27.10770,119092,HDFC Money Market Fund - Growth Option - Direct Plan,HDFC Mutual Fund
14-05-2014,27.10120,119092,HDFC Money Market Fund - Growth Option - Direct Plan,HDFC Mutual Fund
13-05-2014,27.09470,119092,HDFC Money Market Fund - Growth Option - Direct Plan,HDFC Mutual Fund
12-05-2014,27.08810,119092,HDFC Money Market Fund - Growth Option - Direct Plan,HDFC Mutual Fund
11-05-2014,27.08150,119092,HDFC Money Market Fund - Growth Option - Direct Plan,HDFC Mutual Fund
09-05-2014,27.06860,119092,HDFC Money Market Fund - Growth Option - Direct Plan,HDFC Mutual Fund
08-05-2014,27.06190,119092,HDFC Money Market Fund - Growth Option - Direct Plan,HDFC Mutual Fund
07-05-2014,27.05530,119092,HDFC Money Market Fund - Growth Option - Direct Plan,HDFC Mutual Fund
06-05-2014,27.04880,119092,HDFC Money Market Fund - Growth Option - Direct Plan,HDFC Mutual Fund
05-05-2014,27.04220,119092,HDFC Money Market Fund - Growth Option - Direct Plan,HDFC Mutual Fund
04-05-2014,27.03560,119092,HDFC Money Market Fund - Growth Option - Direct Plan,HDFC Mutual Fund
02-05-2014,27.02240,119092,HDFC Money Market Fund - Growth Option - Direct Plan,HDFC Mutual Fund
01-05-2014,27.01570,119092,HDFC Money Market Fund - Growth Option - Direct Plan,HDFC Mutual Fund
30-04-2014,27.00900,119092,HDFC Money Market Fund - Growth Option - Direct Plan,HDFC Mutual Fund
29-04-2014,27.00240,119092,HDFC Money Market Fund - Growth Option - Direct Plan,HDFC Mutual Fund
28-04-2014,26.99580,119092,HDFC Money Market Fund - Growth Option - Direct Plan,HDFC Mutual Fund
27-04-2014,26.98910,119092,HDFC Money Market Fund - Growth Option - Direct Plan,HDFC Mutual Fund
25-04-2014,26.97530,119092,HDFC Money Market Fund - Growth Option - Direct Plan,HDFC Mutual Fund
24-04-2014,26.96910,119092,HDFC Money Market Fund - Growth Option - Direct Plan,HDFC Mutual Fund
23-04-2014,26.96240,119092,HDFC Money Market Fund - Growth Option - Direct Plan,HDFC Mutual Fund
22-04-2014,26.95570,119092,HDFC Money Market Fund - Growth Option - Direct Plan,HDFC Mutual Fund
21-04-2014,26.94900,119092,HDFC Money Market Fund - Growth Option - Direct Plan,HDFC Mutual Fund
20-04-2014,26.94230,119092,HDFC Money Market Fund - Growth Option - Direct Plan,HDFC Mutual Fund
17-04-2014,26.92210,119092,HDFC Money Market Fund - Growth Option - Direct Plan,HDFC Mutual Fund
16-04-2014,26.91540,119092,HDFC Money Market Fund - Growth Option - Direct Plan,HDFC Mutual Fund
15-04-2014,26.90860,119092,HDFC Money Market Fund - Growth Option - Direct Plan,HDFC Mutual Fund
14-04-2014,26.90190,119092,HDFC Money Market Fund - Growth Option - Direct Plan,HDFC Mutual Fund
11-04-2014,26.88140,119092,HDFC Money Market Fund - Growth Option - Direct Plan,HDFC Mutual Fund
10-04-2014,26.87470,119092,HDFC Money Market Fund - Growth Option - Direct Plan,HDFC Mutual Fund
09-04-2014,26.86780,119092,HDFC Money Market Fund - Growth Option - Direct Plan,HDFC Mutual Fund
08-04-2014,26.86120,119092,HDFC Money Market Fund - Growth Option - Direct Plan,HDFC Mutual Fund
07-04-2014,26.85420,119092,HDFC Money Market Fund - Growth Option - Direct Plan,HDFC Mutual Fund
06-04-2014,26.84770,119092,HDFC Money Market Fund - Growth Option - Direct Plan,HDFC Mutual Fund
04-04-2014,26.83370,119092,HDFC Money Market Fund - Growth Option - Direct Plan,HDFC Mutual Fund
03-04-2014,26.82720,119092,HDFC Money Market Fund - Growth Option - Direct Plan,HDFC Mutual Fund
02-04-2014,26.82010,119092,HDFC Money Market Fund - Growth Option - Direct Plan,HDFC Mutual Fund
01-04-2014,26.81310,119092,HDFC Money Market Fund - Growth Option - Direct Plan,HDFC Mutual Fund
31-03-2014,26.80500,119092,HDFC Money Market Fund - Growth Option - Direct Plan,HDFC Mutual Fund
28-03-2014,26.77770,119092,HDFC Money Market Fund - Growth Option - Direct Plan,HDFC Mutual Fund
27-03-2014,26.76940,119092,HDFC Money Market Fund - Growth Option - Direct Plan,HDFC Mutual Fund
26-03-2014,26.76240,119092,HDFC Money Market Fund - Growth Option - Direct Plan,HDFC Mutual Fund
25-03-2014,26.75540,119092,HDFC Money Market Fund - Growth Option - Direct Plan,HDFC Mutual Fund
24-03-2014,26.74840,119092,HDFC Money Market Fund - Growth Option - Direct Plan,HDFC Mutual Fund
23-03-2014,26.74090,119092,HDFC Money Market Fund - Growth Option - Direct Plan,HDFC Mutual Fund
21-03-2014,26.72700,119092,HDFC Money Market Fund - Growth Option - Direct Plan,HDFC Mutual Fund
20-03-2014,26.72010,119092,HDFC Money Market Fund - Growth Option - Direct Plan,HDFC Mutual Fund
19-03-2014,26.71310,119092,HDFC Money Market Fund - Growth Option - Direct Plan,HDFC Mutual Fund
18-03-2014,26.70620,119092,HDFC Money Market Fund - Growth Option - Direct Plan,HDFC Mutual Fund
17-03-2014,26.69930,119092,HDFC Money Market Fund - Growth Option - Direct Plan,HDFC Mutual Fund
14-03-2014,26.67920,119092,HDFC Money Market Fund - Growth Option - Direct Plan,HDFC Mutual Fund
13-03-2014,26.67240,119092,HDFC Money Market Fund - Growth Option - Direct Plan,HDFC Mutual Fund
12-03-2014,26.66560,119092,HDFC Money Market Fund - Growth Option - Direct Plan,HDFC Mutual Fund
11-03-2014,26.65890,119092,HDFC Money Market Fund - Growth Option - Direct Plan,HDFC Mutual Fund
10-03-2014,26.65230,119092,HDFC Money Market Fund - Growth Option - Direct Plan,HDFC Mutual Fund
09-03-2014,26.64580,119092,HDFC Money Market Fund - Growth Option - Direct Plan,HDFC Mutual Fund
07-03-2014,26.63260,119092,HDFC Money Market Fund - Growth Option - Direct Plan,HDFC Mutual Fund
06-03-2014,26.62600,119092,HDFC Money Market Fund - Growth Option - Direct Plan,HDFC Mutual Fund
05-03-2014,26.61960,119092,HDFC Money Market Fund - Growth Option - Direct Plan,HDFC Mutual Fund
04-03-2014,26.61320,119092,HDFC Money Market Fund - Growth Option - Direct Plan,HDFC Mutual Fund
03-03-2014,26.60680,119092,HDFC Money Market Fund - Growth Option - Direct Plan,HDFC Mutual Fund
02-03-2014,26.60050,119092,HDFC Money Market Fund - Growth Option - Direct Plan,HDFC Mutual Fund
28-02-2014,26.58790,119092,HDFC Money Market Fund - Growth Option - Direct Plan,HDFC Mutual Fund
27-02-2014,26.58160,119092,HDFC Money Market Fund - Growth Option - Direct Plan,HDFC Mutual Fund
26-02-2014,26.57530,119092,HDFC Money Market Fund - Growth Option - Direct Plan,HDFC Mutual Fund
25-02-2014,26.56900,119092,HDFC Money Market Fund - Growth Option - Direct Plan,HDFC Mutual Fund
24-02-2014,26.56250,119092,HDFC Money Market Fund - Growth Option - Direct Plan,HDFC Mutual Fund
23-02-2014,26.55630,119092,HDFC Money Market Fund - Growth Option - Direct Plan,HDFC Mutual Fund
21-02-2014,26.54380,119092,HDFC Money Market Fund - Growth Option - Direct Plan,HDFC Mutual Fund
20-02-2014,26.53760,119092,HDFC Money Market Fund - Growth Option - Direct Plan,HDFC Mutual Fund
19-02-2014,26.53140,119092,HDFC Money Market Fund - Growth Option - Direct Plan,HDFC Mutual Fund
18-02-2014,26.52520,119092,HDFC Money Market Fund - Growth Option - Direct Plan,HDFC Mutual Fund
17-02-2014,26.51890,119092,HDFC Money Market Fund - Growth Option - Direct Plan,HDFC Mutual Fund
16-02-2014,26.51270,119092,HDFC Money Market Fund - Growth Option - Direct Plan,HDFC Mutual Fund
14-02-2014,26.50020,119092,HDFC Money Market Fund - Growth Option - Direct Plan,HDFC Mutual Fund
13-02-2014,26.49400,119092,HDFC Money Market Fund - Growth Option - Direct Plan,HDFC Mutual Fund
12-02-2014,26.48780,119092,HDFC Money Market Fund - Growth Option - Direct Plan,HDFC Mutual Fund
11-02-2014,26.48160,119092,HDFC Money Market Fund - Growth Option - Direct Plan,HDFC Mutual Fund
10-02-2014,26.47540,119092,HDFC Money Market Fund - Growth Option - Direct Plan,HDFC Mutual Fund
09-02-2014,26.46920,119092,HDFC Money Market Fund - Growth Option - Direct Plan,HDFC Mutual Fund
07-02-2014,26.45680,119092,HDFC Money Market Fund - Growth Option - Direct Plan,HDFC Mutual Fund
06-02-2014,26.45050,119092,HDFC Money Market Fund - Growth Option - Direct Plan,HDFC Mutual Fund
05-02-2014,26.44430,119092,HDFC Money Market Fund - Growth Option - Direct Plan,HDFC Mutual Fund
04-02-2014,26.43810,119092,HDFC Money Market Fund - Growth Option - Direct Plan,HDFC Mutual Fund
03-02-2014,26.43190,119092,HDFC Money Market Fund - Growth Option - Direct Plan,HDFC Mutual Fund
02-02-2014,26.42580,119092,HDFC Money Market Fund - Growth Option - Direct Plan,HDFC Mutual Fund
31-01-2014,26.41340,119092,HDFC Money Market Fund - Growth Option - Direct Plan,HDFC Mutual Fund
30-01-2014,26.40720,119092,HDFC Money Market Fund - Growth Option - Direct Plan,HDFC Mutual Fund
29-01-2014,26.40110,119092,HDFC Money Market Fund - Growth Option - Direct Plan,HDFC Mutual Fund
28-01-2014,26.39490,119092,HDFC Money Market Fund - Growth Option - Direct Plan,HDFC Mutual Fund
27-01-2014,26.38870,119092,HDFC Money Market Fund - Growth Option - Direct Plan,HDFC Mutual Fund
26-01-2014,26.38230,119092,HDFC Money Market Fund - Growth Option - Direct Plan,HDFC Mutual Fund
24-01-2014,26.36960,119092,HDFC Money Market Fund - Growth Option - Direct Plan,HDFC Mutual Fund
23-01-2014,26.36330,119092,HDFC Money Market Fund - Growth Option - Direct Plan,HDFC Mutual Fund
22-01-2014,26.35700,119092,HDFC Money Market Fund - Growth Option - Direct Plan,HDFC Mutual Fund
21-01-2014,26.35060,119092,HDFC Money Market Fund - Growth Option - Direct Plan,HDFC Mutual Fund
20-01-2014,26.34430,119092,HDFC Money Market Fund - Growth Option - Direct Plan,HDFC Mutual Fund
19-01-2014,26.33790,119092,HDFC Money Market Fund - Growth Option - Direct Plan,HDFC Mutual Fund
17-01-2014,26.32520,119092,HDFC Money Market Fund - Growth Option - Direct Plan,HDFC Mutual Fund
16-01-2014,26.31890,119092,HDFC Money Market Fund - Growth Option - Direct Plan,HDFC Mutual Fund
15-01-2014,26.31250,119092,HDFC Money Market Fund - Growth Option - Direct Plan,HDFC Mutual Fund
14-01-2014,26.30610,119092,HDFC Money Market Fund - Growth Option - Direct Plan,HDFC Mutual Fund
13-01-2014,26.29980,119092,HDFC Money Market Fund - Growth Option - Direct Plan,HDFC Mutual Fund
12-01-2014,26.29340,119092,HDFC Money Market Fund - Growth Option - Direct Plan,HDFC Mutual Fund
10-01-2014,26.28070,119092,HDFC Money Market Fund - Growth Option - Direct Plan,HDFC Mutual Fund
09-01-2014,26.27440,119092,HDFC Money Market Fund - Growth Option - Direct Plan,HDFC Mutual Fund
08-01-2014,26.26810,119092,HDFC Money Market Fund - Growth Option - Direct Plan,HDFC Mutual Fund
07-01-2014,26.26170,119092,HDFC Money Market Fund - Growth Option - Direct Plan,HDFC Mutual Fund
06-01-2014,26.25530,119092,HDFC Money Market Fund - Growth Option - Direct Plan,HDFC Mutual Fund
05-01-2014,26.24890,119092,HDFC Money Market Fund - Growth Option - Direct Plan,HDFC Mutual Fund
03-01-2014,26.23620,119092,HDFC Money Market Fund - Growth Option - Direct Plan,HDFC Mutual Fund
02-01-2014,26.22980,119092,HDFC Money Market Fund - Growth Option - Direct Plan,HDFC Mutual Fund
01-01-2014,26.22350,119092,HDFC Money Market Fund - Growth Option - Direct Plan,HDFC Mutual Fund
31-12-2013,26.21690,119092,HDFC Money Market Fund - Growth Option - Direct Plan,HDFC Mutual Fund
30-12-2013,26.20930,119092,HDFC Money Market Fund - Growth Option - Direct Plan,HDFC Mutual Fund
29-12-2013,26.20290,119092,HDFC Money Market Fund - Growth Option - Direct Plan,HDFC Mutual Fund
27-12-2013,26.19000,119092,HDFC Money Market Fund - Growth Option - Direct Plan,HDFC Mutual Fund
26-12-2013,26.18370,119092,HDFC Money Market Fund - Growth Option - Direct Plan,HDFC Mutual Fund
25-12-2013,26.17740,119092,HDFC Money Market Fund - Growth Option - Direct Plan,HDFC Mutual Fund
24-12-2013,26.17090,119092,HDFC Money Market Fund - Growth Option - Direct Plan,HDFC Mutual Fund
23-12-2013,26.16450,119092,HDFC Money Market Fund - Growth Option - Direct Plan,HDFC Mutual Fund
22-12-2013,26.15820,119092,HDFC Money Market Fund - Growth Option - Direct Plan,HDFC Mutual Fund
20-12-2013,26.14550,119092,HDFC Money Market Fund - Growth Option - Direct Plan,HDFC Mutual Fund
19-12-2013,26.13910,119092,HDFC Money Market Fund - Growth Option - Direct Plan,HDFC Mutual Fund
18-12-2013,26.13280,119092,HDFC Money Market Fund - Growth Option - Direct Plan,HDFC Mutual Fund
17-12-2013,26.12640,119092,HDFC Money Market Fund - Growth Option - Direct Plan,HDFC Mutual Fund
16-12-2013,26.11990,119092,HDFC Money Market Fund - Growth Option - Direct Plan,HDFC Mutual Fund
15-12-2013,26.11360,119092,HDFC Money Market Fund - Growth Option - Direct Plan,HDFC Mutual Fund
13-12-2013,26.10070,119092,HDFC Money Market Fund - Growth Option - Direct Plan,HDFC Mutual Fund
12-12-2013,26.09420,119092,HDFC Money Market Fund - Growth Option - Direct Plan,HDFC Mutual Fund
11-12-2013,26.08790,119092,HDFC Money Market Fund - Growth Option - Direct Plan,HDFC Mutual Fund
10-12-2013,26.08150,119092,HDFC Money Market Fund - Growth Option - Direct Plan,HDFC Mutual Fund
09-12-2013,26.07510,119092,HDFC Money Market Fund - Growth Option - Direct Plan,HDFC Mutual Fund
08-12-2013,26.06860,119092,HDFC Money Market Fund - Growth Option - Direct Plan,HDFC Mutual Fund
06-12-2013,26.05580,119092,HDFC Money Market Fund - Growth Option - Direct Plan,HDFC Mutual Fund
05-12-2013,26.04940,119092,HDFC Money Market Fund - Growth Option - Direct Plan,HDFC Mutual Fund
04-12-2013,26.04310,119092,HDFC Money Market Fund - Growth Option - Direct Plan,HDFC Mutual Fund
03-12-2013,26.03680,119092,HDFC Money Market Fund - Growth Option - Direct Plan,HDFC Mutual Fund
02-12-2013,26.03000,119092,HDFC Money Market Fund - Growth Option - Direct Plan,HDFC Mutual Fund
01-12-2013,26.02360,119092,HDFC Money Market Fund - Growth Option - Direct Plan,HDFC Mutual Fund
29-11-2013,26.01080,119092,HDFC Money Market Fund - Growth Option - Direct Plan,HDFC Mutual Fund
28-11-2013,26.00440,119092,HDFC Money Market Fund - Growth Option - Direct Plan,HDFC Mutual Fund
27-11-2013,25.99790,119092,HDFC Money Market Fund - Growth Option - Direct Plan,HDFC Mutual Fund
26-11-2013,25.99140,119092,HDFC Money Market Fund - Growth Option - Direct Plan,HDFC Mutual Fund
25-11-2013,25.98500,119092,HDFC Money Market Fund - Growth Option - Direct Plan,HDFC Mutual Fund
24-11-2013,25.97850,119092,HDFC Money Market Fund - Growth Option - Direct Plan,HDFC Mutual Fund
22-11-2013,25.96560,119092,HDFC Money Market Fund - Growth Option - Direct Plan,HDFC Mutual Fund
21-11-2013,25.95910,119092,HDFC Money Market Fund - Growth Option - Direct Plan,HDFC Mutual Fund
20-11-2013,25.95250,119092,HDFC Money Market Fund - Growth Option - Direct Plan,HDFC Mutual Fund
19-11-2013,25.94600,119092,HDFC Money Market Fund - Growth Option - Direct Plan,HDFC Mutual Fund
18-11-2013,25.93940,119092,HDFC Money Market Fund - Growth Option - Direct Plan,HDFC Mutual Fund
17-11-2013,25.93290,119092,HDFC Money Market Fund - Growth Option - Direct Plan,HDFC Mutual Fund
14-11-2013,25.91330,119092,HDFC Money Market Fund - Growth Option - Direct Plan,HDFC Mutual Fund
13-11-2013,25.90680,119092,HDFC Money Market Fund - Growth Option - Direct Plan,HDFC Mutual Fund
12-11-2013,25.89990,119092,HDFC Money Market Fund - Growth Option - Direct Plan,HDFC Mutual Fund
11-11-2013,25.89330,119092,HDFC Money Market Fund - Growth Option - Direct Plan,HDFC Mutual Fund
10-11-2013,25.88670,119092,HDFC Money Market Fund - Growth Option - Direct Plan,HDFC Mutual Fund
08-11-2013,25.87330,119092,HDFC Money Market Fund - Growth Option - Direct Plan,HDFC Mutual Fund
07-11-2013,25.86660,119092,HDFC Money Market Fund - Growth Option - Direct Plan,HDFC Mutual Fund
06-11-2013,25.85990,119092,HDFC Money Market Fund - Growth Option - Direct Plan,HDFC Mutual Fund
05-11-2013,25.85320,119092,HDFC Money Market Fund - Growth Option - Direct Plan,HDFC Mutual Fund
04-11-2013,25.84660,119092,HDFC Money Market Fund - Growth Option - Direct Plan,HDFC Mutual Fund
01-11-2013,25.82640,119092,HDFC Money Market Fund - Growth Option - Direct Plan,HDFC Mutual Fund
31-10-2013,25.81950,119092,HDFC Money Market Fund - Growth Option - Direct Plan,HDFC Mutual Fund
30-10-2013,25.81270,119092,HDFC Money Market Fund - Growth Option - Direct Plan,HDFC Mutual Fund
29-10-2013,25.80560,119092,HDFC Money Market Fund - Growth Option - Direct Plan,HDFC Mutual Fund
28-10-2013,25.79860,119092,HDFC Money Market Fund - Growth Option - Direct Plan,HDFC Mutual Fund
27-10-2013,25.79170,119092,HDFC Money Market Fund - Growth Option - Direct Plan,HDFC Mutual Fund
25-10-2013,25.77790,119092,HDFC Money Market Fund - Growth Option - Direct Plan,HDFC Mutual Fund
24-10-2013,25.77100,119092,HDFC Money Market Fund - Growth Option - Direct Plan,HDFC Mutual Fund
23-10-2013,25.76400,119092,HDFC Money Market Fund - Growth Option - Direct Plan,HDFC Mutual Fund
22-10-2013,25.75700,119092,HDFC Money Market Fund - Growth Option - Direct Plan,HDFC Mutual Fund
21-10-2013,25.75000,119092,HDFC Money Market Fund - Growth Option - Direct Plan,HDFC Mutual Fund
20-10-2013,25.74300,119092,HDFC Money Market Fund - Growth Option - Direct Plan,HDFC Mutual Fund
18-10-2013,25.72940,119092,HDFC Money Market Fund - Growth Option - Direct Plan,HDFC Mutual Fund
17-10-2013,25.72250,119092,HDFC Money Market Fund - Growth Option - Direct Plan,HDFC Mutual Fund
16-10-2013,25.71540,119092,HDFC Money Market Fund - Growth Option - Direct Plan,HDFC Mutual Fund
15-10-2013,25.70830,119092,HDFC Money Market Fund - Growth Option - Direct Plan,HDFC Mutual Fund
14-10-2013,25.70110,119092,HDFC Money Market Fund - Growth Option - Direct Plan,HDFC Mutual Fund
13-10-2013,25.69400,119092,HDFC Money Market Fund - Growth Option - Direct Plan,HDFC Mutual Fund
11-10-2013,25.68010,119092,HDFC Money Market Fund - Growth Option - Direct Plan,HDFC Mutual Fund
10-10-2013,25.67300,119092,HDFC Money Market Fund - Growth Option - Direct Plan,HDFC Mutual Fund
09-10-2013,25.66590,119092,HDFC Money Market Fund - Growth Option - Direct Plan,HDFC Mutual Fund
08-10-2013,25.65870,119092,HDFC Money Market Fund - Growth Option - Direct Plan,HDFC Mutual Fund
07-10-2013,25.65080,119092,HDFC Money Market Fund - Growth Option - Direct Plan,HDFC Mutual Fund
06-10-2013,25.64340,119092,HDFC Money Market Fund - Growth Option - Direct Plan,HDFC Mutual Fund
04-10-2013,25.62900,119092,HDFC Money Market Fund - Growth Option - Direct Plan,HDFC Mutual Fund
03-10-2013,25.62140,119092,HDFC Money Market Fund - Growth Option - Direct Plan,HDFC Mutual Fund
02-10-2013,25.61410,119092,HDFC Money Market Fund - Growth Option - Direct Plan,HDFC Mutual Fund
01-10-2013,25.60670,119092,HDFC Money Market Fund - Growth Option - Direct Plan,HDFC Mutual Fund
30-09-2013,25.59870,119092,HDFC Money Market Fund - Growth Option - Direct Plan,HDFC Mutual Fund
29-09-2013,25.59110,119092,HDFC Money Market Fund - Growth Option - Direct Plan,HDFC Mutual Fund
27-09-2013,25.57670,119092,HDFC Money Market Fund - Growth Option - Direct Plan,HDFC Mutual Fund
26-09-2013,25.56910,119092,HDFC Money Market Fund - Growth Option - Direct Plan,HDFC Mutual Fund
25-09-2013,25.56160,119092,HDFC Money Market Fund - Growth Option - Direct Plan,HDFC Mutual Fund
24-09-2013,25.55440,119092,HDFC Money Market Fund - Growth Option - Direct Plan,HDFC Mutual Fund
23-09-2013,25.54720,119092,HDFC Money Market Fund - Growth Option - Direct Plan,HDFC Mutual Fund
22-09-2013,25.53980,119092,HDFC Money Market Fund - Growth Option - Direct Plan,HDFC Mutual Fund
20-09-2013,25.52510,119092,HDFC Money Market Fund - Growth Option - Direct Plan,HDFC Mutual Fund
19-09-2013,25.51680,119092,HDFC Money Market Fund - Growth Option - Direct Plan,HDFC Mutual Fund
18-09-2013,25.50790,119092,HDFC Money Market Fund - Growth Option - Direct Plan,HDFC Mutual Fund
17-09-2013,25.50030,119092,HDFC Money Market Fund - Growth Option - Direct Plan,HDFC Mutual Fund
16-09-2013,25.49270,119092,HDFC Money Market Fund - Growth Option - Direct Plan,HDFC Mutual Fund
15-09-2013,25.48520,119092,HDFC Money Market Fund - Growth Option - Direct Plan,HDFC Mutual Fund
13-09-2013,25.47070,119092,HDFC Money Market Fund - Growth Option - Direct Plan,HDFC Mutual Fund
12-09-2013,25.46320,119092,HDFC Money Market Fund - Growth Option - Direct Plan,HDFC Mutual Fund
11-09-2013,25.45580,119092,HDFC Money Market Fund - Growth Option - Direct Plan,HDFC Mutual Fund
10-09-2013,25.44830,119092,HDFC Money Market Fund - Growth Option - Direct Plan,HDFC Mutual Fund
09-09-2013,25.44080,119092,HDFC Money Market Fund - Growth Option - Direct Plan,HDFC Mutual Fund
06-09-2013,25.41980,119092,HDFC Money Market Fund - Growth Option - Direct Plan,HDFC Mutual Fund
05-09-2013,25.41210,119092,HDFC Money Market Fund - Growth Option - Direct Plan,HDFC Mutual Fund
04-09-2013,25.40300,119092,HDFC Money Market Fund - Growth Option - Direct Plan,HDFC Mutual Fund
03-09-2013,25.39490,119092,HDFC Money Market Fund - Growth Option - Direct Plan,HDFC Mutual Fund
02-09-2013,25.38770,119092,HDFC Money Market Fund - Growth Option - Direct Plan,HDFC Mutual Fund
01-09-2013,25.38040,119092,HDFC Money Market Fund - Growth Option - Direct Plan,HDFC Mutual Fund
30-08-2013,25.36590,119092,HDFC Money Market Fund - Growth Option - Direct Plan,HDFC Mutual Fund
29-08-2013,25.35810,119092,HDFC Money Market Fund - Growth Option - Direct Plan,HDFC Mutual Fund
28-08-2013,25.35070,119092,HDFC Money Market Fund - Growth Option - Direct Plan,HDFC Mutual Fund
27-08-2013,25.34330,119092,HDFC Money Market Fund - Growth Option - Direct Plan,HDFC Mutual Fund
26-08-2013,25.33610,119092,HDFC Money Market Fund - Growth Option - Direct Plan,HDFC Mutual Fund
25-08-2013,25.32890,119092,HDFC Money Market Fund - Growth Option - Direct Plan,HDFC Mutual Fund
23-08-2013,25.31410,119092,HDFC Money Market Fund - Growth Option - Direct Plan,HDFC Mutual Fund
22-08-2013,25.30660,119092,HDFC Money Market Fund - Growth Option - Direct Plan,HDFC Mutual Fund
21-08-2013,25.29930,119092,HDFC Money Market Fund - Growth Option - Direct Plan,HDFC Mutual Fund
20-08-2013,25.29180,119092,HDFC Money Market Fund - Growth Option - Direct Plan,HDFC Mutual Fund
19-08-2013,25.28470,119092,HDFC Money Market Fund - Growth Option - Direct Plan,HDFC Mutual Fund
18-08-2013,25.27770,119092,HDFC Money Market Fund - Growth Option - Direct Plan,HDFC Mutual Fund
16-08-2013,25.26300,119092,HDFC Money Market Fund - Growth Option - Direct Plan,HDFC Mutual Fund
15-08-2013,25.25590,119092,HDFC Money Market Fund - Growth Option - Direct Plan,HDFC Mutual Fund
14-08-2013,25.24860,119092,HDFC Money Market Fund - Growth Option - Direct Plan,HDFC Mutual Fund
13-08-2013,25.24140,119092,HDFC Money Market Fund - Growth Option - Direct Plan,HDFC Mutual Fund
12-08-2013,25.23420,119092,HDFC Money Market Fund - Growth Option - Direct Plan,HDFC Mutual Fund
11-08-2013,25.22780,119092,HDFC Money Market Fund - Growth Option - Direct Plan,HDFC Mutual Fund
08-08-2013,25.20510,119092,HDFC Money Market Fund - Growth Option - Direct Plan,HDFC Mutual Fund
07-08-2013,25.19740,119092,HDFC Money Market Fund - Growth Option - Direct Plan,HDFC Mutual Fund
06-08-2013,25.19040,119092,HDFC Money Market Fund - Growth Option - Direct Plan,HDFC Mutual Fund
05-08-2013,25.18320,119092,HDFC Money Market Fund - Growth Option - Direct Plan,HDFC Mutual Fund
04-08-2013,25.17480,119092,HDFC Money Market Fund - Growth Option - Direct Plan,HDFC Mutual Fund
02-08-2013,25.16070,119092,HDFC Money Market Fund - Growth Option - Direct Plan,HDFC Mutual Fund
01-08-2013,25.15360,119092,HDFC Money Market Fund - Growth Option - Direct Plan,HDFC Mutual Fund
31-07-2013,25.14600,119092,HDFC Money Market Fund - Growth Option - Direct Plan,HDFC Mutual Fund
30-07-2013,25.13850,119092,HDFC Money Market Fund - Growth Option - Direct Plan,HDFC Mutual Fund
29-07-2013,25.13100,119092,HDFC Money Market Fund - Growth Option - Direct Plan,HDFC Mutual Fund
28-07-2013,25.12360,119092,HDFC Money Market Fund - Growth Option - Direct Plan,HDFC Mutual Fund
26-07-2013,25.10900,119092,HDFC Money Market Fund - Growth Option - Direct Plan,HDFC Mutual Fund
25-07-2013,25.10120,119092,HDFC Money Market Fund - Growth Option - Direct Plan,HDFC Mutual Fund
24-07-2013,25.09350,119092,HDFC Money Market Fund - Growth Option - Direct Plan,HDFC Mutual Fund
23-07-2013,25.12000,119092,HDFC Money Market Fund - Growth Option - Direct Plan,HDFC Mutual Fund
22-07-2013,25.11570,119092,HDFC Money Market Fund - Growth Option - Direct Plan,HDFC Mutual Fund
21-07-2013,25.10880,119092,HDFC Money Market Fund - Growth Option - Direct Plan,HDFC Mutual Fund
19-07-2013,25.09510,119092,HDFC Money Market Fund - Growth Option - Direct Plan,HDFC Mutual Fund
18-07-2013,25.08590,119092,HDFC Money Market Fund - Growth Option - Direct Plan,HDFC Mutual Fund
17-07-2013,25.07470,119092,HDFC Money Market Fund - Growth Option - Direct Plan,HDFC Mutual Fund
16-07-2013,25.06540,119092,HDFC Money Market Fund - Growth Option - Direct Plan,HDFC Mutual Fund
15-07-2013,25.12250,119092,HDFC Money Market Fund - Growth Option - Direct Plan,HDFC Mutual Fund
14-07-2013,25.11700,119092,HDFC Money Market Fund - Growth Option - Direct Plan,HDFC Mutual Fund
12-07-2013,25.10640,119092,HDFC Money Market Fund - Growth Option - Direct Plan,HDFC Mutual Fund
11-07-2013,25.10040,119092,HDFC Money Market Fund - Growth Option - Direct Plan,HDFC Mutual Fund
10-07-2013,25.09480,119092,HDFC Money Market Fund - Growth Option - Direct Plan,HDFC Mutual Fund
09-07-2013,25.08930,119092,HDFC Money Market Fund - Growth Option - Direct Plan,HDFC Mutual Fund
08-07-2013,25.08380,119092,HDFC Money Market Fund - Growth Option - Direct Plan,HDFC Mutual Fund
07-07-2013,25.07830,119092,HDFC Money Market Fund - Growth Option - Direct Plan,HDFC Mutual Fund
05-07-2013,25.06810,119092,HDFC Money Market Fund - Growth Option - Direct Plan,HDFC Mutual Fund
04-07-2013,25.06190,119092,HDFC Money Market Fund - Growth Option - Direct Plan,HDFC Mutual Fund
03-07-2013,25.05620,119092,HDFC Money Market Fund - Growth Option - Direct Plan,HDFC Mutual Fund
02-07-2013,25.05060,119092,HDFC Money Market Fund - Growth Option - Direct Plan,HDFC Mutual Fund
01-07-2013,25.04440,119092,HDFC Money Market Fund - Growth Option - Direct Plan,HDFC Mutual Fund
28-06-2013,25.02570,119092,HDFC Money Market Fund - Growth Option - Direct Plan,HDFC Mutual Fund
27-06-2013,25.01770,119092,HDFC Money Market Fund - Growth Option - Direct Plan,HDFC Mutual Fund
26-06-2013,25.01210,119092,HDFC Money Market Fund - Growth Option - Direct Plan,HDFC Mutual Fund
25-06-2013,25.00650,119092,HDFC Money Market Fund - Growth Option - Direct Plan,HDFC Mutual Fund
24-06-2013,25.00090,119092,HDFC Money Market Fund - Growth Option - Direct Plan,HDFC Mutual Fund
23-06-2013,24.99550,119092,HDFC Money Market Fund - Growth Option - Direct Plan,HDFC Mutual Fund
21-06-2013,24.98440,119092,HDFC Money Market Fund - Growth Option - Direct Plan,HDFC Mutual Fund
20-06-2013,24.97880,119092,HDFC Money Market Fund - Growth Option - Direct Plan,HDFC Mutual Fund
19-06-2013,24.97330,119092,HDFC Money Market Fund - Growth Option - Direct Plan,HDFC Mutual Fund
18-06-2013,24.96780,119092,HDFC Money Market Fund - Growth Option - Direct Plan,HDFC Mutual Fund
17-06-2013,24.96220,119092,HDFC Money Market Fund - Growth Option - Direct Plan,HDFC Mutual Fund
16-06-2013,24.95670,119092,HDFC Money Market Fund - Growth Option - Direct Plan,HDFC Mutual Fund
14-06-2013,24.94550,119092,HDFC Money Market Fund - Growth Option - Direct Plan,HDFC Mutual Fund
13-06-2013,24.94020,119092,HDFC Money Market Fund - Growth Option - Direct Plan,HDFC Mutual Fund
12-06-2013,24.93470,119092,HDFC Money Market Fund - Growth Option - Direct Plan,HDFC Mutual Fund
11-06-2013,24.92920,119092,HDFC Money Market Fund - Growth Option - Direct Plan,HDFC Mutual Fund
10-06-2013,24.92370,119092,HDFC Money Market Fund - Growth Option - Direct Plan,HDFC Mutual Fund
09-06-2013,24.91820,119092,HDFC Money Market Fund - Growth Option - Direct Plan,HDFC Mutual Fund
07-06-2013,24.90700,119092,HDFC Money Market Fund - Growth Option - Direct Plan,HDFC Mutual Fund
06-06-2013,24.90140,119092,HDFC Money Market Fund - Growth Option - Direct Plan,HDFC Mutual Fund
05-06-2013,24.89580,119092,HDFC Money Market Fund - Growth Option - Direct Plan,HDFC Mutual Fund
04-06-2013,24.89030,119092,HDFC Money Market Fund - Growth Option - Direct Plan,HDFC Mutual Fund
03-06-2013,24.88470,119092,HDFC Money Market Fund - Growth Option - Direct Plan,HDFC Mutual Fund
02-06-2013,24.87910,119092,HDFC Money Market Fund - Growth Option - Direct Plan,HDFC Mutual Fund
31-05-2013,24.86790,119092,HDFC Money Market Fund - Growth Option - Direct Plan,HDFC Mutual Fund
30-05-2013,24.86240,119092,HDFC Money Market Fund - Growth Option - Direct Plan,HDFC Mutual Fund
29-05-2013,24.85680,119092,HDFC Money Market Fund - Growth Option - Direct Plan,HDFC Mutual Fund
28-05-2013,24.85110,119092,HDFC Money Market Fund - Growth Option - Direct Plan,HDFC Mutual Fund
27-05-2013,24.84550,119092,HDFC Money Market Fund - Growth Option - Direct Plan,HDFC Mutual Fund
26-05-2013,24.83980,119092,HDFC Money Market Fund - Growth Option - Direct Plan,HDFC Mutual Fund
24-05-2013,24.82850,119092,HDFC Money Market Fund - Growth Option - Direct Plan,HDFC Mutual Fund
23-05-2013,24.82300,119092,HDFC Money Market Fund - Growth Option - Direct Plan,HDFC Mutual Fund
22-05-2013,24.81740,119092,HDFC Money Market Fund - Growth Option - Direct Plan,HDFC Mutual Fund
21-05-2013,24.81180,119092,HDFC Money Market Fund - Growth Option - Direct Plan,HDFC Mutual Fund
20-05-2013,24.80610,119092,HDFC Money Market Fund - Growth Option - Direct Plan,HDFC Mutual Fund
19-05-2013,24.80040,119092,HDFC Money Market Fund - Growth Option - Direct Plan,HDFC Mutual Fund
17-05-2013,24.78910,119092,HDFC Money Market Fund - Growth Option - Direct Plan,HDFC Mutual Fund
16-05-2013,24.78330,119092,HDFC Money Market Fund - Growth Option - Direct Plan,HDFC Mutual Fund
15-05-2013,24.77760,119092,HDFC Money Market Fund - Growth Option - Direct Plan,HDFC Mutual Fund
14-05-2013,24.77180,119092,HDFC Money Market Fund - Growth Option - Direct Plan,HDFC Mutual Fund
13-05-2013,24.76610,119092,HDFC Money Market Fund - Growth Option - Direct Plan,HDFC Mutual Fund
12-05-2013,24.76040,119092,HDFC Money Market Fund - Growth Option - Direct Plan,HDFC Mutual Fund
10-05-2013,24.74910,119092,HDFC Money Market Fund - Growth Option - Direct Plan,HDFC Mutual Fund
09-05-2013,24.74320,119092,HDFC Money Market Fund - Growth Option - Direct Plan,HDFC Mutual Fund
08-05-2013,24.73750,119092,HDFC Money Market Fund - Growth Option - Direct Plan,HDFC Mutual Fund
07-05-2013,24.73180,119092,HDFC Money Market Fund - Growth Option - Direct Plan,HDFC Mutual Fund
06-05-2013,24.72600,119092,HDFC Money Market Fund - Growth Option - Direct Plan,HDFC Mutual Fund
05-05-2013,24.72030,119092,HDFC Money Market Fund - Growth Option - Direct Plan,HDFC Mutual Fund
03-05-2013,24.70880,119092,HDFC Money Market Fund - Growth Option - Direct Plan,HDFC Mutual Fund
02-05-2013,24.70290,119092,HDFC Money Market Fund - Growth Option - Direct Plan,HDFC Mutual Fund
01-05-2013,24.69710,119092,HDFC Money Market Fund - Growth Option - Direct Plan,HDFC Mutual Fund
30-04-2013,24.69130,119092,HDFC Money Market Fund - Growth Option - Direct Plan,HDFC Mutual Fund
29-04-2013,24.68550,119092,HDFC Money Market Fund - Growth Option - Direct Plan,HDFC Mutual Fund
28-04-2013,24.67960,119092,HDFC Money Market Fund - Growth Option - Direct Plan,HDFC Mutual Fund
26-04-2013,24.66810,119092,HDFC Money Market Fund - Growth Option - Direct Plan,HDFC Mutual Fund
25-04-2013,24.66230,119092,HDFC Money Market Fund - Growth Option - Direct Plan,HDFC Mutual Fund
24-04-2013,24.65650,119092,HDFC Money Market Fund - Growth Option - Direct Plan,HDFC Mutual Fund
23-04-2013,24.65070,119092,HDFC Money Market Fund - Growth Option - Direct Plan,HDFC Mutual Fund
22-04-2013,24.64500,119092,HDFC Money Market Fund - Growth Option - Direct Plan,HDFC Mutual Fund
21-04-2013,24.63920,119092,HDFC Money Market Fund - Growth Option - Direct Plan,HDFC Mutual Fund
18-04-2013,24.62190,119092,HDFC Money Market Fund - Growth Option - Direct Plan,HDFC Mutual Fund
17-04-2013,24.61610,119092,HDFC Money Market Fund - Growth Option - Direct Plan,HDFC Mutual Fund
16-04-2013,24.61030,119092,HDFC Money Market Fund - Growth Option - Direct Plan,HDFC Mutual Fund
15-04-2013,24.60450,119092,HDFC Money Market Fund - Growth Option - Direct Plan,HDFC Mutual Fund
14-04-2013,24.59860,119092,HDFC Money Market Fund - Growth Option - Direct Plan,HDFC Mutual Fund
12-04-2013,24.58720,119092,HDFC Money Market Fund - Growth Option - Direct Plan,HDFC Mutual Fund
11-04-2013,24.58150,119092,HDFC Money Market Fund - Growth Option - Direct Plan,HDFC Mutual Fund
10-04-2013,24.57580,119092,HDFC Money Market Fund - Growth Option - Direct Plan,HDFC Mutual Fund
09-04-2013,24.57020,119092,HDFC Money Market Fund - Growth Option - Direct Plan,HDFC Mutual Fund
08-04-2013,24.56450,119092,HDFC Money Market Fund - Growth Option - Direct Plan,HDFC Mutual Fund
07-04-2013,24.55900,119092,HDFC Money Market Fund - Growth Option - Direct Plan,HDFC Mutual Fund
05-04-2013,24.54800,119092,HDFC Money Market Fund - Growth Option - Direct Plan,HDFC Mutual Fund
04-04-2013,24.54190,119092,HDFC Money Market Fund - Growth Option - Direct Plan,HDFC Mutual Fund
03-04-2013,24.53630,119092,HDFC Money Market Fund - Growth Option - Direct Plan,HDFC Mutual Fund
02-04-2013,24.52940,119092,HDFC Money Market Fund - Growth Option - Direct Plan,HDFC Mutual Fund
01-04-2013,24.51630,119092,HDFC Money Market Fund - Growth Option - Direct Plan,HDFC Mutual Fund
28-03-2013,24.47950,119092,HDFC Money Market Fund - Growth Option - Direct Plan,HDFC Mutual Fund
27-03-2013,24.46990,119092,HDFC Money Market Fund - Growth Option - Direct Plan,HDFC Mutual Fund
26-03-2013,24.46400,119092,HDFC Money Market Fund - Growth Option - Direct Plan,HDFC Mutual Fund
25-03-2013,24.45770,119092,HDFC Money Market Fund - Growth Option - Direct Plan,HDFC Mutual Fund
24-03-2013,24.45180,119092,HDFC Money Market Fund - Growth Option - Direct Plan,HDFC Mutual Fund
22-03-2013,24.44020,119092,HDFC Money Market Fund - Growth Option - Direct Plan,HDFC Mutual Fund
21-03-2013,24.43440,119092,HDFC Money Market Fund - Growth Option - Direct Plan,HDFC Mutual Fund
20-03-2013,24.42870,119092,HDFC Money Market Fund - Growth Option - Direct Plan,HDFC Mutual Fund
19-03-2013,24.42300,119092,HDFC Money Market Fund - Growth Option - Direct Plan,HDFC Mutual Fund
18-03-2013,24.41720,119092,HDFC Money Market Fund - Growth Option - Direct Plan,HDFC Mutual Fund
17-03-2013,24.41120,119092,HDFC Money Market Fund - Growth Option - Direct Plan,HDFC Mutual Fund
15-03-2013,24.39950,119092,HDFC Money Market Fund - Growth Option - Direct Plan,HDFC Mutual Fund
14-03-2013,24.39390,119092,HDFC Money Market Fund - Growth Option - Direct Plan,HDFC Mutual Fund
13-03-2013,24.38820,119092,HDFC Money Market Fund - Growth Option - Direct Plan,HDFC Mutual Fund
12-03-2013,24.38270,119092,HDFC Money Market Fund - Growth Option - Direct Plan,HDFC Mutual Fund
11-03-2013,24.37700,119092,HDFC Money Market Fund - Growth Option - Direct Plan,HDFC Mutual Fund
10-03-2013,24.37140,119092,HDFC Money Market Fund - Growth Option - Direct Plan,HDFC Mutual Fund
08-03-2013,24.36010,119092,HDFC Money Market Fund - Growth Option - Direct Plan,HDFC Mutual Fund
07-03-2013,24.35460,119092,HDFC Money Market Fund - Growth Option - Direct Plan,HDFC Mutual Fund
06-03-2013,24.34890,119092,HDFC Money Market Fund - Growth Option - Direct Plan,HDFC Mutual Fund
05-03-2013,24.34330,119092,HDFC Money Market Fund - Growth Option - Direct Plan,HDFC Mutual Fund
04-03-2013,24.33770,119092,HDFC Money Market Fund - Growth Option - Direct Plan,HDFC Mutual Fund
03-03-2013,24.33220,119092,HDFC Money Market Fund - Growth Option - Direct Plan,HDFC Mutual Fund
01-03-2013,24.32120,119092,HDFC Money Market Fund - Growth Option - Direct Plan,HDFC Mutual Fund
28-02-2013,24.31570,119092,HDFC Money Market Fund - Growth Option - Direct Plan,HDFC Mutual Fund
27-02-2013,24.31020,119092,HDFC Money Market Fund - Growth Option - Direct Plan,HDFC Mutual Fund
26-02-2013,24.30470,119092,HDFC Money Market Fund - Growth Option - Direct Plan,HDFC Mutual Fund
25-02-2013,24.29930,119092,HDFC Money Market Fund - Growth Option - Direct Plan,HDFC Mutual Fund
24-02-2013,24.29380,119092,HDFC Money Market Fund - Growth Option - Direct Plan,HDFC Mutual Fund
22-02-2013,24.28280,119092,HDFC Money Market Fund - Growth Option - Direct Plan,HDFC Mutual Fund
21-02-2013,24.27730,119092,HDFC Money Market Fund - Growth Option - Direct Plan,HDFC Mutual Fund
20-02-2013,24.27190,119092,HDFC Money Market Fund - Growth Option - Direct Plan,HDFC Mutual Fund
19-02-2013,24.26640,119092,HDFC Money Market Fund - Growth Option - Direct Plan,HDFC Mutual Fund
18-02-2013,24.26090,119092,HDFC Money Market Fund - Growth Option - Direct Plan,HDFC Mutual Fund
17-02-2013,24.25540,119092,HDFC Money Market Fund - Growth Option - Direct Plan,HDFC Mutual Fund
15-02-2013,24.24460,119092,HDFC Money Market Fund - Growth Option - Direct Plan,HDFC Mutual Fund
14-02-2013,24.23920,119092,HDFC Money Market Fund - Growth Option - Direct Plan,HDFC Mutual Fund
13-02-2013,24.23380,119092,HDFC Money Market Fund - Growth Option - Direct Plan,HDFC Mutual Fund
12-02-2013,24.22840,119092,HDFC Money Market Fund - Growth Option - Direct Plan,HDFC Mutual Fund
11-02-2013,24.22300,119092,HDFC Money Market Fund - Growth Option - Direct Plan,HDFC Mutual Fund
10-02-2013,24.21740,119092,HDFC Money Market Fund - Growth Option - Direct Plan,HDFC Mutual Fund
08-02-2013,24.20670,119092,HDFC Money Market Fund - Growth Option - Direct Plan,HDFC Mutual Fund
07-02-2013,24.20130,119092,HDFC Money Market Fund - Growth Option - Direct Plan,HDFC Mutual Fund
06-02-2013,24.19590,119092,HDFC Money Market Fund - Growth Option - Direct Plan,HDFC Mutual Fund
05-02-2013,24.19030,119092,HDFC Money Market Fund - Growth Option - Direct Plan,HDFC Mutual Fund
04-02-2013,24.18490,119092,HDFC Money Market Fund - Growth Option - Direct Plan,HDFC Mutual Fund
03-02-2013,24.17950,119092,HDFC Money Market Fund - Growth Option - Direct Plan,HDFC Mutual Fund
01-02-2013,24.16860,119092,HDFC Money Market Fund - Growth Option - Direct Plan,HDFC Mutual Fund
31-01-2013,24.16310,119092,HDFC Money Market Fund - Growth Option - Direct Plan,HDFC Mutual Fund
30-01-2013,24.15770,119092,HDFC Money Market Fund - Growth Option - Direct Plan,HDFC Mutual Fund
29-01-2013,24.15220,119092,HDFC Money Market Fund - Growth Option - Direct Plan,HDFC Mutual Fund
28-01-2013,24.14680,119092,HDFC Money Market Fund - Growth Option - Direct Plan,HDFC Mutual Fund
27-01-2013,24.14130,119092,HDFC Money Market Fund - Growth Option - Direct Plan,HDFC Mutual Fund
24-01-2013,24.12490,119092,HDFC Money Market Fund - Growth Option - Direct Plan,HDFC Mutual Fund
23-01-2013,24.11940,119092,HDFC Money Market Fund - Growth Option - Direct Plan,HDFC Mutual Fund
22-01-2013,24.11390,119092,HDFC Money Market Fund - Growth Option - Direct Plan,HDFC Mutual Fund
21-01-2013,24.10840,119092,HDFC Money Market Fund - Growth Option - Direct Plan,HDFC Mutual Fund
20-01-2013,24.10280,119092,HDFC Money Market Fund - Growth Option - Direct Plan,HDFC Mutual Fund
18-01-2013,24.09180,119092,HDFC Money Market Fund - Growth Option - Direct Plan,HDFC Mutual Fund
17-01-2013,24.08630,119092,HDFC Money Market Fund - Growth Option - Direct Plan,HDFC Mutual Fund
16-01-2013,24.08090,119092,HDFC Money Market Fund - Growth Option - Direct Plan,HDFC Mutual Fund
15-01-2013,24.07540,119092,HDFC Money Market Fund - Growth Option - Direct Plan,HDFC Mutual Fund
14-01-2013,24.06980,119092,HDFC Money Market Fund - Growth Option - Direct Plan,HDFC Mutual Fund
13-01-2013,24.06430,119092,HDFC Money Market Fund - Growth Option - Direct Plan,HDFC Mutual Fund
11-01-2013,24.05340,119092,HDFC Money Market Fund - Growth Option - Direct Plan,HDFC Mutual Fund
10-01-2013,24.04790,119092,HDFC Money Market Fund - Growth Option - Direct Plan,HDFC Mutual Fund
09-01-2013,24.04240,119092,HDFC Money Market Fund - Growth Option - Direct Plan,HDFC Mutual Fund
08-01-2013,24.03690,119092,HDFC Money Market Fund - Growth Option - Direct Plan,HDFC Mutual Fund
07-01-2013,24.03140,119092,HDFC Money Market Fund - Growth Option - Direct Plan,HDFC Mutual Fund
06-01-2013,24.02580,119092,HDFC Money Market Fund - Growth Option - Direct Plan,HDFC Mutual Fund
04-01-2013,24.01470,119092,HDFC Money Market Fund - Growth Option - Direct Plan,HDFC Mutual Fund
03-01-2013,24.00920,119092,HDFC Money Market Fund - Growth Option - Direct Plan,HDFC Mutual Fund
02-01-2013,24.00360,119092,HDFC Money Market Fund - Growth Option - Direct Plan,HDFC Mutual Fund
01-01-2013,23.99790,119092,HDFC Money Market Fund - Growth Option - Direct Plan,HDFC Mutual Fund
31-12-2012,23.99200,119092,HDFC Money Market Fund - Growth Option - Direct Plan,HDFC Mutual Fund
